cd_municipio_tse,nm_municipio_tse,sg_uf,chave_nome_normalizada,cd_municipio_ibge,nm_municipio_ibge,metodo,status
01007,BUJARI,AC,bujari,1200138,Bujari,"UF + nome normalizado (caixa, acentos e espaços)",pareamento_unico_por_nome_uf
01015,CAPIXABA,AC,capixaba,1200179,Capixaba,"UF + nome normalizado (caixa, acentos e espaços)",pareamento_unico_por_nome_uf
01023,PORTO ACRE,AC,porto acre,1200807,Porto Acre,"UF + nome normalizado (caixa, acentos e espaços)",pareamento_unico_por_nome_uf
01031,SANTA ROSA DO PURUS,AC,santa rosa do purus,1200435,Santa Rosa do Purus,"UF + nome normalizado (caixa, acentos e espaços)",pareamento_unico_por_nome_uf
01040,MARECHAL THAUMATURGO,AC,marechal thaumaturgo,1200351,Marechal Thaumaturgo,"UF + nome normalizado (caixa, acentos e espaços)",pareamento_unico_por_nome_uf
01058,BRASILÉIA,AC,brasileia,1200104,Brasiléia,"UF + nome normalizado (caixa, acentos e espaços)",pareamento_unico_por_nome_uf
01066,PORTO WALTER,AC,porto walter,1200393,Porto Walter,"UF + nome normalizado (caixa, acentos e espaços)",pareamento_unico_por_nome_uf
01074,CRUZEIRO DO SUL,AC,cruzeiro do sul,1200203,Cruzeiro do Sul,"UF + nome normalizado (caixa, acentos e espaços)",pareamento_unico_por_nome_uf
01082,RODRIGUES ALVES,AC,rodrigues alves,1200427,Rodrigues Alves,"UF + nome normalizado (caixa, acentos e espaços)",pareamento_unico_por_nome_uf
01090,MÂNCIO LIMA,AC,mancio lima,1200336,Mâncio Lima,"UF + nome normalizado (caixa, acentos e espaços)",pareamento_unico_por_nome_uf
01104,JORDÃO,AC,jordao,1200328,Jordão,"UF + nome normalizado (caixa, acentos e espaços)",pareamento_unico_por_nome_uf
01112,EPITACIOLÂNDIA,AC,epitaciolandia,1200252,Epitaciolândia,"UF + nome normalizado (caixa, acentos e espaços)",pareamento_unico_por_nome_uf
01120,ACRELÂNDIA,AC,acrelandia,1200013,Acrelândia,"UF + nome normalizado (caixa, acentos e espaços)",pareamento_unico_por_nome_uf
01139,FEIJÓ,AC,feijo,1200302,Feijó,"UF + nome normalizado (caixa, acentos e espaços)",pareamento_unico_por_nome_uf
01392,RIO BRANCO,AC,rio branco,1200401,Rio Branco,"UF + nome normalizado (caixa, acentos e espaços)",pareamento_unico_por_nome_uf
01457,SENA MADUREIRA,AC,sena madureira,1200500,Sena Madureira,"UF + nome normalizado (caixa, acentos e espaços)",pareamento_unico_por_nome_uf
01473,TARAUACÁ,AC,tarauaca,1200609,Tarauacá,"UF + nome normalizado (caixa, acentos e espaços)",pareamento_unico_por_nome_uf
01490,XAPURI,AC,xapuri,1200708,Xapuri,"UF + nome normalizado (caixa, acentos e espaços)",pareamento_unico_por_nome_uf
01511,PLÁCIDO DE CASTRO,AC,placido de castro,1200385,Plácido de Castro,"UF + nome normalizado (caixa, acentos e espaços)",pareamento_unico_por_nome_uf
01538,SENADOR GUIOMARD,AC,senador guiomard,1200450,Senador Guiomard,"UF + nome normalizado (caixa, acentos e espaços)",pareamento_unico_por_nome_uf
01554,MANOEL URBANO,AC,manoel urbano,1200344,Manoel Urbano,"UF + nome normalizado (caixa, acentos e espaços)",pareamento_unico_por_nome_uf
01570,ASSIS BRASIL,AC,assis brasil,1200054,Assis Brasil,"UF + nome normalizado (caixa, acentos e espaços)",pareamento_unico_por_nome_uf
27006,PARIPUEIRA,AL,paripueira,2706448,Paripueira,"UF + nome normalizado (caixa, acentos e espaços)",pareamento_unico_por_nome_uf
27014,ÁGUA BRANCA,AL,agua branca,2700102,Água Branca,"UF + nome normalizado (caixa, acentos e espaços)",pareamento_unico_por_nome_uf
27022,PARICONHA,AL,pariconha,2706422,Pariconha,"UF + nome normalizado (caixa, acentos e espaços)",pareamento_unico_por_nome_uf
27030,ANADIA,AL,anadia,2700201,Anadia,"UF + nome normalizado (caixa, acentos e espaços)",pareamento_unico_por_nome_uf
27049,ESTRELA DE ALAGOAS,AL,estrela de alagoas,2702553,Estrela de Alagoas,"UF + nome normalizado (caixa, acentos e espaços)",pareamento_unico_por_nome_uf
27057,ARAPIRACA,AL,arapiraca,2700300,Arapiraca,"UF + nome normalizado (caixa, acentos e espaços)",pareamento_unico_por_nome_uf
27065,JEQUIÁ DA PRAIA,AL,jequia da praia,2703759,Jequiá da Praia,"UF + nome normalizado (caixa, acentos e espaços)",pareamento_unico_por_nome_uf
27073,ATALAIA,AL,atalaia,2700409,Atalaia,"UF + nome normalizado (caixa, acentos e espaços)",pareamento_unico_por_nome_uf
27081,CAMPESTRE,AL,campestre,2701357,Campestre,"UF + nome normalizado (caixa, acentos e espaços)",pareamento_unico_por_nome_uf
27090,BARRA DE SANTO ANTÔNIO,AL,barra de santo antonio,2700508,Barra de Santo Antônio,"UF + nome normalizado (caixa, acentos e espaços)",pareamento_unico_por_nome_uf
27111,BARRA DE SÃO MIGUEL,AL,barra de sao miguel,2700607,Barra de São Miguel,"UF + nome normalizado (caixa, acentos e espaços)",pareamento_unico_por_nome_uf
27138,BATALHA,AL,batalha,2700706,Batalha,"UF + nome normalizado (caixa, acentos e espaços)",pareamento_unico_por_nome_uf
27154,BELÉM,AL,belem,2700805,Belém,"UF + nome normalizado (caixa, acentos e espaços)",pareamento_unico_por_nome_uf
27170,BELO MONTE,AL,belo monte,2700904,Belo Monte,"UF + nome normalizado (caixa, acentos e espaços)",pareamento_unico_por_nome_uf
27197,BOCA DA MATA,AL,boca da mata,2701001,Boca da Mata,"UF + nome normalizado (caixa, acentos e espaços)",pareamento_unico_por_nome_uf
27219,BRANQUINHA,AL,branquinha,2701100,Branquinha,"UF + nome normalizado (caixa, acentos e espaços)",pareamento_unico_por_nome_uf
27235,CACIMBINHAS,AL,cacimbinhas,2701209,Cacimbinhas,"UF + nome normalizado (caixa, acentos e espaços)",pareamento_unico_por_nome_uf
27251,CAJUEIRO,AL,cajueiro,2701308,Cajueiro,"UF + nome normalizado (caixa, acentos e espaços)",pareamento_unico_por_nome_uf
27278,CAMPO ALEGRE,AL,campo alegre,2701407,Campo Alegre,"UF + nome normalizado (caixa, acentos e espaços)",pareamento_unico_por_nome_uf
27294,CAMPO GRANDE,AL,campo grande,2701506,Campo Grande,"UF + nome normalizado (caixa, acentos e espaços)",pareamento_unico_por_nome_uf
27316,CANAPI,AL,canapi,2701605,Canapi,"UF + nome normalizado (caixa, acentos e espaços)",pareamento_unico_por_nome_uf
27332,CAPELA,AL,capela,2701704,Capela,"UF + nome normalizado (caixa, acentos e espaços)",pareamento_unico_por_nome_uf
27359,CARNEIROS,AL,carneiros,2701803,Carneiros,"UF + nome normalizado (caixa, acentos e espaços)",pareamento_unico_por_nome_uf
27375,CHÃ PRETA,AL,cha preta,2701902,Chã Preta,"UF + nome normalizado (caixa, acentos e espaços)",pareamento_unico_por_nome_uf
27391,COITÉ DO NÓIA,AL,coite do noia,2702009,Coité do Nóia,"UF + nome normalizado (caixa, acentos e espaços)",pareamento_unico_por_nome_uf
27413,COLÔNIA LEOPOLDINA,AL,colonia leopoldina,2702108,Colônia Leopoldina,"UF + nome normalizado (caixa, acentos e espaços)",pareamento_unico_por_nome_uf
27430,COQUEIRO SECO,AL,coqueiro seco,2702207,Coqueiro Seco,"UF + nome normalizado (caixa, acentos e espaços)",pareamento_unico_por_nome_uf
27456,CORURIPE,AL,coruripe,2702306,Coruripe,"UF + nome normalizado (caixa, acentos e espaços)",pareamento_unico_por_nome_uf
27472,DELMIRO GOUVEIA,AL,delmiro gouveia,2702405,Delmiro Gouveia,"UF + nome normalizado (caixa, acentos e espaços)",pareamento_unico_por_nome_uf
27499,DOIS RIACHOS,AL,dois riachos,2702504,Dois Riachos,"UF + nome normalizado (caixa, acentos e espaços)",pareamento_unico_por_nome_uf
27510,FEIRA GRANDE,AL,feira grande,2702603,Feira Grande,"UF + nome normalizado (caixa, acentos e espaços)",pareamento_unico_por_nome_uf
27537,FELIZ DESERTO,AL,feliz deserto,2702702,Feliz Deserto,"UF + nome normalizado (caixa, acentos e espaços)",pareamento_unico_por_nome_uf
27553,FLEXEIRAS,AL,flexeiras,2702801,Flexeiras,"UF + nome normalizado (caixa, acentos e espaços)",pareamento_unico_por_nome_uf
27570,GIRAU DO PONCIANO,AL,girau do ponciano,2702900,Girau do Ponciano,"UF + nome normalizado (caixa, acentos e espaços)",pareamento_unico_por_nome_uf
27596,IBATEGUARA,AL,ibateguara,2703007,Ibateguara,"UF + nome normalizado (caixa, acentos e espaços)",pareamento_unico_por_nome_uf
27618,IGACI,AL,igaci,2703106,Igaci,"UF + nome normalizado (caixa, acentos e espaços)",pareamento_unico_por_nome_uf
27634,IGREJA NOVA,AL,igreja nova,2703205,Igreja Nova,"UF + nome normalizado (caixa, acentos e espaços)",pareamento_unico_por_nome_uf
27650,INHAPI,AL,inhapi,2703304,Inhapi,"UF + nome normalizado (caixa, acentos e espaços)",pareamento_unico_por_nome_uf
27677,JACARÉ DOS HOMENS,AL,jacare dos homens,2703403,Jacaré dos Homens,"UF + nome normalizado (caixa, acentos e espaços)",pareamento_unico_por_nome_uf
27693,JACUÍPE,AL,jacuipe,2703502,Jacuípe,"UF + nome normalizado (caixa, acentos e espaços)",pareamento_unico_por_nome_uf
27715,JAPARATINGA,AL,japaratinga,2703601,Japaratinga,"UF + nome normalizado (caixa, acentos e espaços)",pareamento_unico_por_nome_uf
27731,JARAMATAIA,AL,jaramataia,2703700,Jaramataia,"UF + nome normalizado (caixa, acentos e espaços)",pareamento_unico_por_nome_uf
27758,JOAQUIM GOMES,AL,joaquim gomes,2703809,Joaquim Gomes,"UF + nome normalizado (caixa, acentos e espaços)",pareamento_unico_por_nome_uf
27774,JUNDIÁ,AL,jundia,2703908,Jundiá,"UF + nome normalizado (caixa, acentos e espaços)",pareamento_unico_por_nome_uf
27790,JUNQUEIRO,AL,junqueiro,2704005,Junqueiro,"UF + nome normalizado (caixa, acentos e espaços)",pareamento_unico_por_nome_uf
27812,LAGOA DA CANOA,AL,lagoa da canoa,2704104,Lagoa da Canoa,"UF + nome normalizado (caixa, acentos e espaços)",pareamento_unico_por_nome_uf
27839,LIMOEIRO DE ANADIA,AL,limoeiro de anadia,2704203,Limoeiro de Anadia,"UF + nome normalizado (caixa, acentos e espaços)",pareamento_unico_por_nome_uf
27855,MACEIÓ,AL,maceio,2704302,Maceió,"UF + nome normalizado (caixa, acentos e espaços)",pareamento_unico_por_nome_uf
27871,MAJOR ISIDORO,AL,major isidoro,2704401,Major Isidoro,"UF + nome normalizado (caixa, acentos e espaços)",pareamento_unico_por_nome_uf
27898,MARAGOGI,AL,maragogi,2704500,Maragogi,"UF + nome normalizado (caixa, acentos e espaços)",pareamento_unico_por_nome_uf
27910,MARAVILHA,AL,maravilha,2704609,Maravilha,"UF + nome normalizado (caixa, acentos e espaços)",pareamento_unico_por_nome_uf
27936,MARECHAL DEODORO,AL,marechal deodoro,2704708,Marechal Deodoro,"UF + nome normalizado (caixa, acentos e espaços)",pareamento_unico_por_nome_uf
27952,MARIBONDO,AL,maribondo,2704807,Maribondo,"UF + nome normalizado (caixa, acentos e espaços)",pareamento_unico_por_nome_uf
27979,MAR VERMELHO,AL,mar vermelho,2704906,Mar Vermelho,"UF + nome normalizado (caixa, acentos e espaços)",pareamento_unico_por_nome_uf
27995,MATA GRANDE,AL,mata grande,2705002,Mata Grande,"UF + nome normalizado (caixa, acentos e espaços)",pareamento_unico_por_nome_uf
28010,MATRIZ DE CAMARAGIBE,AL,matriz de camaragibe,2705101,Matriz de Camaragibe,"UF + nome normalizado (caixa, acentos e espaços)",pareamento_unico_por_nome_uf
28037,MESSIAS,AL,messias,2705200,Messias,"UF + nome normalizado (caixa, acentos e espaços)",pareamento_unico_por_nome_uf
28053,MINADOR DO NEGRÃO,AL,minador do negrao,2705309,Minador do Negrão,"UF + nome normalizado (caixa, acentos e espaços)",pareamento_unico_por_nome_uf
28070,MONTEIRÓPOLIS,AL,monteiropolis,2705408,Monteirópolis,"UF + nome normalizado (caixa, acentos e espaços)",pareamento_unico_por_nome_uf
28096,MURICI,AL,murici,2705507,Murici,"UF + nome normalizado (caixa, acentos e espaços)",pareamento_unico_por_nome_uf
28118,NOVO LINO,AL,novo lino,2705606,Novo Lino,"UF + nome normalizado (caixa, acentos e espaços)",pareamento_unico_por_nome_uf
28134,OLHO D ÁGUA DAS FLORES,AL,olho d agua das flores,,,"UF + nome normalizado (caixa, acentos e espaços)",sem_pareamento_exato
28150,OLHO D ÁGUA DO CASADO,AL,olho d agua do casado,,,"UF + nome normalizado (caixa, acentos e espaços)",sem_pareamento_exato
28177,OLHO D ÁGUA GRANDE,AL,olho d agua grande,,,"UF + nome normalizado (caixa, acentos e espaços)",sem_pareamento_exato
28193,OLIVENÇA,AL,olivenca,2706000,Olivença,"UF + nome normalizado (caixa, acentos e espaços)",pareamento_unico_por_nome_uf
28215,OURO BRANCO,AL,ouro branco,2706109,Ouro Branco,"UF + nome normalizado (caixa, acentos e espaços)",pareamento_unico_por_nome_uf
28231,PALESTINA,AL,palestina,2706208,Palestina,"UF + nome normalizado (caixa, acentos e espaços)",pareamento_unico_por_nome_uf
28258,PALMEIRA DOS ÍNDIOS,AL,palmeira dos indios,2706307,Palmeira dos Índios,"UF + nome normalizado (caixa, acentos e espaços)",pareamento_unico_por_nome_uf
28274,PÃO DE AÇÚCAR,AL,pao de acucar,2706406,Pão de Açúcar,"UF + nome normalizado (caixa, acentos e espaços)",pareamento_unico_por_nome_uf
28290,PASSO DE CAMARAGIBE,AL,passo de camaragibe,2706505,Passo de Camaragibe,"UF + nome normalizado (caixa, acentos e espaços)",pareamento_unico_por_nome_uf
28312,PAULO JACINTO,AL,paulo jacinto,2706604,Paulo Jacinto,"UF + nome normalizado (caixa, acentos e espaços)",pareamento_unico_por_nome_uf
28339,PENEDO,AL,penedo,2706703,Penedo,"UF + nome normalizado (caixa, acentos e espaços)",pareamento_unico_por_nome_uf
28355,PIAÇABUÇU,AL,piacabucu,2706802,Piaçabuçu,"UF + nome normalizado (caixa, acentos e espaços)",pareamento_unico_por_nome_uf
28371,PILAR,AL,pilar,2706901,Pilar,"UF + nome normalizado (caixa, acentos e espaços)",pareamento_unico_por_nome_uf
28398,PINDOBA,AL,pindoba,2707008,Pindoba,"UF + nome normalizado (caixa, acentos e espaços)",pareamento_unico_por_nome_uf
28410,PIRANHAS,AL,piranhas,2707107,Piranhas,"UF + nome normalizado (caixa, acentos e espaços)",pareamento_unico_por_nome_uf
28436,POÇO DAS TRINCHEIRAS,AL,poco das trincheiras,2707206,Poço das Trincheiras,"UF + nome normalizado (caixa, acentos e espaços)",pareamento_unico_por_nome_uf
28452,PORTO CALVO,AL,porto calvo,2707305,Porto Calvo,"UF + nome normalizado (caixa, acentos e espaços)",pareamento_unico_por_nome_uf
28479,PORTO DE PEDRAS,AL,porto de pedras,2707404,Porto de Pedras,"UF + nome normalizado (caixa, acentos e espaços)",pareamento_unico_por_nome_uf
28495,PORTO REAL DO COLÉGIO,AL,porto real do colegio,2707503,Porto Real do Colégio,"UF + nome normalizado (caixa, acentos e espaços)",pareamento_unico_por_nome_uf
28517,QUEBRANGULO,AL,quebrangulo,2707602,Quebrangulo,"UF + nome normalizado (caixa, acentos e espaços)",pareamento_unico_por_nome_uf
28533,RIO LARGO,AL,rio largo,2707701,Rio Largo,"UF + nome normalizado (caixa, acentos e espaços)",pareamento_unico_por_nome_uf
28550,ROTEIRO,AL,roteiro,2707800,Roteiro,"UF + nome normalizado (caixa, acentos e espaços)",pareamento_unico_por_nome_uf
28576,SANTA LUZIA DO NORTE,AL,santa luzia do norte,2707909,Santa Luzia do Norte,"UF + nome normalizado (caixa, acentos e espaços)",pareamento_unico_por_nome_uf
28592,SANTANA DO IPANEMA,AL,santana do ipanema,2708006,Santana do Ipanema,"UF + nome normalizado (caixa, acentos e espaços)",pareamento_unico_por_nome_uf
28614,SANTANA DO MUNDAÚ,AL,santana do mundau,2708105,Santana do Mundaú,"UF + nome normalizado (caixa, acentos e espaços)",pareamento_unico_por_nome_uf
28630,SÃO BRÁS,AL,sao bras,2708204,São Brás,"UF + nome normalizado (caixa, acentos e espaços)",pareamento_unico_por_nome_uf
28657,SÃO JOSÉ DA LAJE,AL,sao jose da laje,2708303,São José da Laje,"UF + nome normalizado (caixa, acentos e espaços)",pareamento_unico_por_nome_uf
28673,SÃO JOSÉ DA TAPERA,AL,sao jose da tapera,2708402,São José da Tapera,"UF + nome normalizado (caixa, acentos e espaços)",pareamento_unico_por_nome_uf
28690,SÃO LUÍS DO QUITUNDE,AL,sao luis do quitunde,2708501,São Luís do Quitunde,"UF + nome normalizado (caixa, acentos e espaços)",pareamento_unico_por_nome_uf
28711,SÃO MIGUEL DOS CAMPOS,AL,sao miguel dos campos,2708600,São Miguel dos Campos,"UF + nome normalizado (caixa, acentos e espaços)",pareamento_unico_por_nome_uf
28738,SÃO MIGUEL DOS MILAGRES,AL,sao miguel dos milagres,2708709,São Miguel dos Milagres,"UF + nome normalizado (caixa, acentos e espaços)",pareamento_unico_por_nome_uf
28754,SÃO SEBASTIÃO,AL,sao sebastiao,2708808,São Sebastião,"UF + nome normalizado (caixa, acentos e espaços)",pareamento_unico_por_nome_uf
28770,SATUBA,AL,satuba,2708907,Satuba,"UF + nome normalizado (caixa, acentos e espaços)",pareamento_unico_por_nome_uf
28797,TANQUE D ARCA,AL,tanque d arca,,,"UF + nome normalizado (caixa, acentos e espaços)",sem_pareamento_exato
28819,TAQUARANA,AL,taquarana,2709103,Taquarana,"UF + nome normalizado (caixa, acentos e espaços)",pareamento_unico_por_nome_uf
28835,TRAIPU,AL,traipu,2709202,Traipu,"UF + nome normalizado (caixa, acentos e espaços)",pareamento_unico_por_nome_uf
28851,UNIÃO DOS PALMARES,AL,uniao dos palmares,2709301,União dos Palmares,"UF + nome normalizado (caixa, acentos e espaços)",pareamento_unico_por_nome_uf
28878,VIÇOSA,AL,vicosa,2709400,Viçosa,"UF + nome normalizado (caixa, acentos e espaços)",pareamento_unico_por_nome_uf
28894,CRAÍBAS,AL,craibas,2702355,Craíbas,"UF + nome normalizado (caixa, acentos e espaços)",pareamento_unico_por_nome_uf
28916,SENADOR RUI PALMEIRA,AL,senador rui palmeira,2708956,Senador Rui Palmeira,"UF + nome normalizado (caixa, acentos e espaços)",pareamento_unico_por_nome_uf
28932,TEOTÔNIO VILELA,AL,teotonio vilela,2709152,Teotônio Vilela,"UF + nome normalizado (caixa, acentos e espaços)",pareamento_unico_por_nome_uf
02003,APUÍ,AM,apui,1300144,Apuí,"UF + nome normalizado (caixa, acentos e espaços)",pareamento_unico_por_nome_uf
02011,NOVO AIRÃO,AM,novo airao,1303205,Novo Airão,"UF + nome normalizado (caixa, acentos e espaços)",pareamento_unico_por_nome_uf
02020,GUAJARÁ,AM,guajara,1301654,Guajará,"UF + nome normalizado (caixa, acentos e espaços)",pareamento_unico_por_nome_uf
02038,ANORI,AM,anori,1300102,Anori,"UF + nome normalizado (caixa, acentos e espaços)",pareamento_unico_por_nome_uf
02046,CAREIRO DA VÁRZEA,AM,careiro da varzea,1301159,Careiro da Várzea,"UF + nome normalizado (caixa, acentos e espaços)",pareamento_unico_por_nome_uf
02054,ATALAIA DO NORTE,AM,atalaia do norte,1300201,Atalaia do Norte,"UF + nome normalizado (caixa, acentos e espaços)",pareamento_unico_por_nome_uf
02070,AUTAZES,AM,autazes,1300300,Autazes,"UF + nome normalizado (caixa, acentos e espaços)",pareamento_unico_por_nome_uf
02097,BARCELOS,AM,barcelos,1300409,Barcelos,"UF + nome normalizado (caixa, acentos e espaços)",pareamento_unico_por_nome_uf
02119,BARREIRINHA,AM,barreirinha,1300508,Barreirinha,"UF + nome normalizado (caixa, acentos e espaços)",pareamento_unico_por_nome_uf
02135,BENJAMIN CONSTANT,AM,benjamin constant,1300607,Benjamin Constant,"UF + nome normalizado (caixa, acentos e espaços)",pareamento_unico_por_nome_uf
02151,BOCA DO ACRE,AM,boca do acre,1300706,Boca do Acre,"UF + nome normalizado (caixa, acentos e espaços)",pareamento_unico_por_nome_uf
02178,BORBA,AM,borba,1300805,Borba,"UF + nome normalizado (caixa, acentos e espaços)",pareamento_unico_por_nome_uf
02194,CANUTAMA,AM,canutama,1300904,Canutama,"UF + nome normalizado (caixa, acentos e espaços)",pareamento_unico_por_nome_uf
02216,CARAUARI,AM,carauari,1301001,Carauari,"UF + nome normalizado (caixa, acentos e espaços)",pareamento_unico_por_nome_uf
02232,CAREIRO,AM,careiro,1301100,Careiro,"UF + nome normalizado (caixa, acentos e espaços)",pareamento_unico_por_nome_uf
02259,COARI,AM,coari,1301209,Coari,"UF + nome normalizado (caixa, acentos e espaços)",pareamento_unico_por_nome_uf
02275,CODAJÁS,AM,codajas,1301308,Codajás,"UF + nome normalizado (caixa, acentos e espaços)",pareamento_unico_por_nome_uf
02291,EIRUNEPÉ,AM,eirunepe,1301407,Eirunepé,"UF + nome normalizado (caixa, acentos e espaços)",pareamento_unico_por_nome_uf
02313,ENVIRA,AM,envira,1301506,Envira,"UF + nome normalizado (caixa, acentos e espaços)",pareamento_unico_por_nome_uf
02330,FONTE BOA,AM,fonte boa,1301605,Fonte Boa,"UF + nome normalizado (caixa, acentos e espaços)",pareamento_unico_por_nome_uf
02356,HUMAITÁ,AM,humaita,1301704,Humaitá,"UF + nome normalizado (caixa, acentos e espaços)",pareamento_unico_por_nome_uf
02372,SANTA ISABEL DO RIO NEGRO,AM,santa isabel do rio negro,1303601,Santa Isabel do Rio Negro,"UF + nome normalizado (caixa, acentos e espaços)",pareamento_unico_por_nome_uf
02399,IPIXUNA,AM,ipixuna,1301803,Ipixuna,"UF + nome normalizado (caixa, acentos e espaços)",pareamento_unico_por_nome_uf
02410,ITACOATIARA,AM,itacoatiara,1301902,Itacoatiara,"UF + nome normalizado (caixa, acentos e espaços)",pareamento_unico_por_nome_uf
02437,ITAPIRANGA,AM,itapiranga,1302009,Itapiranga,"UF + nome normalizado (caixa, acentos e espaços)",pareamento_unico_por_nome_uf
02453,JAPURÁ,AM,japura,1302108,Japurá,"UF + nome normalizado (caixa, acentos e espaços)",pareamento_unico_por_nome_uf
02470,JURUÁ,AM,jurua,1302207,Juruá,"UF + nome normalizado (caixa, acentos e espaços)",pareamento_unico_por_nome_uf
02496,JUTAÍ,AM,jutai,1302306,Jutaí,"UF + nome normalizado (caixa, acentos e espaços)",pareamento_unico_por_nome_uf
02518,LÁBREA,AM,labrea,1302405,Lábrea,"UF + nome normalizado (caixa, acentos e espaços)",pareamento_unico_por_nome_uf
02534,MANACAPURU,AM,manacapuru,1302504,Manacapuru,"UF + nome normalizado (caixa, acentos e espaços)",pareamento_unico_por_nome_uf
02550,MANAUS,AM,manaus,1302603,Manaus,"UF + nome normalizado (caixa, acentos e espaços)",pareamento_unico_por_nome_uf
02577,MANICORÉ,AM,manicore,1302702,Manicoré,"UF + nome normalizado (caixa, acentos e espaços)",pareamento_unico_por_nome_uf
02593,MARAÃ,AM,maraa,1302801,Maraã,"UF + nome normalizado (caixa, acentos e espaços)",pareamento_unico_por_nome_uf
02615,MAUÉS,AM,maues,1302900,Maués,"UF + nome normalizado (caixa, acentos e espaços)",pareamento_unico_por_nome_uf
02631,NHAMUNDÁ,AM,nhamunda,1303007,Nhamundá,"UF + nome normalizado (caixa, acentos e espaços)",pareamento_unico_por_nome_uf
02658,NOVA OLINDA DO NORTE,AM,nova olinda do norte,1303106,Nova Olinda do Norte,"UF + nome normalizado (caixa, acentos e espaços)",pareamento_unico_por_nome_uf
02674,NOVO ARIPUANÃ,AM,novo aripuana,1303304,Novo Aripuanã,"UF + nome normalizado (caixa, acentos e espaços)",pareamento_unico_por_nome_uf
02690,PARINTINS,AM,parintins,1303403,Parintins,"UF + nome normalizado (caixa, acentos e espaços)",pareamento_unico_por_nome_uf
02712,PAUINI,AM,pauini,1303502,Pauini,"UF + nome normalizado (caixa, acentos e espaços)",pareamento_unico_por_nome_uf
02739,SANTO ANTÔNIO DO IÇÁ,AM,santo antonio do ica,1303700,Santo Antônio do Içá,"UF + nome normalizado (caixa, acentos e espaços)",pareamento_unico_por_nome_uf
02755,SÃO PAULO DE OLIVENÇA,AM,sao paulo de olivenca,1303908,São Paulo de Olivença,"UF + nome normalizado (caixa, acentos e espaços)",pareamento_unico_por_nome_uf
02771,SILVES,AM,silves,1304005,Silves,"UF + nome normalizado (caixa, acentos e espaços)",pareamento_unico_por_nome_uf
02798,TAPAUÁ,AM,tapaua,1304104,Tapauá,"UF + nome normalizado (caixa, acentos e espaços)",pareamento_unico_por_nome_uf
02810,TEFÉ,AM,tefe,1304203,Tefé,"UF + nome normalizado (caixa, acentos e espaços)",pareamento_unico_por_nome_uf
02836,SÃO GABRIEL DA CACHOEIRA,AM,sao gabriel da cachoeira,1303809,São Gabriel da Cachoeira,"UF + nome normalizado (caixa, acentos e espaços)",pareamento_unico_por_nome_uf
02852,URUCARÁ,AM,urucara,1304302,Urucará,"UF + nome normalizado (caixa, acentos e espaços)",pareamento_unico_por_nome_uf
02879,URUCURITUBA,AM,urucurituba,1304401,Urucurituba,"UF + nome normalizado (caixa, acentos e espaços)",pareamento_unico_por_nome_uf
02895,ALVARÃES,AM,alvaraes,1300029,Alvarães,"UF + nome normalizado (caixa, acentos e espaços)",pareamento_unico_por_nome_uf
02917,AMATURÁ,AM,amatura,1300060,Amaturá,"UF + nome normalizado (caixa, acentos e espaços)",pareamento_unico_por_nome_uf
02933,ANAMÃ,AM,anama,1300086,Anamã,"UF + nome normalizado (caixa, acentos e espaços)",pareamento_unico_por_nome_uf
02950,BERURI,AM,beruri,1300631,Beruri,"UF + nome normalizado (caixa, acentos e espaços)",pareamento_unico_por_nome_uf
02976,BOA VISTA DO RAMOS,AM,boa vista do ramos,1300680,Boa Vista do Ramos,"UF + nome normalizado (caixa, acentos e espaços)",pareamento_unico_por_nome_uf
02992,CAAPIRANGA,AM,caapiranga,1300839,Caapiranga,"UF + nome normalizado (caixa, acentos e espaços)",pareamento_unico_por_nome_uf
98353,IRANDUBA,AM,iranduba,1301852,Iranduba,"UF + nome normalizado (caixa, acentos e espaços)",pareamento_unico_por_nome_uf
98370,ITAMARATI,AM,itamarati,1301951,Itamarati,"UF + nome normalizado (caixa, acentos e espaços)",pareamento_unico_por_nome_uf
98396,MANAQUIRI,AM,manaquiri,1302553,Manaquiri,"UF + nome normalizado (caixa, acentos e espaços)",pareamento_unico_por_nome_uf
98418,PRESIDENTE FIGUEIREDO,AM,presidente figueiredo,1303536,Presidente Figueiredo,"UF + nome normalizado (caixa, acentos e espaços)",pareamento_unico_por_nome_uf
98434,RIO PRETO DA EVA,AM,rio preto da eva,1303569,Rio Preto da Eva,"UF + nome normalizado (caixa, acentos e espaços)",pareamento_unico_por_nome_uf
98450,SÃO SEBASTIÃO DO UATUMÃ,AM,sao sebastiao do uatuma,1303957,São Sebastião do Uatumã,"UF + nome normalizado (caixa, acentos e espaços)",pareamento_unico_por_nome_uf
98477,TABATINGA,AM,tabatinga,1304062,Tabatinga,"UF + nome normalizado (caixa, acentos e espaços)",pareamento_unico_por_nome_uf
98493,UARINI,AM,uarini,1304260,Uarini,"UF + nome normalizado (caixa, acentos e espaços)",pareamento_unico_por_nome_uf
98515,TONANTINS,AM,tonantins,1304237,Tonantins,"UF + nome normalizado (caixa, acentos e espaços)",pareamento_unico_por_nome_uf
06009,PRACUÚBA,AP,pracuuba,1600550,Pracuúba,"UF + nome normalizado (caixa, acentos e espaços)",pareamento_unico_por_nome_uf
06017,AMAPÁ,AP,amapa,1600105,Amapá,"UF + nome normalizado (caixa, acentos e espaços)",pareamento_unico_por_nome_uf
06025,PORTO GRANDE,AP,porto grande,1600535,Porto Grande,"UF + nome normalizado (caixa, acentos e espaços)",pareamento_unico_por_nome_uf
06033,CALÇOENE,AP,calcoene,1600204,Calçoene,"UF + nome normalizado (caixa, acentos e espaços)",pareamento_unico_por_nome_uf
06041,ITAUBAL,AP,itaubal,1600253,Itaubal,"UF + nome normalizado (caixa, acentos e espaços)",pareamento_unico_por_nome_uf
06050,MACAPÁ,AP,macapa,1600303,Macapá,"UF + nome normalizado (caixa, acentos e espaços)",pareamento_unico_por_nome_uf
06068,CUTIAS,AP,cutias,1600212,Cutias,"UF + nome normalizado (caixa, acentos e espaços)",pareamento_unico_por_nome_uf
06076,MAZAGÃO,AP,mazagao,1600402,Mazagão,"UF + nome normalizado (caixa, acentos e espaços)",pareamento_unico_por_nome_uf
06084,PEDRA BRANCA DO AMAPARI,AP,pedra branca do amapari,1600154,Pedra Branca do Amapari,"UF + nome normalizado (caixa, acentos e espaços)",pareamento_unico_por_nome_uf
06092,OIAPOQUE,AP,oiapoque,1600501,Oiapoque,"UF + nome normalizado (caixa, acentos e espaços)",pareamento_unico_por_nome_uf
06106,SERRA DO NAVIO,AP,serra do navio,1600055,Serra do Navio,"UF + nome normalizado (caixa, acentos e espaços)",pareamento_unico_por_nome_uf
06114,FERREIRA GOMES,AP,ferreira gomes,1600238,Ferreira Gomes,"UF + nome normalizado (caixa, acentos e espaços)",pareamento_unico_por_nome_uf
06122,VITÓRIA DO JARI,AP,vitoria do jari,1600808,Vitória do Jari,"UF + nome normalizado (caixa, acentos e espaços)",pareamento_unico_por_nome_uf
06130,LARANJAL DO JARI,AP,laranjal do jari,1600279,Laranjal do Jari,"UF + nome normalizado (caixa, acentos e espaços)",pareamento_unico_por_nome_uf
06157,SANTANA,AP,santana,1600600,Santana,"UF + nome normalizado (caixa, acentos e espaços)",pareamento_unico_por_nome_uf
06173,TARTARUGALZINHO,AP,tartarugalzinho,1600709,Tartarugalzinho,"UF + nome normalizado (caixa, acentos e espaços)",pareamento_unico_por_nome_uf
30007,LUÍS EDUARDO MAGALHÃES,BA,luis eduardo magalhaes,2919553,Luís Eduardo Magalhães,"UF + nome normalizado (caixa, acentos e espaços)",pareamento_unico_por_nome_uf
30058,EUNÁPOLIS,BA,eunapolis,2910727,Eunápolis,"UF + nome normalizado (caixa, acentos e espaços)",pareamento_unico_por_nome_uf
30660,IUIU,BA,iuiu,2917334,Iuiu,"UF + nome normalizado (caixa, acentos e espaços)",pareamento_unico_por_nome_uf
30678,JABORANDI,BA,jaborandi,2917359,Jaborandi,"UF + nome normalizado (caixa, acentos e espaços)",pareamento_unico_por_nome_uf
30694,JUSSARI,BA,jussari,2918555,Jussari,"UF + nome normalizado (caixa, acentos e espaços)",pareamento_unico_por_nome_uf
30716,AMÉRICA DOURADA,BA,america dourada,2901155,América Dourada,"UF + nome normalizado (caixa, acentos e espaços)",pareamento_unico_por_nome_uf
30732,ARATACA,BA,arataca,2902252,Arataca,"UF + nome normalizado (caixa, acentos e espaços)",pareamento_unico_por_nome_uf
30759,BARRO ALTO,BA,barro alto,2903235,Barro Alto,"UF + nome normalizado (caixa, acentos e espaços)",pareamento_unico_por_nome_uf
30775,BARROCAS,BA,barrocas,2903276,Barrocas,"UF + nome normalizado (caixa, acentos e espaços)",pareamento_unico_por_nome_uf
30791,BURITIRAMA,BA,buritirama,2904753,Buritirama,"UF + nome normalizado (caixa, acentos e espaços)",pareamento_unico_por_nome_uf
30813,CAPELA DO ALTO ALEGRE,BA,capela do alto alegre,2906857,Capela do Alto Alegre,"UF + nome normalizado (caixa, acentos e espaços)",pareamento_unico_por_nome_uf
30830,CAPIM GROSSO,BA,capim grosso,2906873,Capim Grosso,"UF + nome normalizado (caixa, acentos e espaços)",pareamento_unico_por_nome_uf
30856,CANUDOS,BA,canudos,2906824,Canudos,"UF + nome normalizado (caixa, acentos e espaços)",pareamento_unico_por_nome_uf
30872,DIAS D ÁVILA,BA,dias d avila,,,"UF + nome normalizado (caixa, acentos e espaços)",sem_pareamento_exato
30899,FÁTIMA,BA,fatima,2910750,Fátima,"UF + nome normalizado (caixa, acentos e espaços)",pareamento_unico_por_nome_uf
30910,FILADÉLFIA,BA,filadelfia,2910859,Filadélfia,"UF + nome normalizado (caixa, acentos e espaços)",pareamento_unico_por_nome_uf
30937,GAVIÃO,BA,gaviao,2911253,Gavião,"UF + nome normalizado (caixa, acentos e espaços)",pareamento_unico_por_nome_uf
30953,GUAJERU,BA,guajeru,2911659,Guajeru,"UF + nome normalizado (caixa, acentos e espaços)",pareamento_unico_por_nome_uf
30970,HELIÓPOLIS,BA,heliopolis,2911857,Heliópolis,"UF + nome normalizado (caixa, acentos e espaços)",pareamento_unico_por_nome_uf
30996,JOÃO DOURADO,BA,joao dourado,2918357,João Dourado,"UF + nome normalizado (caixa, acentos e espaços)",pareamento_unico_por_nome_uf
33014,ABAÍRA,BA,abaira,2900108,Abaíra,"UF + nome normalizado (caixa, acentos e espaços)",pareamento_unico_por_nome_uf
33030,ABARÉ,BA,abare,2900207,Abaré,"UF + nome normalizado (caixa, acentos e espaços)",pareamento_unico_por_nome_uf
33057,ACAJUTIBA,BA,acajutiba,2900306,Acajutiba,"UF + nome normalizado (caixa, acentos e espaços)",pareamento_unico_por_nome_uf
33065,ADUSTINA,BA,adustina,2900355,Adustina,"UF + nome normalizado (caixa, acentos e espaços)",pareamento_unico_por_nome_uf
33073,ÁGUA FRIA,BA,agua fria,2900405,Água Fria,"UF + nome normalizado (caixa, acentos e espaços)",pareamento_unico_por_nome_uf
33090,ÉRICO CARDOSO,BA,erico cardoso,2900504,Érico Cardoso,"UF + nome normalizado (caixa, acentos e espaços)",pareamento_unico_por_nome_uf
33111,AIQUARA,BA,aiquara,2900603,Aiquara,"UF + nome normalizado (caixa, acentos e espaços)",pareamento_unico_por_nome_uf
33138,ALAGOINHAS,BA,alagoinhas,2900702,Alagoinhas,"UF + nome normalizado (caixa, acentos e espaços)",pareamento_unico_por_nome_uf
33154,ALCOBAÇA,BA,alcobaca,2900801,Alcobaça,"UF + nome normalizado (caixa, acentos e espaços)",pareamento_unico_por_nome_uf
33170,ALMADINA,BA,almadina,2900900,Almadina,"UF + nome normalizado (caixa, acentos e espaços)",pareamento_unico_por_nome_uf
33197,AMARGOSA,BA,amargosa,2901007,Amargosa,"UF + nome normalizado (caixa, acentos e espaços)",pareamento_unico_por_nome_uf
33219,AMÉLIA RODRIGUES,BA,amelia rodrigues,2901106,Amélia Rodrigues,"UF + nome normalizado (caixa, acentos e espaços)",pareamento_unico_por_nome_uf
33235,ANAGÉ,BA,anage,2901205,Anagé,"UF + nome normalizado (caixa, acentos e espaços)",pareamento_unico_por_nome_uf
33251,ANDARAÍ,BA,andarai,2901304,Andaraí,"UF + nome normalizado (caixa, acentos e espaços)",pareamento_unico_por_nome_uf
33260,ANDORINHA,BA,andorinha,2901353,Andorinha,"UF + nome normalizado (caixa, acentos e espaços)",pareamento_unico_por_nome_uf
33278,ANGICAL,BA,angical,2901403,Angical,"UF + nome normalizado (caixa, acentos e espaços)",pareamento_unico_por_nome_uf
33294,ANGUERA,BA,anguera,2901502,Anguera,"UF + nome normalizado (caixa, acentos e espaços)",pareamento_unico_por_nome_uf
33316,ANTAS,BA,antas,2901601,Antas,"UF + nome normalizado (caixa, acentos e espaços)",pareamento_unico_por_nome_uf
33332,ANTÔNIO CARDOSO,BA,antonio cardoso,2901700,Antônio Cardoso,"UF + nome normalizado (caixa, acentos e espaços)",pareamento_unico_por_nome_uf
33359,ANTÔNIO GONÇALVES,BA,antonio goncalves,2901809,Antônio Gonçalves,"UF + nome normalizado (caixa, acentos e espaços)",pareamento_unico_por_nome_uf
33375,APORÁ,BA,apora,2901908,Aporá,"UF + nome normalizado (caixa, acentos e espaços)",pareamento_unico_por_nome_uf
33383,ARAÇÁS,BA,aracas,2902054,Araçás,"UF + nome normalizado (caixa, acentos e espaços)",pareamento_unico_por_nome_uf
33391,ARACATU,BA,aracatu,2902005,Aracatu,"UF + nome normalizado (caixa, acentos e espaços)",pareamento_unico_por_nome_uf
33405,APUAREMA,BA,apuarema,2901957,Apuarema,"UF + nome normalizado (caixa, acentos e espaços)",pareamento_unico_por_nome_uf
33413,ARACI,BA,araci,2902104,Araci,"UF + nome normalizado (caixa, acentos e espaços)",pareamento_unico_por_nome_uf
33430,ARAMARI,BA,aramari,2902203,Aramari,"UF + nome normalizado (caixa, acentos e espaços)",pareamento_unico_por_nome_uf
33456,ARATUÍPE,BA,aratuipe,2902302,Aratuípe,"UF + nome normalizado (caixa, acentos e espaços)",pareamento_unico_por_nome_uf
33472,AURELINO LEAL,BA,aurelino leal,2902401,Aurelino Leal,"UF + nome normalizado (caixa, acentos e espaços)",pareamento_unico_por_nome_uf
33499,BAIANÓPOLIS,BA,baianopolis,2902500,Baianópolis,"UF + nome normalizado (caixa, acentos e espaços)",pareamento_unico_por_nome_uf
33510,BAIXA GRANDE,BA,baixa grande,2902609,Baixa Grande,"UF + nome normalizado (caixa, acentos e espaços)",pareamento_unico_por_nome_uf
33529,BANZAÊ,BA,banzae,2902658,Banzaê,"UF + nome normalizado (caixa, acentos e espaços)",pareamento_unico_por_nome_uf
33537,BARRA,BA,barra,2902708,Barra,"UF + nome normalizado (caixa, acentos e espaços)",pareamento_unico_por_nome_uf
33553,BARRA DA ESTIVA,BA,barra da estiva,2902807,Barra da Estiva,"UF + nome normalizado (caixa, acentos e espaços)",pareamento_unico_por_nome_uf
33570,BARRA DO CHOÇA,BA,barra do choca,2902906,Barra do Choça,"UF + nome normalizado (caixa, acentos e espaços)",pareamento_unico_por_nome_uf
33596,BARRA DO MENDES,BA,barra do mendes,2903003,Barra do Mendes,"UF + nome normalizado (caixa, acentos e espaços)",pareamento_unico_por_nome_uf
33618,BARRA DO ROCHA,BA,barra do rocha,2903102,Barra do Rocha,"UF + nome normalizado (caixa, acentos e espaços)",pareamento_unico_por_nome_uf
33634,BARREIRAS,BA,barreiras,2903201,Barreiras,"UF + nome normalizado (caixa, acentos e espaços)",pareamento_unico_por_nome_uf
33650,BARRO PRETO,BA,barro preto,2903300,Barro Preto,"UF + nome normalizado (caixa, acentos e espaços)",pareamento_unico_por_nome_uf
33677,BELMONTE,BA,belmonte,2903409,Belmonte,"UF + nome normalizado (caixa, acentos e espaços)",pareamento_unico_por_nome_uf
33693,BELO CAMPO,BA,belo campo,2903508,Belo Campo,"UF + nome normalizado (caixa, acentos e espaços)",pareamento_unico_por_nome_uf
33715,BIRITINGA,BA,biritinga,2903607,Biritinga,"UF + nome normalizado (caixa, acentos e espaços)",pareamento_unico_por_nome_uf
33731,BOA NOVA,BA,boa nova,2903706,Boa Nova,"UF + nome normalizado (caixa, acentos e espaços)",pareamento_unico_por_nome_uf
33758,BOA VISTA DO TUPIM,BA,boa vista do tupim,2903805,Boa Vista do Tupim,"UF + nome normalizado (caixa, acentos e espaços)",pareamento_unico_por_nome_uf
33774,BOM JESUS DA LAPA,BA,bom jesus da lapa,2903904,Bom Jesus da Lapa,"UF + nome normalizado (caixa, acentos e espaços)",pareamento_unico_por_nome_uf
33782,BOM JESUS DA SERRA,BA,bom jesus da serra,2903953,Bom Jesus da Serra,"UF + nome normalizado (caixa, acentos e espaços)",pareamento_unico_por_nome_uf
33790,BONINAL,BA,boninal,2904001,Boninal,"UF + nome normalizado (caixa, acentos e espaços)",pareamento_unico_por_nome_uf
33804,BONITO,BA,bonito,2904050,Bonito,"UF + nome normalizado (caixa, acentos e espaços)",pareamento_unico_por_nome_uf
33812,BOQUIRA,BA,boquira,2904100,Boquira,"UF + nome normalizado (caixa, acentos e espaços)",pareamento_unico_por_nome_uf
33839,BOTUPORÃ,BA,botupora,2904209,Botuporã,"UF + nome normalizado (caixa, acentos e espaços)",pareamento_unico_por_nome_uf
33855,BREJÕES,BA,brejoes,2904308,Brejões,"UF + nome normalizado (caixa, acentos e espaços)",pareamento_unico_por_nome_uf
33871,BREJOLÂNDIA,BA,brejolandia,2904407,Brejolândia,"UF + nome normalizado (caixa, acentos e espaços)",pareamento_unico_por_nome_uf
33898,BROTAS DE MACAÚBAS,BA,brotas de macaubas,2904506,Brotas de Macaúbas,"UF + nome normalizado (caixa, acentos e espaços)",pareamento_unico_por_nome_uf
33910,BRUMADO,BA,brumado,2904605,Brumado,"UF + nome normalizado (caixa, acentos e espaços)",pareamento_unico_por_nome_uf
33936,BUERAREMA,BA,buerarema,2904704,Buerarema,"UF + nome normalizado (caixa, acentos e espaços)",pareamento_unico_por_nome_uf
33952,CAATIBA,BA,caatiba,2904803,Caatiba,"UF + nome normalizado (caixa, acentos e espaços)",pareamento_unico_por_nome_uf
33960,CABACEIRAS DO PARAGUAÇU,BA,cabaceiras do paraguacu,2904852,Cabaceiras do Paraguaçu,"UF + nome normalizado (caixa, acentos e espaços)",pareamento_unico_por_nome_uf
33979,CACHOEIRA,BA,cachoeira,2904902,Cachoeira,"UF + nome normalizado (caixa, acentos e espaços)",pareamento_unico_por_nome_uf
33995,CACULÉ,BA,cacule,2905008,Caculé,"UF + nome normalizado (caixa, acentos e espaços)",pareamento_unico_por_nome_uf
34010,CAEM,BA,caem,2905107,Caém,"UF + nome normalizado (caixa, acentos e espaços)",pareamento_unico_por_nome_uf
34029,CAETANOS,BA,caetanos,2905156,Caetanos,"UF + nome normalizado (caixa, acentos e espaços)",pareamento_unico_por_nome_uf
34037,CAETITÉ,BA,caetite,2905206,Caetité,"UF + nome normalizado (caixa, acentos e espaços)",pareamento_unico_por_nome_uf
34053,CAFARNAUM,BA,cafarnaum,2905305,Cafarnaum,"UF + nome normalizado (caixa, acentos e espaços)",pareamento_unico_por_nome_uf
34070,CAIRU,BA,cairu,2905404,Cairu,"UF + nome normalizado (caixa, acentos e espaços)",pareamento_unico_por_nome_uf
34096,CALDEIRÃO GRANDE,BA,caldeirao grande,2905503,Caldeirão Grande,"UF + nome normalizado (caixa, acentos e espaços)",pareamento_unico_por_nome_uf
34118,CAMACÃ,BA,camaca,,,"UF + nome normalizado (caixa, acentos e espaços)",sem_pareamento_exato
34134,CAMAÇARI,BA,camacari,2905701,Camaçari,"UF + nome normalizado (caixa, acentos e espaços)",pareamento_unico_por_nome_uf
34150,CAMAMU,BA,camamu,2905800,Camamu,"UF + nome normalizado (caixa, acentos e espaços)",pareamento_unico_por_nome_uf
34177,CAMPO ALEGRE DE LOURDES,BA,campo alegre de lourdes,2905909,Campo Alegre de Lourdes,"UF + nome normalizado (caixa, acentos e espaços)",pareamento_unico_por_nome_uf
34193,CAMPO FORMOSO,BA,campo formoso,2906006,Campo Formoso,"UF + nome normalizado (caixa, acentos e espaços)",pareamento_unico_por_nome_uf
34215,CANÁPOLIS,BA,canapolis,2906105,Canápolis,"UF + nome normalizado (caixa, acentos e espaços)",pareamento_unico_por_nome_uf
34231,CANARANA,BA,canarana,2906204,Canarana,"UF + nome normalizado (caixa, acentos e espaços)",pareamento_unico_por_nome_uf
34258,CANAVIEIRAS,BA,canavieiras,2906303,Canavieiras,"UF + nome normalizado (caixa, acentos e espaços)",pareamento_unico_por_nome_uf
34274,CANDEAL,BA,candeal,2906402,Candeal,"UF + nome normalizado (caixa, acentos e espaços)",pareamento_unico_por_nome_uf
34290,CANDEIAS,BA,candeias,2906501,Candeias,"UF + nome normalizado (caixa, acentos e espaços)",pareamento_unico_por_nome_uf
34312,CANDIBA,BA,candiba,2906600,Candiba,"UF + nome normalizado (caixa, acentos e espaços)",pareamento_unico_por_nome_uf
34339,CÂNDIDO SALES,BA,candido sales,2906709,Cândido Sales,"UF + nome normalizado (caixa, acentos e espaços)",pareamento_unico_por_nome_uf
34355,CANSANÇÃO,BA,cansancao,2906808,Cansanção,"UF + nome normalizado (caixa, acentos e espaços)",pareamento_unico_por_nome_uf
34363,CARAÍBAS,BA,caraibas,2906899,Caraíbas,"UF + nome normalizado (caixa, acentos e espaços)",pareamento_unico_por_nome_uf
34371,CARAVELAS,BA,caravelas,2906907,Caravelas,"UF + nome normalizado (caixa, acentos e espaços)",pareamento_unico_por_nome_uf
34398,CARDEAL DA SILVA,BA,cardeal da silva,2907004,Cardeal da Silva,"UF + nome normalizado (caixa, acentos e espaços)",pareamento_unico_por_nome_uf
34410,CARINHANHA,BA,carinhanha,2907103,Carinhanha,"UF + nome normalizado (caixa, acentos e espaços)",pareamento_unico_por_nome_uf
34436,CASA NOVA,BA,casa nova,2907202,Casa Nova,"UF + nome normalizado (caixa, acentos e espaços)",pareamento_unico_por_nome_uf
34452,CASTRO ALVES,BA,castro alves,2907301,Castro Alves,"UF + nome normalizado (caixa, acentos e espaços)",pareamento_unico_por_nome_uf
34479,CATOLÂNDIA,BA,catolandia,2907400,Catolândia,"UF + nome normalizado (caixa, acentos e espaços)",pareamento_unico_por_nome_uf
34495,CATU,BA,catu,2907509,Catu,"UF + nome normalizado (caixa, acentos e espaços)",pareamento_unico_por_nome_uf
34509,CATURAMA,BA,caturama,2907558,Caturama,"UF + nome normalizado (caixa, acentos e espaços)",pareamento_unico_por_nome_uf
34517,CENTRAL,BA,central,2907608,Central,"UF + nome normalizado (caixa, acentos e espaços)",pareamento_unico_por_nome_uf
34533,CHORROCHÓ,BA,chorrocho,2907707,Chorrochó,"UF + nome normalizado (caixa, acentos e espaços)",pareamento_unico_por_nome_uf
34550,CÍCERO DANTAS,BA,cicero dantas,2907806,Cícero Dantas,"UF + nome normalizado (caixa, acentos e espaços)",pareamento_unico_por_nome_uf
34576,CIPÓ,BA,cipo,2907905,Cipó,"UF + nome normalizado (caixa, acentos e espaços)",pareamento_unico_por_nome_uf
34592,COARACI,BA,coaraci,2908002,Coaraci,"UF + nome normalizado (caixa, acentos e espaços)",pareamento_unico_por_nome_uf
34614,COCOS,BA,cocos,2908101,Cocos,"UF + nome normalizado (caixa, acentos e espaços)",pareamento_unico_por_nome_uf
34630,CONCEIÇÃO DA FEIRA,BA,conceicao da feira,2908200,Conceição da Feira,"UF + nome normalizado (caixa, acentos e espaços)",pareamento_unico_por_nome_uf
34657,CONCEIÇÃO DO ALMEIDA,BA,conceicao do almeida,2908309,Conceição do Almeida,"UF + nome normalizado (caixa, acentos e espaços)",pareamento_unico_por_nome_uf
34673,CONCEIÇÃO DO COITÉ,BA,conceicao do coite,2908408,Conceição do Coité,"UF + nome normalizado (caixa, acentos e espaços)",pareamento_unico_por_nome_uf
34690,CONCEIÇÃO DO JACUÍPE,BA,conceicao do jacuipe,2908507,Conceição do Jacuípe,"UF + nome normalizado (caixa, acentos e espaços)",pareamento_unico_por_nome_uf
34711,CONDE,BA,conde,2908606,Conde,"UF + nome normalizado (caixa, acentos e espaços)",pareamento_unico_por_nome_uf
34738,CONDEÚBA,BA,condeuba,2908705,Condeúba,"UF + nome normalizado (caixa, acentos e espaços)",pareamento_unico_por_nome_uf
34754,CONTENDAS DO SINCORÁ,BA,contendas do sincora,2908804,Contendas do Sincorá,"UF + nome normalizado (caixa, acentos e espaços)",pareamento_unico_por_nome_uf
34770,CORAÇÃO DE MARIA,BA,coracao de maria,2908903,Coração de Maria,"UF + nome normalizado (caixa, acentos e espaços)",pareamento_unico_por_nome_uf
34797,CORDEIROS,BA,cordeiros,2909000,Cordeiros,"UF + nome normalizado (caixa, acentos e espaços)",pareamento_unico_por_nome_uf
34819,CORIBE,BA,coribe,2909109,Coribe,"UF + nome normalizado (caixa, acentos e espaços)",pareamento_unico_por_nome_uf
34835,CORONEL JOÃO SÁ,BA,coronel joao sa,2909208,Coronel João Sá,"UF + nome normalizado (caixa, acentos e espaços)",pareamento_unico_por_nome_uf
34851,CORRENTINA,BA,correntina,2909307,Correntina,"UF + nome normalizado (caixa, acentos e espaços)",pareamento_unico_por_nome_uf
34878,COTEGIPE,BA,cotegipe,2909406,Cotegipe,"UF + nome normalizado (caixa, acentos e espaços)",pareamento_unico_por_nome_uf
34894,CRAVOLÂNDIA,BA,cravolandia,2909505,Cravolândia,"UF + nome normalizado (caixa, acentos e espaços)",pareamento_unico_por_nome_uf
34916,CRISÓPOLIS,BA,crisopolis,2909604,Crisópolis,"UF + nome normalizado (caixa, acentos e espaços)",pareamento_unico_por_nome_uf
34932,CRISTÓPOLIS,BA,cristopolis,2909703,Cristópolis,"UF + nome normalizado (caixa, acentos e espaços)",pareamento_unico_por_nome_uf
34959,CRUZ DAS ALMAS,BA,cruz das almas,2909802,Cruz das Almas,"UF + nome normalizado (caixa, acentos e espaços)",pareamento_unico_por_nome_uf
34975,CURAÇÁ,BA,curaca,2909901,Curaçá,"UF + nome normalizado (caixa, acentos e espaços)",pareamento_unico_por_nome_uf
34991,DÁRIO MEIRA,BA,dario meira,2910008,Dário Meira,"UF + nome normalizado (caixa, acentos e espaços)",pareamento_unico_por_nome_uf
35017,DOM BASÍLIO,BA,dom basilio,2910107,Dom Basílio,"UF + nome normalizado (caixa, acentos e espaços)",pareamento_unico_por_nome_uf
35033,DOM MACEDO COSTA,BA,dom macedo costa,2910206,Dom Macedo Costa,"UF + nome normalizado (caixa, acentos e espaços)",pareamento_unico_por_nome_uf
35050,ELÍSIO MEDRADO,BA,elisio medrado,2910305,Elísio Medrado,"UF + nome normalizado (caixa, acentos e espaços)",pareamento_unico_por_nome_uf
35076,ENCRUZILHADA,BA,encruzilhada,2910404,Encruzilhada,"UF + nome normalizado (caixa, acentos e espaços)",pareamento_unico_por_nome_uf
35092,ENTRE RIOS,BA,entre rios,2910503,Entre Rios,"UF + nome normalizado (caixa, acentos e espaços)",pareamento_unico_por_nome_uf
35114,ESPLANADA,BA,esplanada,2910602,Esplanada,"UF + nome normalizado (caixa, acentos e espaços)",pareamento_unico_por_nome_uf
35130,EUCLIDES DA CUNHA,BA,euclides da cunha,2910701,Euclides da Cunha,"UF + nome normalizado (caixa, acentos e espaços)",pareamento_unico_por_nome_uf
35149,FEIRA DA MATA,BA,feira da mata,2910776,Feira da Mata,"UF + nome normalizado (caixa, acentos e espaços)",pareamento_unico_por_nome_uf
35157,FEIRA DE SANTANA,BA,feira de santana,2910800,Feira de Santana,"UF + nome normalizado (caixa, acentos e espaços)",pareamento_unico_por_nome_uf
35173,FIRMINO ALVES,BA,firmino alves,2910909,Firmino Alves,"UF + nome normalizado (caixa, acentos e espaços)",pareamento_unico_por_nome_uf
35190,FLORESTA AZUL,BA,floresta azul,2911006,Floresta Azul,"UF + nome normalizado (caixa, acentos e espaços)",pareamento_unico_por_nome_uf
35211,FORMOSA DO RIO PRETO,BA,formosa do rio preto,2911105,Formosa do Rio Preto,"UF + nome normalizado (caixa, acentos e espaços)",pareamento_unico_por_nome_uf
35238,GANDU,BA,gandu,2911204,Gandu,"UF + nome normalizado (caixa, acentos e espaços)",pareamento_unico_por_nome_uf
35254,GENTIO DO OURO,BA,gentio do ouro,2911303,Gentio do Ouro,"UF + nome normalizado (caixa, acentos e espaços)",pareamento_unico_por_nome_uf
35270,GLÓRIA,BA,gloria,2911402,Glória,"UF + nome normalizado (caixa, acentos e espaços)",pareamento_unico_por_nome_uf
35297,GONGOGI,BA,gongogi,2911501,Gongogi,"UF + nome normalizado (caixa, acentos e espaços)",pareamento_unico_por_nome_uf
35319,GOVERNADOR MANGABEIRA,BA,governador mangabeira,2911600,Governador Mangabeira,"UF + nome normalizado (caixa, acentos e espaços)",pareamento_unico_por_nome_uf
35335,GUANAMBI,BA,guanambi,2911709,Guanambi,"UF + nome normalizado (caixa, acentos e espaços)",pareamento_unico_por_nome_uf
35351,GUARATINGA,BA,guaratinga,2911808,Guaratinga,"UF + nome normalizado (caixa, acentos e espaços)",pareamento_unico_por_nome_uf
35378,IAÇU,BA,iacu,2911907,Iaçu,"UF + nome normalizado (caixa, acentos e espaços)",pareamento_unico_por_nome_uf
35394,IBIASSUCÊ,BA,ibiassuce,2912004,Ibiassucê,"UF + nome normalizado (caixa, acentos e espaços)",pareamento_unico_por_nome_uf
35416,IBICARAÍ,BA,ibicarai,2912103,Ibicaraí,"UF + nome normalizado (caixa, acentos e espaços)",pareamento_unico_por_nome_uf
35432,IBICOARA,BA,ibicoara,2912202,Ibicoara,"UF + nome normalizado (caixa, acentos e espaços)",pareamento_unico_por_nome_uf
35459,IBICUÍ,BA,ibicui,2912301,Ibicuí,"UF + nome normalizado (caixa, acentos e espaços)",pareamento_unico_por_nome_uf
35475,IBIPEBA,BA,ibipeba,2912400,Ibipeba,"UF + nome normalizado (caixa, acentos e espaços)",pareamento_unico_por_nome_uf
35491,SANTA RITA DE CÁSSIA,BA,santa rita de cassia,2928406,Santa Rita de Cássia,"UF + nome normalizado (caixa, acentos e espaços)",pareamento_unico_por_nome_uf
35513,IBIPITANGA,BA,ibipitanga,2912509,Ibipitanga,"UF + nome normalizado (caixa, acentos e espaços)",pareamento_unico_por_nome_uf
35530,IBIQUERA,BA,ibiquera,2912608,Ibiquera,"UF + nome normalizado (caixa, acentos e espaços)",pareamento_unico_por_nome_uf
35556,IBIRAPITANGA,BA,ibirapitanga,2912707,Ibirapitanga,"UF + nome normalizado (caixa, acentos e espaços)",pareamento_unico_por_nome_uf
35572,IBIRAPUÃ,BA,ibirapua,2912806,Ibirapuã,"UF + nome normalizado (caixa, acentos e espaços)",pareamento_unico_por_nome_uf
35599,IBIRATAIA,BA,ibirataia,2912905,Ibirataia,"UF + nome normalizado (caixa, acentos e espaços)",pareamento_unico_por_nome_uf
35610,IBITIARA,BA,ibitiara,2913002,Ibitiara,"UF + nome normalizado (caixa, acentos e espaços)",pareamento_unico_por_nome_uf
35637,IBITITÁ,BA,ibitita,2913101,Ibititá,"UF + nome normalizado (caixa, acentos e espaços)",pareamento_unico_por_nome_uf
35653,IBOTIRAMA,BA,ibotirama,2913200,Ibotirama,"UF + nome normalizado (caixa, acentos e espaços)",pareamento_unico_por_nome_uf
35670,ICHU,BA,ichu,2913309,Ichu,"UF + nome normalizado (caixa, acentos e espaços)",pareamento_unico_por_nome_uf
35696,IGAPORÃ,BA,igapora,2913408,Igaporã,"UF + nome normalizado (caixa, acentos e espaços)",pareamento_unico_por_nome_uf
35700,IGRAPIÚNA,BA,igrapiuna,2913457,Igrapiúna,"UF + nome normalizado (caixa, acentos e espaços)",pareamento_unico_por_nome_uf
35718,IGUAÍ,BA,iguai,2913507,Iguaí,"UF + nome normalizado (caixa, acentos e espaços)",pareamento_unico_por_nome_uf
35734,ILHÉUS,BA,ilheus,2913606,Ilhéus,"UF + nome normalizado (caixa, acentos e espaços)",pareamento_unico_por_nome_uf
35750,INHAMBUPE,BA,inhambupe,2913705,Inhambupe,"UF + nome normalizado (caixa, acentos e espaços)",pareamento_unico_por_nome_uf
35777,IPECAETÁ,BA,ipecaeta,2913804,Ipecaetá,"UF + nome normalizado (caixa, acentos e espaços)",pareamento_unico_por_nome_uf
35793,IPIAÚ,BA,ipiau,2913903,Ipiaú,"UF + nome normalizado (caixa, acentos e espaços)",pareamento_unico_por_nome_uf
35815,IPIRÁ,BA,ipira,2914000,Ipirá,"UF + nome normalizado (caixa, acentos e espaços)",pareamento_unico_por_nome_uf
35831,IPUPIARA,BA,ipupiara,2914109,Ipupiara,"UF + nome normalizado (caixa, acentos e espaços)",pareamento_unico_por_nome_uf
35858,IRAJUBA,BA,irajuba,2914208,Irajuba,"UF + nome normalizado (caixa, acentos e espaços)",pareamento_unico_por_nome_uf
35874,IRAMAIA,BA,iramaia,2914307,Iramaia,"UF + nome normalizado (caixa, acentos e espaços)",pareamento_unico_por_nome_uf
35890,IRAQUARA,BA,iraquara,2914406,Iraquara,"UF + nome normalizado (caixa, acentos e espaços)",pareamento_unico_por_nome_uf
35912,IRARÁ,BA,irara,2914505,Irará,"UF + nome normalizado (caixa, acentos e espaços)",pareamento_unico_por_nome_uf
35939,IRECÊ,BA,irece,2914604,Irecê,"UF + nome normalizado (caixa, acentos e espaços)",pareamento_unico_por_nome_uf
35947,ITABELA,BA,itabela,2914653,Itabela,"UF + nome normalizado (caixa, acentos e espaços)",pareamento_unico_por_nome_uf
35955,ITABERABA,BA,itaberaba,2914703,Itaberaba,"UF + nome normalizado (caixa, acentos e espaços)",pareamento_unico_por_nome_uf
35971,ITABUNA,BA,itabuna,2914802,Itabuna,"UF + nome normalizado (caixa, acentos e espaços)",pareamento_unico_por_nome_uf
35998,ITACARÉ,BA,itacare,2914901,Itacaré,"UF + nome normalizado (caixa, acentos e espaços)",pareamento_unico_por_nome_uf
36013,ITAETÉ,BA,itaete,2915007,Itaeté,"UF + nome normalizado (caixa, acentos e espaços)",pareamento_unico_por_nome_uf
36030,ITAGI,BA,itagi,2915106,Itagi,"UF + nome normalizado (caixa, acentos e espaços)",pareamento_unico_por_nome_uf
36056,ITAGIBÁ,BA,itagiba,2915205,Itagibá,"UF + nome normalizado (caixa, acentos e espaços)",pareamento_unico_por_nome_uf
36072,ITAGIMIRIM,BA,itagimirim,2915304,Itagimirim,"UF + nome normalizado (caixa, acentos e espaços)",pareamento_unico_por_nome_uf
36080,ITAGUAÇU DA BAHIA,BA,itaguacu da bahia,2915353,Itaguaçu da Bahia,"UF + nome normalizado (caixa, acentos e espaços)",pareamento_unico_por_nome_uf
36099,ITAJU DO COLÔNIA,BA,itaju do colonia,2915403,Itaju do Colônia,"UF + nome normalizado (caixa, acentos e espaços)",pareamento_unico_por_nome_uf
36110,ITAJUÍPE,BA,itajuipe,2915502,Itajuípe,"UF + nome normalizado (caixa, acentos e espaços)",pareamento_unico_por_nome_uf
36137,ITAMARAJU,BA,itamaraju,2915601,Itamaraju,"UF + nome normalizado (caixa, acentos e espaços)",pareamento_unico_por_nome_uf
36153,ITAMARI,BA,itamari,2915700,Itamari,"UF + nome normalizado (caixa, acentos e espaços)",pareamento_unico_por_nome_uf
36170,ITAMBÉ,BA,itambe,2915809,Itambé,"UF + nome normalizado (caixa, acentos e espaços)",pareamento_unico_por_nome_uf
36196,ITANAGRA,BA,itanagra,2915908,Itanagra,"UF + nome normalizado (caixa, acentos e espaços)",pareamento_unico_por_nome_uf
36218,ITANHÉM,BA,itanhem,2916005,Itanhém,"UF + nome normalizado (caixa, acentos e espaços)",pareamento_unico_por_nome_uf
36234,ITAPARICA,BA,itaparica,2916104,Itaparica,"UF + nome normalizado (caixa, acentos e espaços)",pareamento_unico_por_nome_uf
36250,ITAPÉ,BA,itape,2916203,Itapé,"UF + nome normalizado (caixa, acentos e espaços)",pareamento_unico_por_nome_uf
36277,ITAPEBI,BA,itapebi,2916302,Itapebi,"UF + nome normalizado (caixa, acentos e espaços)",pareamento_unico_por_nome_uf
36293,ITAPETINGA,BA,itapetinga,2916401,Itapetinga,"UF + nome normalizado (caixa, acentos e espaços)",pareamento_unico_por_nome_uf
36315,ITAPICURU,BA,itapicuru,2916500,Itapicuru,"UF + nome normalizado (caixa, acentos e espaços)",pareamento_unico_por_nome_uf
36331,ITAPITANGA,BA,itapitanga,2916609,Itapitanga,"UF + nome normalizado (caixa, acentos e espaços)",pareamento_unico_por_nome_uf
36358,ITAQUARA,BA,itaquara,2916708,Itaquara,"UF + nome normalizado (caixa, acentos e espaços)",pareamento_unico_por_nome_uf
36374,ITARANTIM,BA,itarantim,2916807,Itarantim,"UF + nome normalizado (caixa, acentos e espaços)",pareamento_unico_por_nome_uf
36382,ITATIM,BA,itatim,2916856,Itatim,"UF + nome normalizado (caixa, acentos e espaços)",pareamento_unico_por_nome_uf
36390,ITIRUÇU,BA,itirucu,2916906,Itiruçu,"UF + nome normalizado (caixa, acentos e espaços)",pareamento_unico_por_nome_uf
36412,ITIÚBA,BA,itiuba,2917003,Itiúba,"UF + nome normalizado (caixa, acentos e espaços)",pareamento_unico_por_nome_uf
36439,ITORORÓ,BA,itororo,2917102,Itororó,"UF + nome normalizado (caixa, acentos e espaços)",pareamento_unico_por_nome_uf
36455,ITUAÇU,BA,ituacu,2917201,Ituaçu,"UF + nome normalizado (caixa, acentos e espaços)",pareamento_unico_por_nome_uf
36471,ITUBERÁ,BA,itubera,2917300,Ituberá,"UF + nome normalizado (caixa, acentos e espaços)",pareamento_unico_por_nome_uf
36498,JACARACI,BA,jacaraci,2917409,Jacaraci,"UF + nome normalizado (caixa, acentos e espaços)",pareamento_unico_por_nome_uf
36510,JACOBINA,BA,jacobina,2917508,Jacobina,"UF + nome normalizado (caixa, acentos e espaços)",pareamento_unico_por_nome_uf
36536,JAGUAQUARA,BA,jaguaquara,2917607,Jaguaquara,"UF + nome normalizado (caixa, acentos e espaços)",pareamento_unico_por_nome_uf
36552,JAGUARARI,BA,jaguarari,2917706,Jaguarari,"UF + nome normalizado (caixa, acentos e espaços)",pareamento_unico_por_nome_uf
36579,JAGUARIPE,BA,jaguaripe,2917805,Jaguaripe,"UF + nome normalizado (caixa, acentos e espaços)",pareamento_unico_por_nome_uf
36595,JANDAÍRA,BA,jandaira,2917904,Jandaíra,"UF + nome normalizado (caixa, acentos e espaços)",pareamento_unico_por_nome_uf
36617,JEQUIÉ,BA,jequie,2918001,Jequié,"UF + nome normalizado (caixa, acentos e espaços)",pareamento_unico_por_nome_uf
36633,JEREMOABO,BA,jeremoabo,2918100,Jeremoabo,"UF + nome normalizado (caixa, acentos e espaços)",pareamento_unico_por_nome_uf
36650,JIQUIRIÇÁ,BA,jiquirica,2918209,Jiquiriçá,"UF + nome normalizado (caixa, acentos e espaços)",pareamento_unico_por_nome_uf
36676,JITAÚNA,BA,jitauna,2918308,Jitaúna,"UF + nome normalizado (caixa, acentos e espaços)",pareamento_unico_por_nome_uf
36692,JUAZEIRO,BA,juazeiro,2918407,Juazeiro,"UF + nome normalizado (caixa, acentos e espaços)",pareamento_unico_por_nome_uf
36706,JUCURUÇU,BA,jucurucu,2918456,Jucuruçu,"UF + nome normalizado (caixa, acentos e espaços)",pareamento_unico_por_nome_uf
36714,JUSSARA,BA,jussara,2918506,Jussara,"UF + nome normalizado (caixa, acentos e espaços)",pareamento_unico_por_nome_uf
36730,JUSSIAPE,BA,jussiape,2918605,Jussiape,"UF + nome normalizado (caixa, acentos e espaços)",pareamento_unico_por_nome_uf
36757,LAFAIETE COUTINHO,BA,lafaiete coutinho,2918704,Lafaiete Coutinho,"UF + nome normalizado (caixa, acentos e espaços)",pareamento_unico_por_nome_uf
36765,LAGOA REAL,BA,lagoa real,2918753,Lagoa Real,"UF + nome normalizado (caixa, acentos e espaços)",pareamento_unico_por_nome_uf
36773,LAJE,BA,laje,2918803,Laje,"UF + nome normalizado (caixa, acentos e espaços)",pareamento_unico_por_nome_uf
36790,LAJEDÃO,BA,lajedao,2918902,Lajedão,"UF + nome normalizado (caixa, acentos e espaços)",pareamento_unico_por_nome_uf
36811,LAJEDINHO,BA,lajedinho,2919009,Lajedinho,"UF + nome normalizado (caixa, acentos e espaços)",pareamento_unico_por_nome_uf
36820,LAJEDO DO TABOCAL,BA,lajedo do tabocal,2919058,Lajedo do Tabocal,"UF + nome normalizado (caixa, acentos e espaços)",pareamento_unico_por_nome_uf
36838,LAMARÃO,BA,lamarao,2919108,Lamarão,"UF + nome normalizado (caixa, acentos e espaços)",pareamento_unico_por_nome_uf
36854,LAURO DE FREITAS,BA,lauro de freitas,2919207,Lauro de Freitas,"UF + nome normalizado (caixa, acentos e espaços)",pareamento_unico_por_nome_uf
36870,LENÇÓIS,BA,lencois,2919306,Lençóis,"UF + nome normalizado (caixa, acentos e espaços)",pareamento_unico_por_nome_uf
36897,LICÍNIO DE ALMEIDA,BA,licinio de almeida,2919405,Licínio de Almeida,"UF + nome normalizado (caixa, acentos e espaços)",pareamento_unico_por_nome_uf
36919,LIVRAMENTO DE NOSSA SENHORA,BA,livramento de nossa senhora,2919504,Livramento de Nossa Senhora,"UF + nome normalizado (caixa, acentos e espaços)",pareamento_unico_por_nome_uf
36935,MACAJUBA,BA,macajuba,2919603,Macajuba,"UF + nome normalizado (caixa, acentos e espaços)",pareamento_unico_por_nome_uf
36951,MACARANI,BA,macarani,2919702,Macarani,"UF + nome normalizado (caixa, acentos e espaços)",pareamento_unico_por_nome_uf
36978,MACAÚBAS,BA,macaubas,2919801,Macaúbas,"UF + nome normalizado (caixa, acentos e espaços)",pareamento_unico_por_nome_uf
36994,MACURURÉ,BA,macurure,2919900,Macururé,"UF + nome normalizado (caixa, acentos e espaços)",pareamento_unico_por_nome_uf
37010,MAIQUINIQUE,BA,maiquinique,2920007,Maiquinique,"UF + nome normalizado (caixa, acentos e espaços)",pareamento_unico_por_nome_uf
37036,MAIRI,BA,mairi,2920106,Mairi,"UF + nome normalizado (caixa, acentos e espaços)",pareamento_unico_por_nome_uf
37052,MALHADA,BA,malhada,2920205,Malhada,"UF + nome normalizado (caixa, acentos e espaços)",pareamento_unico_por_nome_uf
37079,MALHADA DE PEDRAS,BA,malhada de pedras,2920304,Malhada de Pedras,"UF + nome normalizado (caixa, acentos e espaços)",pareamento_unico_por_nome_uf
37095,MANOEL VITORINO,BA,manoel vitorino,2920403,Manoel Vitorino,"UF + nome normalizado (caixa, acentos e espaços)",pareamento_unico_por_nome_uf
37117,MARACÁS,BA,maracas,2920502,Maracás,"UF + nome normalizado (caixa, acentos e espaços)",pareamento_unico_por_nome_uf
37133,MARAGOGIPE,BA,maragogipe,2920601,Maragogipe,"UF + nome normalizado (caixa, acentos e espaços)",pareamento_unico_por_nome_uf
37150,MARAÚ,BA,marau,2920700,Maraú,"UF + nome normalizado (caixa, acentos e espaços)",pareamento_unico_por_nome_uf
37176,MARCIONÍLIO SOUZA,BA,marcionilio souza,2920809,Marcionílio Souza,"UF + nome normalizado (caixa, acentos e espaços)",pareamento_unico_por_nome_uf
37192,MASCOTE,BA,mascote,2920908,Mascote,"UF + nome normalizado (caixa, acentos e espaços)",pareamento_unico_por_nome_uf
37214,MATA DE SÃO JOÃO,BA,mata de sao joao,2921005,Mata de São João,"UF + nome normalizado (caixa, acentos e espaços)",pareamento_unico_por_nome_uf
37222,MATINA,BA,matina,2921054,Matina,"UF + nome normalizado (caixa, acentos e espaços)",pareamento_unico_por_nome_uf
37230,MEDEIROS NETO,BA,medeiros neto,2921104,Medeiros Neto,"UF + nome normalizado (caixa, acentos e espaços)",pareamento_unico_por_nome_uf
37257,MIGUEL CALMON,BA,miguel calmon,2921203,Miguel Calmon,"UF + nome normalizado (caixa, acentos e espaços)",pareamento_unico_por_nome_uf
37273,MILAGRES,BA,milagres,2921302,Milagres,"UF + nome normalizado (caixa, acentos e espaços)",pareamento_unico_por_nome_uf
37290,MIRANGABA,BA,mirangaba,2921401,Mirangaba,"UF + nome normalizado (caixa, acentos e espaços)",pareamento_unico_por_nome_uf
37303,MIRANTE,BA,mirante,2921450,Mirante,"UF + nome normalizado (caixa, acentos e espaços)",pareamento_unico_por_nome_uf
37311,MONTE SANTO,BA,monte santo,2921500,Monte Santo,"UF + nome normalizado (caixa, acentos e espaços)",pareamento_unico_por_nome_uf
37338,MORPARÁ,BA,morpara,2921609,Morpará,"UF + nome normalizado (caixa, acentos e espaços)",pareamento_unico_por_nome_uf
37354,MORRO DO CHAPÉU,BA,morro do chapeu,2921708,Morro do Chapéu,"UF + nome normalizado (caixa, acentos e espaços)",pareamento_unico_por_nome_uf
37370,MORTUGABA,BA,mortugaba,2921807,Mortugaba,"UF + nome normalizado (caixa, acentos e espaços)",pareamento_unico_por_nome_uf
37397,MUCUGÊ,BA,mucuge,2921906,Mucugê,"UF + nome normalizado (caixa, acentos e espaços)",pareamento_unico_por_nome_uf
37419,MUCURI,BA,mucuri,2922003,Mucuri,"UF + nome normalizado (caixa, acentos e espaços)",pareamento_unico_por_nome_uf
37427,MULUNGU DO MORRO,BA,mulungu do morro,2922052,Mulungu do Morro,"UF + nome normalizado (caixa, acentos e espaços)",pareamento_unico_por_nome_uf
37435,MUNDO NOVO,BA,mundo novo,2922102,Mundo Novo,"UF + nome normalizado (caixa, acentos e espaços)",pareamento_unico_por_nome_uf
37451,MUNIZ FERREIRA,BA,muniz ferreira,2922201,Muniz Ferreira,"UF + nome normalizado (caixa, acentos e espaços)",pareamento_unico_por_nome_uf
37460,MUQUÉM DO SÃO FRANCISCO,BA,muquem do sao francisco,2922250,Muquém do São Francisco,"UF + nome normalizado (caixa, acentos e espaços)",pareamento_unico_por_nome_uf
37478,MURITIBA,BA,muritiba,2922300,Muritiba,"UF + nome normalizado (caixa, acentos e espaços)",pareamento_unico_por_nome_uf
37494,MUTUÍPE,BA,mutuipe,2922409,Mutuípe,"UF + nome normalizado (caixa, acentos e espaços)",pareamento_unico_por_nome_uf
37516,NAZARÉ,BA,nazare,2922508,Nazaré,"UF + nome normalizado (caixa, acentos e espaços)",pareamento_unico_por_nome_uf
37532,NILO PEÇANHA,BA,nilo pecanha,2922607,Nilo Peçanha,"UF + nome normalizado (caixa, acentos e espaços)",pareamento_unico_por_nome_uf
37559,NOVA CANAÃ,BA,nova canaa,2922706,Nova Canaã,"UF + nome normalizado (caixa, acentos e espaços)",pareamento_unico_por_nome_uf
37567,NOVA FÁTIMA,BA,nova fatima,2922730,Nova Fátima,"UF + nome normalizado (caixa, acentos e espaços)",pareamento_unico_por_nome_uf
37575,NOVA ITARANA,BA,nova itarana,2922805,Nova Itarana,"UF + nome normalizado (caixa, acentos e espaços)",pareamento_unico_por_nome_uf
37583,NOVA REDENÇÃO,BA,nova redencao,2922854,Nova Redenção,"UF + nome normalizado (caixa, acentos e espaços)",pareamento_unico_por_nome_uf
37591,NOVA SOURE,BA,nova soure,2922904,Nova Soure,"UF + nome normalizado (caixa, acentos e espaços)",pareamento_unico_por_nome_uf
37613,NOVA VIÇOSA,BA,nova vicosa,2923001,Nova Viçosa,"UF + nome normalizado (caixa, acentos e espaços)",pareamento_unico_por_nome_uf
37621,NOVO TRIUNFO,BA,novo triunfo,2923050,Novo Triunfo,"UF + nome normalizado (caixa, acentos e espaços)",pareamento_unico_por_nome_uf
37630,OLINDINA,BA,olindina,2923100,Olindina,"UF + nome normalizado (caixa, acentos e espaços)",pareamento_unico_por_nome_uf
37656,OLIVEIRA DOS BREJINHOS,BA,oliveira dos brejinhos,2923209,Oliveira dos Brejinhos,"UF + nome normalizado (caixa, acentos e espaços)",pareamento_unico_por_nome_uf
37672,OURIÇANGAS,BA,ouricangas,2923308,Ouriçangas,"UF + nome normalizado (caixa, acentos e espaços)",pareamento_unico_por_nome_uf
37680,OUROLÂNDIA,BA,ourolandia,2923357,Ourolândia,"UF + nome normalizado (caixa, acentos e espaços)",pareamento_unico_por_nome_uf
37699,PALMAS DE MONTE ALTO,BA,palmas de monte alto,2923407,Palmas de Monte Alto,"UF + nome normalizado (caixa, acentos e espaços)",pareamento_unico_por_nome_uf
37710,PALMEIRAS,BA,palmeiras,2923506,Palmeiras,"UF + nome normalizado (caixa, acentos e espaços)",pareamento_unico_por_nome_uf
37737,PARAMIRIM,BA,paramirim,2923605,Paramirim,"UF + nome normalizado (caixa, acentos e espaços)",pareamento_unico_por_nome_uf
37753,PARATINGA,BA,paratinga,2923704,Paratinga,"UF + nome normalizado (caixa, acentos e espaços)",pareamento_unico_por_nome_uf
37770,PARIPIRANGA,BA,paripiranga,2923803,Paripiranga,"UF + nome normalizado (caixa, acentos e espaços)",pareamento_unico_por_nome_uf
37796,PAU BRASIL,BA,pau brasil,2923902,Pau Brasil,"UF + nome normalizado (caixa, acentos e espaços)",pareamento_unico_por_nome_uf
37818,PAULO AFONSO,BA,paulo afonso,2924009,Paulo Afonso,"UF + nome normalizado (caixa, acentos e espaços)",pareamento_unico_por_nome_uf
37834,PEDRÃO,BA,pedrao,2924108,Pedrão,"UF + nome normalizado (caixa, acentos e espaços)",pareamento_unico_por_nome_uf
37850,PEDRO ALEXANDRE,BA,pedro alexandre,2924207,Pedro Alexandre,"UF + nome normalizado (caixa, acentos e espaços)",pareamento_unico_por_nome_uf
37877,PIATÃ,BA,piata,2924306,Piatã,"UF + nome normalizado (caixa, acentos e espaços)",pareamento_unico_por_nome_uf
37893,PILÃO ARCADO,BA,pilao arcado,2924405,Pilão Arcado,"UF + nome normalizado (caixa, acentos e espaços)",pareamento_unico_por_nome_uf
37915,PINDAÍ,BA,pindai,2924504,Pindaí,"UF + nome normalizado (caixa, acentos e espaços)",pareamento_unico_por_nome_uf
37931,PINDOBAÇU,BA,pindobacu,2924603,Pindobaçu,"UF + nome normalizado (caixa, acentos e espaços)",pareamento_unico_por_nome_uf
37940,PIRAÍ DO NORTE,BA,pirai do norte,2924678,Piraí do Norte,"UF + nome normalizado (caixa, acentos e espaços)",pareamento_unico_por_nome_uf
37958,PIRIPÁ,BA,piripa,2924702,Piripá,"UF + nome normalizado (caixa, acentos e espaços)",pareamento_unico_por_nome_uf
37974,PIRITIBA,BA,piritiba,2924801,Piritiba,"UF + nome normalizado (caixa, acentos e espaços)",pareamento_unico_por_nome_uf
37990,PLANALTINO,BA,planaltino,2924900,Planaltino,"UF + nome normalizado (caixa, acentos e espaços)",pareamento_unico_por_nome_uf
38016,PLANALTO,BA,planalto,2925006,Planalto,"UF + nome normalizado (caixa, acentos e espaços)",pareamento_unico_por_nome_uf
38032,POÇÕES,BA,pocoes,2925105,Poções,"UF + nome normalizado (caixa, acentos e espaços)",pareamento_unico_por_nome_uf
38059,POJUCA,BA,pojuca,2925204,Pojuca,"UF + nome normalizado (caixa, acentos e espaços)",pareamento_unico_por_nome_uf
38067,PONTO NOVO,BA,ponto novo,2925253,Ponto Novo,"UF + nome normalizado (caixa, acentos e espaços)",pareamento_unico_por_nome_uf
38075,PORTO SEGURO,BA,porto seguro,2925303,Porto Seguro,"UF + nome normalizado (caixa, acentos e espaços)",pareamento_unico_por_nome_uf
38091,POTIRAGUÁ,BA,potiragua,2925402,Potiraguá,"UF + nome normalizado (caixa, acentos e espaços)",pareamento_unico_por_nome_uf
38113,PRADO,BA,prado,2925501,Prado,"UF + nome normalizado (caixa, acentos e espaços)",pareamento_unico_por_nome_uf
38130,PRESIDENTE DUTRA,BA,presidente dutra,2925600,Presidente Dutra,"UF + nome normalizado (caixa, acentos e espaços)",pareamento_unico_por_nome_uf
38156,PRESIDENTE JÂNIO QUADROS,BA,presidente janio quadros,2925709,Presidente Jânio Quadros,"UF + nome normalizado (caixa, acentos e espaços)",pareamento_unico_por_nome_uf
38164,PRESIDENTE TANCREDO NEVES,BA,presidente tancredo neves,2925758,Presidente Tancredo Neves,"UF + nome normalizado (caixa, acentos e espaços)",pareamento_unico_por_nome_uf
38172,QUEIMADAS,BA,queimadas,2925808,Queimadas,"UF + nome normalizado (caixa, acentos e espaços)",pareamento_unico_por_nome_uf
38199,QUIJINGUE,BA,quijingue,2925907,Quijingue,"UF + nome normalizado (caixa, acentos e espaços)",pareamento_unico_por_nome_uf
38210,REMANSO,BA,remanso,2926004,Remanso,"UF + nome normalizado (caixa, acentos e espaços)",pareamento_unico_por_nome_uf
38237,RETIROLÂNDIA,BA,retirolandia,2926103,Retirolândia,"UF + nome normalizado (caixa, acentos e espaços)",pareamento_unico_por_nome_uf
38253,RIACHÃO DAS NEVES,BA,riachao das neves,2926202,Riachão das Neves,"UF + nome normalizado (caixa, acentos e espaços)",pareamento_unico_por_nome_uf
38270,RIACHÃO DO JACUÍPE,BA,riachao do jacuipe,2926301,Riachão do Jacuípe,"UF + nome normalizado (caixa, acentos e espaços)",pareamento_unico_por_nome_uf
38296,RIACHO DE SANTANA,BA,riacho de santana,2926400,Riacho de Santana,"UF + nome normalizado (caixa, acentos e espaços)",pareamento_unico_por_nome_uf
38318,RIBEIRA DO AMPARO,BA,ribeira do amparo,2926509,Ribeira do Amparo,"UF + nome normalizado (caixa, acentos e espaços)",pareamento_unico_por_nome_uf
38334,RIBEIRA DO POMBAL,BA,ribeira do pombal,2926608,Ribeira do Pombal,"UF + nome normalizado (caixa, acentos e espaços)",pareamento_unico_por_nome_uf
38342,RIBEIRÃO DO LARGO,BA,ribeirao do largo,2926657,Ribeirão do Largo,"UF + nome normalizado (caixa, acentos e espaços)",pareamento_unico_por_nome_uf
38350,RIO DE CONTAS,BA,rio de contas,2926707,Rio de Contas,"UF + nome normalizado (caixa, acentos e espaços)",pareamento_unico_por_nome_uf
38377,RIO DO ANTÔNIO,BA,rio do antonio,2926806,Rio do Antônio,"UF + nome normalizado (caixa, acentos e espaços)",pareamento_unico_por_nome_uf
38393,RIO DO PIRES,BA,rio do pires,2926905,Rio do Pires,"UF + nome normalizado (caixa, acentos e espaços)",pareamento_unico_por_nome_uf
38415,RIO REAL,BA,rio real,2927002,Rio Real,"UF + nome normalizado (caixa, acentos e espaços)",pareamento_unico_por_nome_uf
38431,RODELAS,BA,rodelas,2927101,Rodelas,"UF + nome normalizado (caixa, acentos e espaços)",pareamento_unico_por_nome_uf
38458,RUY BARBOSA,BA,ruy barbosa,2927200,Ruy Barbosa,"UF + nome normalizado (caixa, acentos e espaços)",pareamento_unico_por_nome_uf
38474,SALINAS DA MARGARIDA,BA,salinas da margarida,2927309,Salinas da Margarida,"UF + nome normalizado (caixa, acentos e espaços)",pareamento_unico_por_nome_uf
38490,SALVADOR,BA,salvador,2927408,Salvador,"UF + nome normalizado (caixa, acentos e espaços)",pareamento_unico_por_nome_uf
38512,SANTA BÁRBARA,BA,santa barbara,2927507,Santa Bárbara,"UF + nome normalizado (caixa, acentos e espaços)",pareamento_unico_por_nome_uf
38539,SANTA BRÍGIDA,BA,santa brigida,2927606,Santa Brígida,"UF + nome normalizado (caixa, acentos e espaços)",pareamento_unico_por_nome_uf
38555,SANTA CRUZ CABRÁLIA,BA,santa cruz cabralia,2927705,Santa Cruz Cabrália,"UF + nome normalizado (caixa, acentos e espaços)",pareamento_unico_por_nome_uf
38571,SANTA CRUZ DA VITÓRIA,BA,santa cruz da vitoria,2927804,Santa Cruz da Vitória,"UF + nome normalizado (caixa, acentos e espaços)",pareamento_unico_por_nome_uf
38598,SANTA INÊS,BA,santa ines,2927903,Santa Inês,"UF + nome normalizado (caixa, acentos e espaços)",pareamento_unico_por_nome_uf
38610,SANTALUZ,BA,santaluz,2928000,Santaluz,"UF + nome normalizado (caixa, acentos e espaços)",pareamento_unico_por_nome_uf
38636,SANTA MARIA DA VITÓRIA,BA,santa maria da vitoria,2928109,Santa Maria da Vitória,"UF + nome normalizado (caixa, acentos e espaços)",pareamento_unico_por_nome_uf
38652,SANTANA,BA,santana,2928208,Santana,"UF + nome normalizado (caixa, acentos e espaços)",pareamento_unico_por_nome_uf
38679,SANTANÓPOLIS,BA,santanopolis,2928307,Santanópolis,"UF + nome normalizado (caixa, acentos e espaços)",pareamento_unico_por_nome_uf
38695,SANTA TEREZINHA,BA,santa terezinha,2928505,Santa Terezinha,"UF + nome normalizado (caixa, acentos e espaços)",pareamento_unico_por_nome_uf
38717,SANTO AMARO,BA,santo amaro,2928604,Santo Amaro,"UF + nome normalizado (caixa, acentos e espaços)",pareamento_unico_por_nome_uf
38733,SANTO ANTÔNIO DE JESUS,BA,santo antonio de jesus,2928703,Santo Antônio de Jesus,"UF + nome normalizado (caixa, acentos e espaços)",pareamento_unico_por_nome_uf
38750,SANTO ESTEVÃO,BA,santo estevao,2928802,Santo Estêvão,"UF + nome normalizado (caixa, acentos e espaços)",pareamento_unico_por_nome_uf
38776,SÃO DESIDÉRIO,BA,sao desiderio,2928901,São Desidério,"UF + nome normalizado (caixa, acentos e espaços)",pareamento_unico_por_nome_uf
38792,SÃO FÉLIX,BA,sao felix,2929008,São Félix,"UF + nome normalizado (caixa, acentos e espaços)",pareamento_unico_por_nome_uf
38806,SÃO DOMINGOS,BA,sao domingos,2928950,São Domingos,"UF + nome normalizado (caixa, acentos e espaços)",pareamento_unico_por_nome_uf
38814,SÃO FELIPE,BA,sao felipe,2929107,São Felipe,"UF + nome normalizado (caixa, acentos e espaços)",pareamento_unico_por_nome_uf
38822,SÃO FÉLIX DO CORIBE,BA,sao felix do coribe,2929057,São Félix do Coribe,"UF + nome normalizado (caixa, acentos e espaços)",pareamento_unico_por_nome_uf
38830,SÃO FRANCISCO DO CONDE,BA,sao francisco do conde,2929206,São Francisco do Conde,"UF + nome normalizado (caixa, acentos e espaços)",pareamento_unico_por_nome_uf
38857,SÃO GONÇALO DOS CAMPOS,BA,sao goncalo dos campos,2929305,São Gonçalo dos Campos,"UF + nome normalizado (caixa, acentos e espaços)",pareamento_unico_por_nome_uf
38865,SÃO JOSÉ DO JACUÍPE,BA,sao jose do jacuipe,2929370,São José do Jacuípe,"UF + nome normalizado (caixa, acentos e espaços)",pareamento_unico_por_nome_uf
38873,SÃO MIGUEL DAS MATAS,BA,sao miguel das matas,2929404,São Miguel das Matas,"UF + nome normalizado (caixa, acentos e espaços)",pareamento_unico_por_nome_uf
38890,SÃO SEBASTIÃO DO PASSÉ,BA,sao sebastiao do passe,2929503,São Sebastião do Passé,"UF + nome normalizado (caixa, acentos e espaços)",pareamento_unico_por_nome_uf
38911,SAPEAÇU,BA,sapeacu,2929602,Sapeaçu,"UF + nome normalizado (caixa, acentos e espaços)",pareamento_unico_por_nome_uf
38938,SÁTIRO DIAS,BA,satiro dias,2929701,Sátiro Dias,"UF + nome normalizado (caixa, acentos e espaços)",pareamento_unico_por_nome_uf
38946,SAUBARA,BA,saubara,2929750,Saubara,"UF + nome normalizado (caixa, acentos e espaços)",pareamento_unico_por_nome_uf
38954,SAÚDE,BA,saude,2929800,Saúde,"UF + nome normalizado (caixa, acentos e espaços)",pareamento_unico_por_nome_uf
38970,SEABRA,BA,seabra,2929909,Seabra,"UF + nome normalizado (caixa, acentos e espaços)",pareamento_unico_por_nome_uf
38997,SEBASTIÃO LARANJEIRAS,BA,sebastiao laranjeiras,2930006,Sebastião Laranjeiras,"UF + nome normalizado (caixa, acentos e espaços)",pareamento_unico_por_nome_uf
39012,SENHOR DO BONFIM,BA,senhor do bonfim,2930105,Senhor do Bonfim,"UF + nome normalizado (caixa, acentos e espaços)",pareamento_unico_por_nome_uf
39039,SENTO SÉ,BA,sento se,2930204,Sento Sé,"UF + nome normalizado (caixa, acentos e espaços)",pareamento_unico_por_nome_uf
39047,SERRA DO RAMALHO,BA,serra do ramalho,2930154,Serra do Ramalho,"UF + nome normalizado (caixa, acentos e espaços)",pareamento_unico_por_nome_uf
39055,SERRA DOURADA,BA,serra dourada,2930303,Serra Dourada,"UF + nome normalizado (caixa, acentos e espaços)",pareamento_unico_por_nome_uf
39071,SERRA PRETA,BA,serra preta,2930402,Serra Preta,"UF + nome normalizado (caixa, acentos e espaços)",pareamento_unico_por_nome_uf
39098,SERRINHA,BA,serrinha,2930501,Serrinha,"UF + nome normalizado (caixa, acentos e espaços)",pareamento_unico_por_nome_uf
39110,SERROLÂNDIA,BA,serrolandia,2930600,Serrolândia,"UF + nome normalizado (caixa, acentos e espaços)",pareamento_unico_por_nome_uf
39136,SIMÕES FILHO,BA,simoes filho,2930709,Simões Filho,"UF + nome normalizado (caixa, acentos e espaços)",pareamento_unico_por_nome_uf
39144,SÍTIO DO MATO,BA,sitio do mato,2930758,Sítio do Mato,"UF + nome normalizado (caixa, acentos e espaços)",pareamento_unico_por_nome_uf
39152,SOUTO SOARES,BA,souto soares,2930808,Souto Soares,"UF + nome normalizado (caixa, acentos e espaços)",pareamento_unico_por_nome_uf
39179,TABOCAS DO BREJO VELHO,BA,tabocas do brejo velho,2930907,Tabocas do Brejo Velho,"UF + nome normalizado (caixa, acentos e espaços)",pareamento_unico_por_nome_uf
39195,TANHAÇU,BA,tanhacu,2931004,Tanhaçu,"UF + nome normalizado (caixa, acentos e espaços)",pareamento_unico_por_nome_uf
39217,TANQUINHO,BA,tanquinho,2931103,Tanquinho,"UF + nome normalizado (caixa, acentos e espaços)",pareamento_unico_por_nome_uf
39233,TAPEROÁ,BA,taperoa,2931202,Taperoá,"UF + nome normalizado (caixa, acentos e espaços)",pareamento_unico_por_nome_uf
39250,TAPIRAMUTÁ,BA,tapiramuta,2931301,Tapiramutá,"UF + nome normalizado (caixa, acentos e espaços)",pareamento_unico_por_nome_uf
39276,TEODORO SAMPAIO,BA,teodoro sampaio,2931400,Teodoro Sampaio,"UF + nome normalizado (caixa, acentos e espaços)",pareamento_unico_por_nome_uf
39292,TEOFILÂNDIA,BA,teofilandia,2931509,Teofilândia,"UF + nome normalizado (caixa, acentos e espaços)",pareamento_unico_por_nome_uf
39314,TEOLÂNDIA,BA,teolandia,2931608,Teolândia,"UF + nome normalizado (caixa, acentos e espaços)",pareamento_unico_por_nome_uf
39330,TERRA NOVA,BA,terra nova,2931707,Terra Nova,"UF + nome normalizado (caixa, acentos e espaços)",pareamento_unico_por_nome_uf
39357,TREMEDAL,BA,tremedal,2931806,Tremedal,"UF + nome normalizado (caixa, acentos e espaços)",pareamento_unico_por_nome_uf
39373,TUCANO,BA,tucano,2931905,Tucano,"UF + nome normalizado (caixa, acentos e espaços)",pareamento_unico_por_nome_uf
39390,UAUÁ,BA,uaua,2932002,Uauá,"UF + nome normalizado (caixa, acentos e espaços)",pareamento_unico_por_nome_uf
39411,UBAÍRA,BA,ubaira,2932101,Ubaíra,"UF + nome normalizado (caixa, acentos e espaços)",pareamento_unico_por_nome_uf
39438,UBAITABA,BA,ubaitaba,2932200,Ubaitaba,"UF + nome normalizado (caixa, acentos e espaços)",pareamento_unico_por_nome_uf
39454,UBATÃ,BA,ubata,2932309,Ubatã,"UF + nome normalizado (caixa, acentos e espaços)",pareamento_unico_por_nome_uf
39470,UIBAÍ,BA,uibai,2932408,Uibaí,"UF + nome normalizado (caixa, acentos e espaços)",pareamento_unico_por_nome_uf
39489,UMBURANAS,BA,umburanas,2932457,Umburanas,"UF + nome normalizado (caixa, acentos e espaços)",pareamento_unico_por_nome_uf
39497,UNA,BA,una,2932507,Una,"UF + nome normalizado (caixa, acentos e espaços)",pareamento_unico_por_nome_uf
39519,URANDI,BA,urandi,2932606,Urandi,"UF + nome normalizado (caixa, acentos e espaços)",pareamento_unico_por_nome_uf
39535,URUÇUCA,BA,urucuca,2932705,Uruçuca,"UF + nome normalizado (caixa, acentos e espaços)",pareamento_unico_por_nome_uf
39551,UTINGA,BA,utinga,2932804,Utinga,"UF + nome normalizado (caixa, acentos e espaços)",pareamento_unico_por_nome_uf
39578,VALENÇA,BA,valenca,2932903,Valença,"UF + nome normalizado (caixa, acentos e espaços)",pareamento_unico_por_nome_uf
39594,VALENTE,BA,valente,2933000,Valente,"UF + nome normalizado (caixa, acentos e espaços)",pareamento_unico_por_nome_uf
39616,VÁRZEA DO POÇO,BA,varzea do poco,2933109,Várzea do Poço,"UF + nome normalizado (caixa, acentos e espaços)",pareamento_unico_por_nome_uf
39624,VARZEDO,BA,varzedo,2933174,Varzedo,"UF + nome normalizado (caixa, acentos e espaços)",pareamento_unico_por_nome_uf
39632,VERA CRUZ,BA,vera cruz,2933208,Vera Cruz,"UF + nome normalizado (caixa, acentos e espaços)",pareamento_unico_por_nome_uf
39640,VEREDA,BA,vereda,2933257,Vereda,"UF + nome normalizado (caixa, acentos e espaços)",pareamento_unico_por_nome_uf
39659,VITÓRIA DA CONQUISTA,BA,vitoria da conquista,2933307,Vitória da Conquista,"UF + nome normalizado (caixa, acentos e espaços)",pareamento_unico_por_nome_uf
39675,WAGNER,BA,wagner,2933406,Wagner,"UF + nome normalizado (caixa, acentos e espaços)",pareamento_unico_por_nome_uf
39691,WENCESLAU GUIMARÃES,BA,wenceslau guimaraes,2933505,Wenceslau Guimarães,"UF + nome normalizado (caixa, acentos e espaços)",pareamento_unico_por_nome_uf
39713,XIQUE-XIQUE,BA,xique-xique,2933604,Xique-Xique,"UF + nome normalizado (caixa, acentos e espaços)",pareamento_unico_por_nome_uf
39730,LAPÃO,BA,lapao,2919157,Lapão,"UF + nome normalizado (caixa, acentos e espaços)",pareamento_unico_por_nome_uf
39748,MADRE DE DEUS,BA,madre de deus,2919926,Madre de Deus,"UF + nome normalizado (caixa, acentos e espaços)",pareamento_unico_por_nome_uf
39756,MAETINGA,BA,maetinga,2919959,Maetinga,"UF + nome normalizado (caixa, acentos e espaços)",pareamento_unico_por_nome_uf
39772,MANSIDÃO,BA,mansidao,2920452,Mansidão,"UF + nome normalizado (caixa, acentos e espaços)",pareamento_unico_por_nome_uf
39799,NORDESTINA,BA,nordestina,2922656,Nordestina,"UF + nome normalizado (caixa, acentos e espaços)",pareamento_unico_por_nome_uf
39810,PÉ DE SERRA,BA,pe de serra,2924058,Pé de Serra,"UF + nome normalizado (caixa, acentos e espaços)",pareamento_unico_por_nome_uf
39837,PINTADAS,BA,pintadas,2924652,Pintadas,"UF + nome normalizado (caixa, acentos e espaços)",pareamento_unico_por_nome_uf
39845,QUIXABEIRA,BA,quixabeira,2925931,Quixabeira,"UF + nome normalizado (caixa, acentos e espaços)",pareamento_unico_por_nome_uf
39853,RAFAEL JAMBEIRO,BA,rafael jambeiro,2925956,Rafael Jambeiro,"UF + nome normalizado (caixa, acentos e espaços)",pareamento_unico_por_nome_uf
39870,SANTA LUZIA,BA,santa luzia,2928059,Santa Luzia,"UF + nome normalizado (caixa, acentos e espaços)",pareamento_unico_por_nome_uf
39896,SÃO GABRIEL,BA,sao gabriel,2929255,São Gabriel,"UF + nome normalizado (caixa, acentos e espaços)",pareamento_unico_por_nome_uf
39900,SÍTIO DO QUINTO,BA,sitio do quinto,2930766,Sítio do Quinto,"UF + nome normalizado (caixa, acentos e espaços)",pareamento_unico_por_nome_uf
39918,TANQUE NOVO,BA,tanque novo,2931053,Tanque Novo,"UF + nome normalizado (caixa, acentos e espaços)",pareamento_unico_por_nome_uf
39926,SÃO JOSÉ DA VITÓRIA,BA,sao jose da vitoria,2929354,São José da Vitória,"UF + nome normalizado (caixa, acentos e espaços)",pareamento_unico_por_nome_uf
39934,TEIXEIRA DE FREITAS,BA,teixeira de freitas,2931350,Teixeira de Freitas,"UF + nome normalizado (caixa, acentos e espaços)",pareamento_unico_por_nome_uf
39942,NOVO HORIZONTE,BA,novo horizonte,2923035,Novo Horizonte,"UF + nome normalizado (caixa, acentos e espaços)",pareamento_unico_por_nome_uf
39950,VÁRZEA NOVA,BA,varzea nova,2933158,Várzea Nova,"UF + nome normalizado (caixa, acentos e espaços)",pareamento_unico_por_nome_uf
39969,NOVA IBIÁ,BA,nova ibia,2922755,Nova Ibiá,"UF + nome normalizado (caixa, acentos e espaços)",pareamento_unico_por_nome_uf
39977,VÁRZEA DA ROÇA,BA,varzea da roca,2933059,Várzea da Roça,"UF + nome normalizado (caixa, acentos e espaços)",pareamento_unico_por_nome_uf
39985,SOBRADINHO,BA,sobradinho,2930774,Sobradinho,"UF + nome normalizado (caixa, acentos e espaços)",pareamento_unico_por_nome_uf
39993,WANDERLEY,BA,wanderley,2933455,Wanderley,"UF + nome normalizado (caixa, acentos e espaços)",pareamento_unico_por_nome_uf
13005,JIJOCA DE JERICOACOARA,CE,jijoca de jericoacoara,2307254,Jijoca de Jericoacoara,"UF + nome normalizado (caixa, acentos e espaços)",pareamento_unico_por_nome_uf
13013,ABAIARA,CE,abaiara,2300101,Abaiara,"UF + nome normalizado (caixa, acentos e espaços)",pareamento_unico_por_nome_uf
13021,MADALENA,CE,madalena,2307635,Madalena,"UF + nome normalizado (caixa, acentos e espaços)",pareamento_unico_por_nome_uf
13030,ACARAÚ,CE,acarau,2300200,Acaraú,"UF + nome normalizado (caixa, acentos e espaços)",pareamento_unico_por_nome_uf
13048,PIRES FERREIRA,CE,pires ferreira,2310951,Pires Ferreira,"UF + nome normalizado (caixa, acentos e espaços)",pareamento_unico_por_nome_uf
13056,ACOPIARA,CE,acopiara,2300309,Acopiara,"UF + nome normalizado (caixa, acentos e espaços)",pareamento_unico_por_nome_uf
13064,GRAÇA,CE,graca,2304657,Graça,"UF + nome normalizado (caixa, acentos e espaços)",pareamento_unico_por_nome_uf
13072,AIUABA,CE,aiuaba,2300408,Aiuaba,"UF + nome normalizado (caixa, acentos e espaços)",pareamento_unico_por_nome_uf
13080,TURURU,CE,tururu,2313559,Tururu,"UF + nome normalizado (caixa, acentos e espaços)",pareamento_unico_por_nome_uf
13099,ALCÂNTARAS,CE,alcantaras,2300507,Alcântaras,"UF + nome normalizado (caixa, acentos e espaços)",pareamento_unico_por_nome_uf
13102,QUITERIANÓPOLIS,CE,quiterianopolis,2311264,Quiterianópolis,"UF + nome normalizado (caixa, acentos e espaços)",pareamento_unico_por_nome_uf
13110,ALTANEIRA,CE,altaneira,2300606,Altaneira,"UF + nome normalizado (caixa, acentos e espaços)",pareamento_unico_por_nome_uf
13129,BARREIRA,CE,barreira,2301950,Barreira,"UF + nome normalizado (caixa, acentos e espaços)",pareamento_unico_por_nome_uf
13137,ALTO SANTO,CE,alto santo,2300705,Alto Santo,"UF + nome normalizado (caixa, acentos e espaços)",pareamento_unico_por_nome_uf
13145,ACARAPE,CE,acarape,2300150,Acarape,"UF + nome normalizado (caixa, acentos e espaços)",pareamento_unico_por_nome_uf
13153,ANTONINA DO NORTE,CE,antonina do norte,2300804,Antonina do Norte,"UF + nome normalizado (caixa, acentos e espaços)",pareamento_unico_por_nome_uf
13161,CHOROZINHO,CE,chorozinho,2303956,Chorozinho,"UF + nome normalizado (caixa, acentos e espaços)",pareamento_unico_por_nome_uf
13170,APUIARÉS,CE,apuiares,2300903,Apuiarés,"UF + nome normalizado (caixa, acentos e espaços)",pareamento_unico_por_nome_uf
13188,HORIZONTE,CE,horizonte,2305233,Horizonte,"UF + nome normalizado (caixa, acentos e espaços)",pareamento_unico_por_nome_uf
13196,AQUIRAZ,CE,aquiraz,2301000,Aquiraz,"UF + nome normalizado (caixa, acentos e espaços)",pareamento_unico_por_nome_uf
13200,ERERÉ,CE,erere,2304277,Ereré,"UF + nome normalizado (caixa, acentos e espaços)",pareamento_unico_por_nome_uf
13218,ARACATI,CE,aracati,2301109,Aracati,"UF + nome normalizado (caixa, acentos e espaços)",pareamento_unico_por_nome_uf
13226,EUSÉBIO,CE,eusebio,2304285,Eusébio,"UF + nome normalizado (caixa, acentos e espaços)",pareamento_unico_por_nome_uf
13234,ARACOIABA,CE,aracoiaba,2301208,Aracoiaba,"UF + nome normalizado (caixa, acentos e espaços)",pareamento_unico_por_nome_uf
13242,GUAIÚBA,CE,guaiuba,2304954,Guaiúba,"UF + nome normalizado (caixa, acentos e espaços)",pareamento_unico_por_nome_uf
13250,ARARIPE,CE,araripe,2301307,Araripe,"UF + nome normalizado (caixa, acentos e espaços)",pareamento_unico_por_nome_uf
13269,POTIRETAMA,CE,potiretama,2311231,Potiretama,"UF + nome normalizado (caixa, acentos e espaços)",pareamento_unico_por_nome_uf
13277,ARATUBA,CE,aratuba,2301406,Aratuba,"UF + nome normalizado (caixa, acentos e espaços)",pareamento_unico_por_nome_uf
13285,PINDORETAMA,CE,pindoretama,2310852,Pindoretama,"UF + nome normalizado (caixa, acentos e espaços)",pareamento_unico_por_nome_uf
13293,ARNEIROZ,CE,arneiroz,2301505,Arneiroz,"UF + nome normalizado (caixa, acentos e espaços)",pareamento_unico_por_nome_uf
13307,OCARA,CE,ocara,2309458,Ocara,"UF + nome normalizado (caixa, acentos e espaços)",pareamento_unico_por_nome_uf
13315,ASSARÉ,CE,assare,2301604,Assaré,"UF + nome normalizado (caixa, acentos e espaços)",pareamento_unico_por_nome_uf
13323,TEJUÇUOCA,CE,tejucuoca,2313351,Tejuçuoca,"UF + nome normalizado (caixa, acentos e espaços)",pareamento_unico_por_nome_uf
13331,AURORA,CE,aurora,2301703,Aurora,"UF + nome normalizado (caixa, acentos e espaços)",pareamento_unico_por_nome_uf
13340,IPAPORANGA,CE,ipaporanga,2305654,Ipaporanga,"UF + nome normalizado (caixa, acentos e espaços)",pareamento_unico_por_nome_uf
13358,BAIXIO,CE,baixio,2301802,Baixio,"UF + nome normalizado (caixa, acentos e espaços)",pareamento_unico_por_nome_uf
13366,TARRAFAS,CE,tarrafas,2313252,Tarrafas,"UF + nome normalizado (caixa, acentos e espaços)",pareamento_unico_por_nome_uf
13374,BARBALHA,CE,barbalha,2301901,Barbalha,"UF + nome normalizado (caixa, acentos e espaços)",pareamento_unico_por_nome_uf
13382,BANABUIÚ,CE,banabuiu,2301851,Banabuiú,"UF + nome normalizado (caixa, acentos e espaços)",pareamento_unico_por_nome_uf
13390,BARRO,CE,barro,2302008,Barro,"UF + nome normalizado (caixa, acentos e espaços)",pareamento_unico_por_nome_uf
13404,BARROQUINHA,CE,barroquinha,2302057,Barroquinha,"UF + nome normalizado (caixa, acentos e espaços)",pareamento_unico_por_nome_uf
13412,BATURITÉ,CE,baturite,2302107,Baturité,"UF + nome normalizado (caixa, acentos e espaços)",pareamento_unico_por_nome_uf
13420,ARARENDÁ,CE,ararenda,2301257,Ararendá,"UF + nome normalizado (caixa, acentos e espaços)",pareamento_unico_por_nome_uf
13439,BEBERIBE,CE,beberibe,2302206,Beberibe,"UF + nome normalizado (caixa, acentos e espaços)",pareamento_unico_por_nome_uf
13447,CATUNDA,CE,catunda,2303659,Catunda,"UF + nome normalizado (caixa, acentos e espaços)",pareamento_unico_por_nome_uf
13455,BELA CRUZ,CE,bela cruz,2302305,Bela Cruz,"UF + nome normalizado (caixa, acentos e espaços)",pareamento_unico_por_nome_uf
13463,CHORÓ,CE,choro,2303931,Choró,"UF + nome normalizado (caixa, acentos e espaços)",pareamento_unico_por_nome_uf
13471,BOA VIAGEM,CE,boa viagem,2302404,Boa Viagem,"UF + nome normalizado (caixa, acentos e espaços)",pareamento_unico_por_nome_uf
13480,ITAITINGA,CE,itaitinga,2306256,Itaitinga,"UF + nome normalizado (caixa, acentos e espaços)",pareamento_unico_por_nome_uf
13498,BREJO SANTO,CE,brejo santo,2302503,Brejo Santo,"UF + nome normalizado (caixa, acentos e espaços)",pareamento_unico_por_nome_uf
13501,FORTIM,CE,fortim,2304459,Fortim,"UF + nome normalizado (caixa, acentos e espaços)",pareamento_unico_por_nome_uf
13510,CAMOCIM,CE,camocim,2302602,Camocim,"UF + nome normalizado (caixa, acentos e espaços)",pareamento_unico_por_nome_uf
13536,CAMPOS SALES,CE,campos sales,2302701,Campos Sales,"UF + nome normalizado (caixa, acentos e espaços)",pareamento_unico_por_nome_uf
13552,CANINDÉ,CE,caninde,2302800,Canindé,"UF + nome normalizado (caixa, acentos e espaços)",pareamento_unico_por_nome_uf
13579,CAPISTRANO,CE,capistrano,2302909,Capistrano,"UF + nome normalizado (caixa, acentos e espaços)",pareamento_unico_por_nome_uf
13595,CARIDADE,CE,caridade,2303006,Caridade,"UF + nome normalizado (caixa, acentos e espaços)",pareamento_unico_por_nome_uf
13617,CARIRÉ,CE,carire,2303105,Cariré,"UF + nome normalizado (caixa, acentos e espaços)",pareamento_unico_por_nome_uf
13633,CARIRIAÇU,CE,caririacu,2303204,Caririaçu,"UF + nome normalizado (caixa, acentos e espaços)",pareamento_unico_por_nome_uf
13650,CARIÚS,CE,carius,2303303,Cariús,"UF + nome normalizado (caixa, acentos e espaços)",pareamento_unico_por_nome_uf
13676,CARNAUBAL,CE,carnaubal,2303402,Carnaubal,"UF + nome normalizado (caixa, acentos e espaços)",pareamento_unico_por_nome_uf
13692,CASCAVEL,CE,cascavel,2303501,Cascavel,"UF + nome normalizado (caixa, acentos e espaços)",pareamento_unico_por_nome_uf
13714,CATARINA,CE,catarina,2303600,Catarina,"UF + nome normalizado (caixa, acentos e espaços)",pareamento_unico_por_nome_uf
13730,CAUCAIA,CE,caucaia,2303709,Caucaia,"UF + nome normalizado (caixa, acentos e espaços)",pareamento_unico_por_nome_uf
13757,CEDRO,CE,cedro,2303808,Cedro,"UF + nome normalizado (caixa, acentos e espaços)",pareamento_unico_por_nome_uf
13773,CHAVAL,CE,chaval,2303907,Chaval,"UF + nome normalizado (caixa, acentos e espaços)",pareamento_unico_por_nome_uf
13811,COREAÚ,CE,coreau,2304004,Coreaú,"UF + nome normalizado (caixa, acentos e espaços)",pareamento_unico_por_nome_uf
13838,CRATEÚS,CE,crateus,2304103,Crateús,"UF + nome normalizado (caixa, acentos e espaços)",pareamento_unico_por_nome_uf
13854,CRATO,CE,crato,2304202,Crato,"UF + nome normalizado (caixa, acentos e espaços)",pareamento_unico_por_nome_uf
13870,FARIAS BRITO,CE,farias brito,2304301,Farias Brito,"UF + nome normalizado (caixa, acentos e espaços)",pareamento_unico_por_nome_uf
13897,FORTALEZA,CE,fortaleza,2304400,Fortaleza,"UF + nome normalizado (caixa, acentos e espaços)",pareamento_unico_por_nome_uf
13919,FRECHEIRINHA,CE,frecheirinha,2304509,Frecheirinha,"UF + nome normalizado (caixa, acentos e espaços)",pareamento_unico_por_nome_uf
13935,GENERAL SAMPAIO,CE,general sampaio,2304608,General Sampaio,"UF + nome normalizado (caixa, acentos e espaços)",pareamento_unico_por_nome_uf
13951,GRANJA,CE,granja,2304707,Granja,"UF + nome normalizado (caixa, acentos e espaços)",pareamento_unico_por_nome_uf
13978,GRANJEIRO,CE,granjeiro,2304806,Granjeiro,"UF + nome normalizado (caixa, acentos e espaços)",pareamento_unico_por_nome_uf
13994,GROAÍRAS,CE,groairas,2304905,Groaíras,"UF + nome normalizado (caixa, acentos e espaços)",pareamento_unico_por_nome_uf
14010,GUARACIABA DO NORTE,CE,guaraciaba do norte,2305001,Guaraciaba do Norte,"UF + nome normalizado (caixa, acentos e espaços)",pareamento_unico_por_nome_uf
14036,GUARAMIRANGA,CE,guaramiranga,2305100,Guaramiranga,"UF + nome normalizado (caixa, acentos e espaços)",pareamento_unico_por_nome_uf
14052,HIDROLÂNDIA,CE,hidrolandia,2305209,Hidrolândia,"UF + nome normalizado (caixa, acentos e espaços)",pareamento_unico_por_nome_uf
14060,IBARETAMA,CE,ibaretama,2305266,Ibaretama,"UF + nome normalizado (caixa, acentos e espaços)",pareamento_unico_por_nome_uf
14079,IBIAPINA,CE,ibiapina,2305308,Ibiapina,"UF + nome normalizado (caixa, acentos e espaços)",pareamento_unico_por_nome_uf
14095,ICÓ,CE,ico,2305407,Icó,"UF + nome normalizado (caixa, acentos e espaços)",pareamento_unico_por_nome_uf
14117,IGUATU,CE,iguatu,2305506,Iguatu,"UF + nome normalizado (caixa, acentos e espaços)",pareamento_unico_por_nome_uf
14133,INDEPENDÊNCIA,CE,independencia,2305605,Independência,"UF + nome normalizado (caixa, acentos e espaços)",pareamento_unico_por_nome_uf
14150,IPAUMIRIM,CE,ipaumirim,2305704,Ipaumirim,"UF + nome normalizado (caixa, acentos e espaços)",pareamento_unico_por_nome_uf
14176,IPU,CE,ipu,2305803,Ipu,"UF + nome normalizado (caixa, acentos e espaços)",pareamento_unico_por_nome_uf
14192,IPUEIRAS,CE,ipueiras,2305902,Ipueiras,"UF + nome normalizado (caixa, acentos e espaços)",pareamento_unico_por_nome_uf
14214,IRACEMA,CE,iracema,2306009,Iracema,"UF + nome normalizado (caixa, acentos e espaços)",pareamento_unico_por_nome_uf
14230,IRAUÇUBA,CE,iraucuba,2306108,Irauçuba,"UF + nome normalizado (caixa, acentos e espaços)",pareamento_unico_por_nome_uf
14257,ITAIÇABA,CE,itaicaba,2306207,Itaiçaba,"UF + nome normalizado (caixa, acentos e espaços)",pareamento_unico_por_nome_uf
14273,ITAPAJÉ,CE,itapaje,2306306,Itapajé,"UF + nome normalizado (caixa, acentos e espaços)",pareamento_unico_por_nome_uf
14290,ITAPIPOCA,CE,itapipoca,2306405,Itapipoca,"UF + nome normalizado (caixa, acentos e espaços)",pareamento_unico_por_nome_uf
14311,ITAPIÚNA,CE,itapiuna,2306504,Itapiúna,"UF + nome normalizado (caixa, acentos e espaços)",pareamento_unico_por_nome_uf
14338,ITATIRA,CE,itatira,2306603,Itatira,"UF + nome normalizado (caixa, acentos e espaços)",pareamento_unico_por_nome_uf
14354,JAGUARETAMA,CE,jaguaretama,2306702,Jaguaretama,"UF + nome normalizado (caixa, acentos e espaços)",pareamento_unico_por_nome_uf
14370,JAGUARIBARA,CE,jaguaribara,2306801,Jaguaribara,"UF + nome normalizado (caixa, acentos e espaços)",pareamento_unico_por_nome_uf
14397,JAGUARIBE,CE,jaguaribe,2306900,Jaguaribe,"UF + nome normalizado (caixa, acentos e espaços)",pareamento_unico_por_nome_uf
14419,JAGUARUANA,CE,jaguaruana,2307007,Jaguaruana,"UF + nome normalizado (caixa, acentos e espaços)",pareamento_unico_por_nome_uf
14435,JARDIM,CE,jardim,2307106,Jardim,"UF + nome normalizado (caixa, acentos e espaços)",pareamento_unico_por_nome_uf
14451,JATI,CE,jati,2307205,Jati,"UF + nome normalizado (caixa, acentos e espaços)",pareamento_unico_por_nome_uf
14478,JUAZEIRO DO NORTE,CE,juazeiro do norte,2307304,Juazeiro do Norte,"UF + nome normalizado (caixa, acentos e espaços)",pareamento_unico_por_nome_uf
14494,JUCÁS,CE,jucas,2307403,Jucás,"UF + nome normalizado (caixa, acentos e espaços)",pareamento_unico_por_nome_uf
14516,LAVRAS DA MANGABEIRA,CE,lavras da mangabeira,2307502,Lavras da Mangabeira,"UF + nome normalizado (caixa, acentos e espaços)",pareamento_unico_por_nome_uf
14532,LIMOEIRO DO NORTE,CE,limoeiro do norte,2307601,Limoeiro do Norte,"UF + nome normalizado (caixa, acentos e espaços)",pareamento_unico_por_nome_uf
14559,MARANGUAPE,CE,maranguape,2307700,Maranguape,"UF + nome normalizado (caixa, acentos e espaços)",pareamento_unico_por_nome_uf
14575,MARCO,CE,marco,2307809,Marco,"UF + nome normalizado (caixa, acentos e espaços)",pareamento_unico_por_nome_uf
14591,MARTINÓPOLE,CE,martinopole,2307908,Martinópole,"UF + nome normalizado (caixa, acentos e espaços)",pareamento_unico_por_nome_uf
14613,MASSAPÊ,CE,massape,2308005,Massapê,"UF + nome normalizado (caixa, acentos e espaços)",pareamento_unico_por_nome_uf
14630,MAURITI,CE,mauriti,2308104,Mauriti,"UF + nome normalizado (caixa, acentos e espaços)",pareamento_unico_por_nome_uf
14656,MERUOCA,CE,meruoca,2308203,Meruoca,"UF + nome normalizado (caixa, acentos e espaços)",pareamento_unico_por_nome_uf
14672,MILAGRES,CE,milagres,2308302,Milagres,"UF + nome normalizado (caixa, acentos e espaços)",pareamento_unico_por_nome_uf
14680,MIRAÍMA,CE,miraima,2308377,Miraíma,"UF + nome normalizado (caixa, acentos e espaços)",pareamento_unico_por_nome_uf
14699,MISSÃO VELHA,CE,missao velha,2308401,Missão Velha,"UF + nome normalizado (caixa, acentos e espaços)",pareamento_unico_por_nome_uf
14710,MOMBAÇA,CE,mombaca,2308500,Mombaça,"UF + nome normalizado (caixa, acentos e espaços)",pareamento_unico_por_nome_uf
14737,MONSENHOR TABOSA,CE,monsenhor tabosa,2308609,Monsenhor Tabosa,"UF + nome normalizado (caixa, acentos e espaços)",pareamento_unico_por_nome_uf
14753,MORADA NOVA,CE,morada nova,2308708,Morada Nova,"UF + nome normalizado (caixa, acentos e espaços)",pareamento_unico_por_nome_uf
14770,MORAÚJO,CE,moraujo,2308807,Moraújo,"UF + nome normalizado (caixa, acentos e espaços)",pareamento_unico_por_nome_uf
14796,MORRINHOS,CE,morrinhos,2308906,Morrinhos,"UF + nome normalizado (caixa, acentos e espaços)",pareamento_unico_por_nome_uf
14818,MUCAMBO,CE,mucambo,2309003,Mucambo,"UF + nome normalizado (caixa, acentos e espaços)",pareamento_unico_por_nome_uf
14834,MULUNGU,CE,mulungu,2309102,Mulungu,"UF + nome normalizado (caixa, acentos e espaços)",pareamento_unico_por_nome_uf
14850,NOVA OLINDA,CE,nova olinda,2309201,Nova Olinda,"UF + nome normalizado (caixa, acentos e espaços)",pareamento_unico_por_nome_uf
14877,NOVA RUSSAS,CE,nova russas,2309300,Nova Russas,"UF + nome normalizado (caixa, acentos e espaços)",pareamento_unico_por_nome_uf
14893,NOVO ORIENTE,CE,novo oriente,2309409,Novo Oriente,"UF + nome normalizado (caixa, acentos e espaços)",pareamento_unico_por_nome_uf
14915,ORÓS,CE,oros,2309508,Orós,"UF + nome normalizado (caixa, acentos e espaços)",pareamento_unico_por_nome_uf
14931,PACAJUS,CE,pacajus,2309607,Pacajus,"UF + nome normalizado (caixa, acentos e espaços)",pareamento_unico_por_nome_uf
14958,PACATUBA,CE,pacatuba,2309706,Pacatuba,"UF + nome normalizado (caixa, acentos e espaços)",pareamento_unico_por_nome_uf
14974,PACOTI,CE,pacoti,2309805,Pacoti,"UF + nome normalizado (caixa, acentos e espaços)",pareamento_unico_por_nome_uf
14990,PACUJÁ,CE,pacuja,2309904,Pacujá,"UF + nome normalizado (caixa, acentos e espaços)",pareamento_unico_por_nome_uf
15016,PALHANO,CE,palhano,2310001,Palhano,"UF + nome normalizado (caixa, acentos e espaços)",pareamento_unico_por_nome_uf
15032,PALMÁCIA,CE,palmacia,2310100,Palmácia,"UF + nome normalizado (caixa, acentos e espaços)",pareamento_unico_por_nome_uf
15059,PARACURU,CE,paracuru,2310209,Paracuru,"UF + nome normalizado (caixa, acentos e espaços)",pareamento_unico_por_nome_uf
15075,PARAMBU,CE,parambu,2310308,Parambu,"UF + nome normalizado (caixa, acentos e espaços)",pareamento_unico_por_nome_uf
15091,PARAMOTI,CE,paramoti,2310407,Paramoti,"UF + nome normalizado (caixa, acentos e espaços)",pareamento_unico_por_nome_uf
15113,PEDRA BRANCA,CE,pedra branca,2310506,Pedra Branca,"UF + nome normalizado (caixa, acentos e espaços)",pareamento_unico_por_nome_uf
15130,PENAFORTE,CE,penaforte,2310605,Penaforte,"UF + nome normalizado (caixa, acentos e espaços)",pareamento_unico_por_nome_uf
15156,PENTECOSTE,CE,pentecoste,2310704,Pentecoste,"UF + nome normalizado (caixa, acentos e espaços)",pareamento_unico_por_nome_uf
15172,PEREIRO,CE,pereiro,2310803,Pereiro,"UF + nome normalizado (caixa, acentos e espaços)",pareamento_unico_por_nome_uf
15199,PIQUET CARNEIRO,CE,piquet carneiro,2310902,Piquet Carneiro,"UF + nome normalizado (caixa, acentos e espaços)",pareamento_unico_por_nome_uf
15210,PORANGA,CE,poranga,2311009,Poranga,"UF + nome normalizado (caixa, acentos e espaços)",pareamento_unico_por_nome_uf
15237,PORTEIRAS,CE,porteiras,2311108,Porteiras,"UF + nome normalizado (caixa, acentos e espaços)",pareamento_unico_por_nome_uf
15253,POTENGI,CE,potengi,2311207,Potengi,"UF + nome normalizado (caixa, acentos e espaços)",pareamento_unico_por_nome_uf
15270,QUIXADÁ,CE,quixada,2311306,Quixadá,"UF + nome normalizado (caixa, acentos e espaços)",pareamento_unico_por_nome_uf
15296,QUIXERAMOBIM,CE,quixeramobim,2311405,Quixeramobim,"UF + nome normalizado (caixa, acentos e espaços)",pareamento_unico_por_nome_uf
15318,QUIXERÉ,CE,quixere,2311504,Quixeré,"UF + nome normalizado (caixa, acentos e espaços)",pareamento_unico_por_nome_uf
15334,REDENÇÃO,CE,redencao,2311603,Redenção,"UF + nome normalizado (caixa, acentos e espaços)",pareamento_unico_por_nome_uf
15350,RERIUTABA,CE,reriutaba,2311702,Reriutaba,"UF + nome normalizado (caixa, acentos e espaços)",pareamento_unico_por_nome_uf
15377,RUSSAS,CE,russas,2311801,Russas,"UF + nome normalizado (caixa, acentos e espaços)",pareamento_unico_por_nome_uf
15393,SABOEIRO,CE,saboeiro,2311900,Saboeiro,"UF + nome normalizado (caixa, acentos e espaços)",pareamento_unico_por_nome_uf
15415,SANTANA DO ACARAÚ,CE,santana do acarau,2312007,Santana do Acaraú,"UF + nome normalizado (caixa, acentos e espaços)",pareamento_unico_por_nome_uf
15431,SANTANA DO CARIRI,CE,santana do cariri,2312106,Santana do Cariri,"UF + nome normalizado (caixa, acentos e espaços)",pareamento_unico_por_nome_uf
15440,SALITRE,CE,salitre,2311959,Salitre,"UF + nome normalizado (caixa, acentos e espaços)",pareamento_unico_por_nome_uf
15458,SANTA QUITÉRIA,CE,santa quiteria,2312205,Santa Quitéria,"UF + nome normalizado (caixa, acentos e espaços)",pareamento_unico_por_nome_uf
15474,SÃO BENEDITO,CE,sao benedito,2312304,São Benedito,"UF + nome normalizado (caixa, acentos e espaços)",pareamento_unico_por_nome_uf
15490,SÃO GONÇALO DO AMARANTE,CE,sao goncalo do amarante,2312403,São Gonçalo do Amarante,"UF + nome normalizado (caixa, acentos e espaços)",pareamento_unico_por_nome_uf
15512,SÃO JOÃO DO JAGUARIBE,CE,sao joao do jaguaribe,2312502,São João do Jaguaribe,"UF + nome normalizado (caixa, acentos e espaços)",pareamento_unico_por_nome_uf
15539,SÃO LUÍS DO CURU,CE,sao luis do curu,2312601,São Luís do Curu,"UF + nome normalizado (caixa, acentos e espaços)",pareamento_unico_por_nome_uf
15555,SENADOR POMPEU,CE,senador pompeu,2312700,Senador Pompeu,"UF + nome normalizado (caixa, acentos e espaços)",pareamento_unico_por_nome_uf
15571,SENADOR SÁ,CE,senador sa,2312809,Senador Sá,"UF + nome normalizado (caixa, acentos e espaços)",pareamento_unico_por_nome_uf
15598,SOBRAL,CE,sobral,2312908,Sobral,"UF + nome normalizado (caixa, acentos e espaços)",pareamento_unico_por_nome_uf
15610,SOLONÓPOLE,CE,solonopole,2313005,Solonópole,"UF + nome normalizado (caixa, acentos e espaços)",pareamento_unico_por_nome_uf
15636,TABULEIRO DO NORTE,CE,tabuleiro do norte,2313104,Tabuleiro do Norte,"UF + nome normalizado (caixa, acentos e espaços)",pareamento_unico_por_nome_uf
15652,TAMBORIL,CE,tamboril,2313203,Tamboril,"UF + nome normalizado (caixa, acentos e espaços)",pareamento_unico_por_nome_uf
15679,TAUÁ,CE,taua,2313302,Tauá,"UF + nome normalizado (caixa, acentos e espaços)",pareamento_unico_por_nome_uf
15695,TIANGUÁ,CE,tiangua,2313401,Tianguá,"UF + nome normalizado (caixa, acentos e espaços)",pareamento_unico_por_nome_uf
15717,TRAIRI,CE,trairi,2313500,Trairi,"UF + nome normalizado (caixa, acentos e espaços)",pareamento_unico_por_nome_uf
15733,UBAJARA,CE,ubajara,2313609,Ubajara,"UF + nome normalizado (caixa, acentos e espaços)",pareamento_unico_por_nome_uf
15750,UMARI,CE,umari,2313708,Umari,"UF + nome normalizado (caixa, acentos e espaços)",pareamento_unico_por_nome_uf
15776,URUBURETAMA,CE,uruburetama,2313807,Uruburetama,"UF + nome normalizado (caixa, acentos e espaços)",pareamento_unico_por_nome_uf
15792,URUOCA,CE,uruoca,2313906,Uruoca,"UF + nome normalizado (caixa, acentos e espaços)",pareamento_unico_por_nome_uf
15814,VÁRZEA ALEGRE,CE,varzea alegre,2314003,Várzea Alegre,"UF + nome normalizado (caixa, acentos e espaços)",pareamento_unico_por_nome_uf
15830,VIÇOSA DO CEARÁ,CE,vicosa do ceara,2314102,Viçosa do Ceará,"UF + nome normalizado (caixa, acentos e espaços)",pareamento_unico_por_nome_uf
15857,MARACANAÚ,CE,maracanau,2307650,Maracanaú,"UF + nome normalizado (caixa, acentos e espaços)",pareamento_unico_por_nome_uf
15873,AMONTADA,CE,amontada,2300754,Amontada,"UF + nome normalizado (caixa, acentos e espaços)",pareamento_unico_por_nome_uf
15881,CROATÁ,CE,croata,2304236,Croatá,"UF + nome normalizado (caixa, acentos e espaços)",pareamento_unico_por_nome_uf
15890,CRUZ,CE,cruz,2304251,Cruz,"UF + nome normalizado (caixa, acentos e espaços)",pareamento_unico_por_nome_uf
15911,FORQUILHA,CE,forquilha,2304350,Forquilha,"UF + nome normalizado (caixa, acentos e espaços)",pareamento_unico_por_nome_uf
15920,IBICUITINGA,CE,ibicuitinga,2305332,Ibicuitinga,"UF + nome normalizado (caixa, acentos e espaços)",pareamento_unico_por_nome_uf
15938,ICAPUÍ,CE,icapui,2305357,Icapuí,"UF + nome normalizado (caixa, acentos e espaços)",pareamento_unico_por_nome_uf
15954,ITAREMA,CE,itarema,2306553,Itarema,"UF + nome normalizado (caixa, acentos e espaços)",pareamento_unico_por_nome_uf
15970,MILHÃ,CE,milha,2308351,Milhã,"UF + nome normalizado (caixa, acentos e espaços)",pareamento_unico_por_nome_uf
15989,DEPUTADO IRAPUAN PINHEIRO,CE,deputado irapuan pinheiro,2304269,Deputado Irapuan Pinheiro,"UF + nome normalizado (caixa, acentos e espaços)",pareamento_unico_por_nome_uf
15997,PARAIPABA,CE,paraipaba,2310258,Paraipaba,"UF + nome normalizado (caixa, acentos e espaços)",pareamento_unico_por_nome_uf
98531,QUIXELÔ,CE,quixelo,2311355,Quixelô,"UF + nome normalizado (caixa, acentos e espaços)",pareamento_unico_por_nome_uf
98558,UMIRIM,CE,umirim,2313757,Umirim,"UF + nome normalizado (caixa, acentos e espaços)",pareamento_unico_por_nome_uf
98574,VARJOTA,CE,varjota,2313955,Varjota,"UF + nome normalizado (caixa, acentos e espaços)",pareamento_unico_por_nome_uf
97012,BRASÍLIA,DF,brasilia,5300108,Brasília,"UF + nome normalizado (caixa, acentos e espaços)",pareamento_unico_por_nome_uf
56006,SÃO DOMINGOS DO NORTE,ES,sao domingos do norte,3204658,São Domingos do Norte,"UF + nome normalizado (caixa, acentos e espaços)",pareamento_unico_por_nome_uf
56014,AFONSO CLÁUDIO,ES,afonso claudio,3200102,Afonso Cláudio,"UF + nome normalizado (caixa, acentos e espaços)",pareamento_unico_por_nome_uf
56022,ÁGUA DOCE DO NORTE,ES,agua doce do norte,3200169,Água Doce do Norte,"UF + nome normalizado (caixa, acentos e espaços)",pareamento_unico_por_nome_uf
56030,ALEGRE,ES,alegre,3200201,Alegre,"UF + nome normalizado (caixa, acentos e espaços)",pareamento_unico_por_nome_uf
56049,IRUPI,ES,irupi,3202652,Irupi,"UF + nome normalizado (caixa, acentos e espaços)",pareamento_unico_por_nome_uf
56057,ALFREDO CHAVES,ES,alfredo chaves,3200300,Alfredo Chaves,"UF + nome normalizado (caixa, acentos e espaços)",pareamento_unico_por_nome_uf
56065,ALTO RIO NOVO,ES,alto rio novo,3200359,Alto Rio Novo,"UF + nome normalizado (caixa, acentos e espaços)",pareamento_unico_por_nome_uf
56073,ANCHIETA,ES,anchieta,3200409,Anchieta,"UF + nome normalizado (caixa, acentos e espaços)",pareamento_unico_por_nome_uf
56081,VILA PAVÃO,ES,vila pavao,3205150,Vila Pavão,"UF + nome normalizado (caixa, acentos e espaços)",pareamento_unico_por_nome_uf
56090,APIACÁ,ES,apiaca,3200508,Apiacá,"UF + nome normalizado (caixa, acentos e espaços)",pareamento_unico_por_nome_uf
56103,MARECHAL FLORIANO,ES,marechal floriano,3203346,Marechal Floriano,"UF + nome normalizado (caixa, acentos e espaços)",pareamento_unico_por_nome_uf
56111,ARACRUZ,ES,aracruz,3200607,Aracruz,"UF + nome normalizado (caixa, acentos e espaços)",pareamento_unico_por_nome_uf
56120,MARATAÍZES,ES,marataizes,3203320,Marataízes,"UF + nome normalizado (caixa, acentos e espaços)",pareamento_unico_por_nome_uf
56138,ATÍLIO VIVÁCQUA,ES,atilio vivacqua,3200706,Atílio Vivácqua,"UF + nome normalizado (caixa, acentos e espaços)",pareamento_unico_por_nome_uf
56146,BREJETUBA,ES,brejetuba,3201159,Brejetuba,"UF + nome normalizado (caixa, acentos e espaços)",pareamento_unico_por_nome_uf
56154,BAIXO GUANDU,ES,baixo guandu,3200805,Baixo Guandu,"UF + nome normalizado (caixa, acentos e espaços)",pareamento_unico_por_nome_uf
56162,SÃO ROQUE DO CANAÃ,ES,sao roque do canaa,3204955,São Roque do Canaã,"UF + nome normalizado (caixa, acentos e espaços)",pareamento_unico_por_nome_uf
56170,BARRA DE SÃO FRANCISCO,ES,barra de sao francisco,3200904,Barra de São Francisco,"UF + nome normalizado (caixa, acentos e espaços)",pareamento_unico_por_nome_uf
56189,SOORETAMA,ES,sooretama,3205010,Sooretama,"UF + nome normalizado (caixa, acentos e espaços)",pareamento_unico_por_nome_uf
56197,BOA ESPERANÇA,ES,boa esperanca,3201001,Boa Esperança,"UF + nome normalizado (caixa, acentos e espaços)",pareamento_unico_por_nome_uf
56200,PONTO BELO,ES,ponto belo,3204252,Ponto Belo,"UF + nome normalizado (caixa, acentos e espaços)",pareamento_unico_por_nome_uf
56219,BOM JESUS DO NORTE,ES,bom jesus do norte,3201100,Bom Jesus do Norte,"UF + nome normalizado (caixa, acentos e espaços)",pareamento_unico_por_nome_uf
56227,VILA VALÉRIO,ES,vila valerio,3205176,Vila Valério,"UF + nome normalizado (caixa, acentos e espaços)",pareamento_unico_por_nome_uf
56235,CACHOEIRO DE ITAPEMIRIM,ES,cachoeiro de itapemirim,3201209,Cachoeiro de Itapemirim,"UF + nome normalizado (caixa, acentos e espaços)",pareamento_unico_por_nome_uf
56251,CARIACICA,ES,cariacica,3201308,Cariacica,"UF + nome normalizado (caixa, acentos e espaços)",pareamento_unico_por_nome_uf
56278,CASTELO,ES,castelo,3201407,Castelo,"UF + nome normalizado (caixa, acentos e espaços)",pareamento_unico_por_nome_uf
56294,COLATINA,ES,colatina,3201506,Colatina,"UF + nome normalizado (caixa, acentos e espaços)",pareamento_unico_por_nome_uf
56308,GOVERNADOR LINDENBERG,ES,governador lindenberg,3202256,Governador Lindenberg,"UF + nome normalizado (caixa, acentos e espaços)",pareamento_unico_por_nome_uf
56316,CONCEIÇÃO DA BARRA,ES,conceicao da barra,3201605,Conceição da Barra,"UF + nome normalizado (caixa, acentos e espaços)",pareamento_unico_por_nome_uf
56332,CONCEIÇÃO DO CASTELO,ES,conceicao do castelo,3201704,Conceição do Castelo,"UF + nome normalizado (caixa, acentos e espaços)",pareamento_unico_por_nome_uf
56359,DIVINO DE SÃO LOURENÇO,ES,divino de sao lourenco,3201803,Divino de São Lourenço,"UF + nome normalizado (caixa, acentos e espaços)",pareamento_unico_por_nome_uf
56375,DOMINGOS MARTINS,ES,domingos martins,3201902,Domingos Martins,"UF + nome normalizado (caixa, acentos e espaços)",pareamento_unico_por_nome_uf
56391,DORES DO RIO PRETO,ES,dores do rio preto,3202009,Dores do Rio Preto,"UF + nome normalizado (caixa, acentos e espaços)",pareamento_unico_por_nome_uf
56413,ECOPORANGA,ES,ecoporanga,3202108,Ecoporanga,"UF + nome normalizado (caixa, acentos e espaços)",pareamento_unico_por_nome_uf
56430,FUNDÃO,ES,fundao,3202207,Fundão,"UF + nome normalizado (caixa, acentos e espaços)",pareamento_unico_por_nome_uf
56456,GUAÇUÍ,ES,guacui,3202306,Guaçuí,"UF + nome normalizado (caixa, acentos e espaços)",pareamento_unico_por_nome_uf
56472,GUARAPARI,ES,guarapari,3202405,Guarapari,"UF + nome normalizado (caixa, acentos e espaços)",pareamento_unico_por_nome_uf
56499,IBIRAÇU,ES,ibiracu,3202504,Ibiraçu,"UF + nome normalizado (caixa, acentos e espaços)",pareamento_unico_por_nome_uf
56502,IBITIRAMA,ES,ibitirama,3202553,Ibitirama,"UF + nome normalizado (caixa, acentos e espaços)",pareamento_unico_por_nome_uf
56510,ICONHA,ES,iconha,3202603,Iconha,"UF + nome normalizado (caixa, acentos e espaços)",pareamento_unico_por_nome_uf
56537,ITAGUAÇU,ES,itaguacu,3202702,Itaguaçu,"UF + nome normalizado (caixa, acentos e espaços)",pareamento_unico_por_nome_uf
56553,ITAPEMIRIM,ES,itapemirim,3202801,Itapemirim,"UF + nome normalizado (caixa, acentos e espaços)",pareamento_unico_por_nome_uf
56570,ITARANA,ES,itarana,3202900,Itarana,"UF + nome normalizado (caixa, acentos e espaços)",pareamento_unico_por_nome_uf
56596,IÚNA,ES,iuna,3203007,Iúna,"UF + nome normalizado (caixa, acentos e espaços)",pareamento_unico_por_nome_uf
56618,JERÔNIMO MONTEIRO,ES,jeronimo monteiro,3203106,Jerônimo Monteiro,"UF + nome normalizado (caixa, acentos e espaços)",pareamento_unico_por_nome_uf
56626,JOÃO NEIVA,ES,joao neiva,3203130,João Neiva,"UF + nome normalizado (caixa, acentos e espaços)",pareamento_unico_por_nome_uf
56634,LINHARES,ES,linhares,3203205,Linhares,"UF + nome normalizado (caixa, acentos e espaços)",pareamento_unico_por_nome_uf
56650,MANTENÓPOLIS,ES,mantenopolis,3203304,Mantenópolis,"UF + nome normalizado (caixa, acentos e espaços)",pareamento_unico_por_nome_uf
56677,MIMOSO DO SUL,ES,mimoso do sul,3203403,Mimoso do Sul,"UF + nome normalizado (caixa, acentos e espaços)",pareamento_unico_por_nome_uf
56693,MONTANHA,ES,montanha,3203502,Montanha,"UF + nome normalizado (caixa, acentos e espaços)",pareamento_unico_por_nome_uf
56715,MUCURICI,ES,mucurici,3203601,Mucurici,"UF + nome normalizado (caixa, acentos e espaços)",pareamento_unico_por_nome_uf
56731,MUNIZ FREIRE,ES,muniz freire,3203700,Muniz Freire,"UF + nome normalizado (caixa, acentos e espaços)",pareamento_unico_por_nome_uf
56758,MUQUI,ES,muqui,3203809,Muqui,"UF + nome normalizado (caixa, acentos e espaços)",pareamento_unico_por_nome_uf
56774,NOVA VENÉCIA,ES,nova venecia,3203908,Nova Venécia,"UF + nome normalizado (caixa, acentos e espaços)",pareamento_unico_por_nome_uf
56790,PANCAS,ES,pancas,3204005,Pancas,"UF + nome normalizado (caixa, acentos e espaços)",pareamento_unico_por_nome_uf
56812,PINHEIROS,ES,pinheiros,3204104,Pinheiros,"UF + nome normalizado (caixa, acentos e espaços)",pareamento_unico_por_nome_uf
56839,PIÚMA,ES,piuma,3204203,Piúma,"UF + nome normalizado (caixa, acentos e espaços)",pareamento_unico_por_nome_uf
56855,PRESIDENTE KENNEDY,ES,presidente kennedy,3204302,Presidente Kennedy,"UF + nome normalizado (caixa, acentos e espaços)",pareamento_unico_por_nome_uf
56871,RIO NOVO DO SUL,ES,rio novo do sul,3204401,Rio Novo do Sul,"UF + nome normalizado (caixa, acentos e espaços)",pareamento_unico_por_nome_uf
56898,SANTA LEOPOLDINA,ES,santa leopoldina,3204500,Santa Leopoldina,"UF + nome normalizado (caixa, acentos e espaços)",pareamento_unico_por_nome_uf
56910,SANTA TERESA,ES,santa teresa,3204609,Santa Teresa,"UF + nome normalizado (caixa, acentos e espaços)",pareamento_unico_por_nome_uf
56936,SÃO GABRIEL DA PALHA,ES,sao gabriel da palha,3204708,São Gabriel da Palha,"UF + nome normalizado (caixa, acentos e espaços)",pareamento_unico_por_nome_uf
56952,SÃO JOSÉ DO CALÇADO,ES,sao jose do calcado,3204807,São José do Calçado,"UF + nome normalizado (caixa, acentos e espaços)",pareamento_unico_por_nome_uf
56979,SÃO MATEUS,ES,sao mateus,3204906,São Mateus,"UF + nome normalizado (caixa, acentos e espaços)",pareamento_unico_por_nome_uf
56995,SERRA,ES,serra,3205002,Serra,"UF + nome normalizado (caixa, acentos e espaços)",pareamento_unico_por_nome_uf
57010,VIANA,ES,viana,3205101,Viana,"UF + nome normalizado (caixa, acentos e espaços)",pareamento_unico_por_nome_uf
57037,VILA VELHA,ES,vila velha,3205200,Vila Velha,"UF + nome normalizado (caixa, acentos e espaços)",pareamento_unico_por_nome_uf
57053,VITÓRIA,ES,vitoria,3205309,Vitória,"UF + nome normalizado (caixa, acentos e espaços)",pareamento_unico_por_nome_uf
57070,MARILÂNDIA,ES,marilandia,3203353,Marilândia,"UF + nome normalizado (caixa, acentos e espaços)",pareamento_unico_por_nome_uf
57096,IBATIBA,ES,ibatiba,3202454,Ibatiba,"UF + nome normalizado (caixa, acentos e espaços)",pareamento_unico_por_nome_uf
57118,RIO BANANAL,ES,rio bananal,3204351,Rio Bananal,"UF + nome normalizado (caixa, acentos e espaços)",pareamento_unico_por_nome_uf
57134,JAGUARÉ,ES,jaguare,3203056,Jaguaré,"UF + nome normalizado (caixa, acentos e espaços)",pareamento_unico_por_nome_uf
57150,PEDRO CANÁRIO,ES,pedro canario,3204054,Pedro Canário,"UF + nome normalizado (caixa, acentos e espaços)",pareamento_unico_por_nome_uf
57916,LARANJA DA TERRA,ES,laranja da terra,3203163,Laranja da Terra,"UF + nome normalizado (caixa, acentos e espaços)",pareamento_unico_por_nome_uf
57932,SANTA MARIA DE JETIBÁ,ES,santa maria de jetiba,3204559,Santa Maria de Jetibá,"UF + nome normalizado (caixa, acentos e espaços)",pareamento_unico_por_nome_uf
57959,VARGEM ALTA,ES,vargem alta,3205036,Vargem Alta,"UF + nome normalizado (caixa, acentos e espaços)",pareamento_unico_por_nome_uf
57975,VENDA NOVA DO IMIGRANTE,ES,venda nova do imigrante,3205069,Venda Nova do Imigrante,"UF + nome normalizado (caixa, acentos e espaços)",pareamento_unico_por_nome_uf
57991,ÁGUIA BRANCA,ES,aguia branca,3200136,Águia Branca,"UF + nome normalizado (caixa, acentos e espaços)",pareamento_unico_por_nome_uf
92010,ABADIÂNIA,GO,abadiania,5200100,Abadiânia,"UF + nome normalizado (caixa, acentos e espaços)",pareamento_unico_por_nome_uf
92029,BONFINÓPOLIS,GO,bonfinopolis,5203559,Bonfinópolis,"UF + nome normalizado (caixa, acentos e espaços)",pareamento_unico_por_nome_uf
92037,ÁGUA LIMPA,GO,agua limpa,5200209,Água Limpa,"UF + nome normalizado (caixa, acentos e espaços)",pareamento_unico_por_nome_uf
92053,ALEXÂNIA,GO,alexania,5200308,Alexânia,"UF + nome normalizado (caixa, acentos e espaços)",pareamento_unico_por_nome_uf
92061,CAMPOS VERDES,GO,campos verdes,5204953,Campos Verdes,"UF + nome normalizado (caixa, acentos e espaços)",pareamento_unico_por_nome_uf
92096,ALOÂNDIA,GO,aloandia,5200506,Aloândia,"UF + nome normalizado (caixa, acentos e espaços)",pareamento_unico_por_nome_uf
92100,CEZARINA,GO,cezarina,5205455,Cezarina,"UF + nome normalizado (caixa, acentos e espaços)",pareamento_unico_por_nome_uf
92118,ALTO PARAÍSO DE GOIÁS,GO,alto paraiso de goias,5200605,Alto Paraíso de Goiás,"UF + nome normalizado (caixa, acentos e espaços)",pareamento_unico_por_nome_uf
92126,COLINAS DO SUL,GO,colinas do sul,5205521,Colinas do Sul,"UF + nome normalizado (caixa, acentos e espaços)",pareamento_unico_por_nome_uf
92150,ALVORADA DO NORTE,GO,alvorada do norte,5200803,Alvorada do Norte,"UF + nome normalizado (caixa, acentos e espaços)",pareamento_unico_por_nome_uf
92169,MORRO AGUDO DE GOIÁS,GO,morro agudo de goias,5213855,Morro Agudo de Goiás,"UF + nome normalizado (caixa, acentos e espaços)",pareamento_unico_por_nome_uf
92177,AMORINÓPOLIS,GO,amorinopolis,5200902,Amorinópolis,"UF + nome normalizado (caixa, acentos e espaços)",pareamento_unico_por_nome_uf
92207,EDEALINA,GO,edealina,5207352,Edealina,"UF + nome normalizado (caixa, acentos e espaços)",pareamento_unico_por_nome_uf
92215,ANÁPOLIS,GO,anapolis,5201108,Anápolis,"UF + nome normalizado (caixa, acentos e espaços)",pareamento_unico_por_nome_uf
92223,FAINA,GO,faina,5207535,Faina,"UF + nome normalizado (caixa, acentos e espaços)",pareamento_unico_por_nome_uf
92231,ANHANGÜERA,GO,anhanguera,5201207,Anhanguera,"UF + nome normalizado (caixa, acentos e espaços)",pareamento_unico_por_nome_uf
92258,ANICUNS,GO,anicuns,5201306,Anicuns,"UF + nome normalizado (caixa, acentos e espaços)",pareamento_unico_por_nome_uf
92266,GOUVELÂNDIA,GO,gouvelandia,5209150,Gouvelândia,"UF + nome normalizado (caixa, acentos e espaços)",pareamento_unico_por_nome_uf
92274,APARECIDA DE GOIÂNIA,GO,aparecida de goiania,5201405,Aparecida de Goiânia,"UF + nome normalizado (caixa, acentos e espaços)",pareamento_unico_por_nome_uf
92282,ITAGUARI,GO,itaguari,5210562,Itaguari,"UF + nome normalizado (caixa, acentos e espaços)",pareamento_unico_por_nome_uf
92290,APORÉ,GO,apore,5201504,Aporé,"UF + nome normalizado (caixa, acentos e espaços)",pareamento_unico_por_nome_uf
92312,ARAÇU,GO,aracu,5201603,Araçu,"UF + nome normalizado (caixa, acentos e espaços)",pareamento_unico_por_nome_uf
92320,MATRINCHÃ,GO,matrincha,5212956,Matrinchã,"UF + nome normalizado (caixa, acentos e espaços)",pareamento_unico_por_nome_uf
92339,ARAGARÇAS,GO,aragarcas,5201702,Aragarças,"UF + nome normalizado (caixa, acentos e espaços)",pareamento_unico_por_nome_uf
92347,MIMOSO DE GOIÁS,GO,mimoso de goias,5213053,Mimoso de Goiás,"UF + nome normalizado (caixa, acentos e espaços)",pareamento_unico_por_nome_uf
92355,ARAGOIÂNIA,GO,aragoiania,5201801,Aragoiânia,"UF + nome normalizado (caixa, acentos e espaços)",pareamento_unico_por_nome_uf
92363,MONTIVIDIU,GO,montividiu,5213756,Montividiu,"UF + nome normalizado (caixa, acentos e espaços)",pareamento_unico_por_nome_uf
92444,NOVO PLANALTO,GO,novo planalto,5215256,Novo Planalto,"UF + nome normalizado (caixa, acentos e espaços)",pareamento_unico_por_nome_uf
92460,PALESTINA DE GOIÁS,GO,palestina de goias,5215652,Palestina de Goiás,"UF + nome normalizado (caixa, acentos e espaços)",pareamento_unico_por_nome_uf
92495,ARUANÃ,GO,aruana,5202502,Aruanã,"UF + nome normalizado (caixa, acentos e espaços)",pareamento_unico_por_nome_uf
92517,AURILÂNDIA,GO,aurilandia,5202601,Aurilândia,"UF + nome normalizado (caixa, acentos e espaços)",pareamento_unico_por_nome_uf
92550,AVELINÓPOLIS,GO,avelinopolis,5202809,Avelinópolis,"UF + nome normalizado (caixa, acentos e espaços)",pareamento_unico_por_nome_uf
92568,SANTA FÉ DE GOIÁS,GO,santa fe de goias,5219258,Santa Fé de Goiás,"UF + nome normalizado (caixa, acentos e espaços)",pareamento_unico_por_nome_uf
92614,BALIZA,GO,baliza,5203104,Baliza,"UF + nome normalizado (caixa, acentos e espaços)",pareamento_unico_por_nome_uf
92622,SÃO JOÃO DA PARAÚNA,GO,sao joao da parauna,5220058,São João da Paraúna,"UF + nome normalizado (caixa, acentos e espaços)",pareamento_unico_por_nome_uf
92630,BARRO ALTO,GO,barro alto,5203203,Barro Alto,"UF + nome normalizado (caixa, acentos e espaços)",pareamento_unico_por_nome_uf
92649,SÃO LUIZ DO NORTE,GO,sao luiz do norte,5220157,São Luiz do Norte,"UF + nome normalizado (caixa, acentos e espaços)",pareamento_unico_por_nome_uf
92657,BELA VISTA DE GOIÁS,GO,bela vista de goias,5203302,Bela Vista de Goiás,"UF + nome normalizado (caixa, acentos e espaços)",pareamento_unico_por_nome_uf
92665,SÃO MIGUEL DO PASSA QUATRO,GO,sao miguel do passa quatro,5220264,São Miguel do Passa Quatro,"UF + nome normalizado (caixa, acentos e espaços)",pareamento_unico_por_nome_uf
92673,BOM JARDIM DE GOIÁS,GO,bom jardim de goias,5203401,Bom Jardim de Goiás,"UF + nome normalizado (caixa, acentos e espaços)",pareamento_unico_por_nome_uf
92690,BOM JESUS DE GOIÁS,GO,bom jesus de goias,5203500,Bom Jesus de Goiás,"UF + nome normalizado (caixa, acentos e espaços)",pareamento_unico_por_nome_uf
92703,SENADOR CANEDO,GO,senador canedo,5220454,Senador Canedo,"UF + nome normalizado (caixa, acentos e espaços)",pareamento_unico_por_nome_uf
92711,BRAZABRANTES,GO,brazabrantes,5203609,Brazabrantes,"UF + nome normalizado (caixa, acentos e espaços)",pareamento_unico_por_nome_uf
92720,SIMOLÂNDIA,GO,simolandia,5220686,Simolândia,"UF + nome normalizado (caixa, acentos e espaços)",pareamento_unico_por_nome_uf
92754,BRITÂNIA,GO,britania,5203807,Britânia,"UF + nome normalizado (caixa, acentos e espaços)",pareamento_unico_por_nome_uf
92762,TERESINA DE GOIÁS,GO,teresina de goias,5221080,Teresina de Goiás,"UF + nome normalizado (caixa, acentos e espaços)",pareamento_unico_por_nome_uf
92770,BURITI ALEGRE,GO,buriti alegre,5203906,Buriti Alegre,"UF + nome normalizado (caixa, acentos e espaços)",pareamento_unico_por_nome_uf
92789,TROMBAS,GO,trombas,5221452,Trombas,"UF + nome normalizado (caixa, acentos e espaços)",pareamento_unico_por_nome_uf
92797,CABECEIRAS,GO,cabeceiras,5204003,Cabeceiras,"UF + nome normalizado (caixa, acentos e espaços)",pareamento_unico_por_nome_uf
92800,TURVELÂNDIA,GO,turvelandia,5221551,Turvelândia,"UF + nome normalizado (caixa, acentos e espaços)",pareamento_unico_por_nome_uf
92819,CACHOEIRA ALTA,GO,cachoeira alta,5204102,Cachoeira Alta,"UF + nome normalizado (caixa, acentos e espaços)",pareamento_unico_por_nome_uf
92827,RIO QUENTE,GO,rio quente,5218789,Rio Quente,"UF + nome normalizado (caixa, acentos e espaços)",pareamento_unico_por_nome_uf
92835,CACHOEIRA DE GOIÁS,GO,cachoeira de goias,5204201,Cachoeira de Goiás,"UF + nome normalizado (caixa, acentos e espaços)",pareamento_unico_por_nome_uf
92851,CAÇU,GO,cacu,5204300,Caçu,"UF + nome normalizado (caixa, acentos e espaços)",pareamento_unico_por_nome_uf
92860,GUARINOS,GO,guarinos,5209457,Guarinos,"UF + nome normalizado (caixa, acentos e espaços)",pareamento_unico_por_nome_uf
92878,CAIAPÔNIA,GO,caiaponia,5204409,Caiapônia,"UF + nome normalizado (caixa, acentos e espaços)",pareamento_unico_por_nome_uf
92886,COCALZINHO DE GOIÁS,GO,cocalzinho de goias,5205513,Cocalzinho de Goiás,"UF + nome normalizado (caixa, acentos e espaços)",pareamento_unico_por_nome_uf
92894,CALDAS NOVAS,GO,caldas novas,5204508,Caldas Novas,"UF + nome normalizado (caixa, acentos e espaços)",pareamento_unico_por_nome_uf
92908,SANTO ANTÔNIO DE GOIÁS,GO,santo antonio de goias,5219738,Santo Antônio de Goiás,"UF + nome normalizado (caixa, acentos e espaços)",pareamento_unico_por_nome_uf
92916,CAMPESTRE DE GOIÁS,GO,campestre de goias,5204607,Campestre de Goiás,"UF + nome normalizado (caixa, acentos e espaços)",pareamento_unico_por_nome_uf
92924,CHAPADÃO DO CÉU,GO,chapadao do ceu,5205471,Chapadão do Céu,"UF + nome normalizado (caixa, acentos e espaços)",pareamento_unico_por_nome_uf
92932,CAMPINORTE,GO,campinorte,5204706,Campinorte,"UF + nome normalizado (caixa, acentos e espaços)",pareamento_unico_por_nome_uf
92940,ALTO HORIZONTE,GO,alto horizonte,5200555,Alto Horizonte,"UF + nome normalizado (caixa, acentos e espaços)",pareamento_unico_por_nome_uf
92959,CAMPO ALEGRE DE GOIÁS,GO,campo alegre de goias,5204805,Campo Alegre de Goiás,"UF + nome normalizado (caixa, acentos e espaços)",pareamento_unico_por_nome_uf
92967,CASTELÂNDIA,GO,castelandia,5205059,Castelândia,"UF + nome normalizado (caixa, acentos e espaços)",pareamento_unico_por_nome_uf
92975,CAMPOS BELOS,GO,campos belos,5204904,Campos Belos,"UF + nome normalizado (caixa, acentos e espaços)",pareamento_unico_por_nome_uf
92983,JESÚPOLIS,GO,jesupolis,5212055,Jesúpolis,"UF + nome normalizado (caixa, acentos e espaços)",pareamento_unico_por_nome_uf
92991,CARMO DO RIO VERDE,GO,carmo do rio verde,5205000,Carmo do Rio Verde,"UF + nome normalizado (caixa, acentos e espaços)",pareamento_unico_por_nome_uf
93009,APARECIDA DO RIO DOCE,GO,aparecida do rio doce,5201454,Aparecida do Rio Doce,"UF + nome normalizado (caixa, acentos e espaços)",pareamento_unico_por_nome_uf
93017,CATALÃO,GO,catalao,5205109,Catalão,"UF + nome normalizado (caixa, acentos e espaços)",pareamento_unico_por_nome_uf
93025,CIDADE OCIDENTAL,GO,cidade ocidental,5205497,Cidade Ocidental,"UF + nome normalizado (caixa, acentos e espaços)",pareamento_unico_por_nome_uf
93033,CATURAÍ,GO,caturai,5205208,Caturaí,"UF + nome normalizado (caixa, acentos e espaços)",pareamento_unico_por_nome_uf
93041,PROFESSOR JAMIL,GO,professor jamil,5218391,Professor Jamil,"UF + nome normalizado (caixa, acentos e espaços)",pareamento_unico_por_nome_uf
93050,CAVALCANTE,GO,cavalcante,5205307,Cavalcante,"UF + nome normalizado (caixa, acentos e espaços)",pareamento_unico_por_nome_uf
93068,PEROLÂNDIA,GO,perolandia,5216452,Perolândia,"UF + nome normalizado (caixa, acentos e espaços)",pareamento_unico_por_nome_uf
93076,CERES,GO,ceres,5205406,Ceres,"UF + nome normalizado (caixa, acentos e espaços)",pareamento_unico_por_nome_uf
93084,NOVA IGUAÇU DE GOIÁS,GO,nova iguacu de goias,5214879,Nova Iguaçu de Goiás,"UF + nome normalizado (caixa, acentos e espaços)",pareamento_unico_por_nome_uf
93092,DIVINÓPOLIS DE GOIÁS,GO,divinopolis de goias,5208301,Divinópolis de Goiás,"UF + nome normalizado (caixa, acentos e espaços)",pareamento_unico_por_nome_uf
93106,BURITI DE GOIÁS,GO,buriti de goias,5203939,Buriti de Goiás,"UF + nome normalizado (caixa, acentos e espaços)",pareamento_unico_por_nome_uf
93122,CALDAZINHA,GO,caldazinha,5204557,Caldazinha,"UF + nome normalizado (caixa, acentos e espaços)",pareamento_unico_por_nome_uf
93149,GUARAÍTA,GO,guaraita,5209291,Guaraíta,"UF + nome normalizado (caixa, acentos e espaços)",pareamento_unico_por_nome_uf
93157,CÓRREGO DO OURO,GO,corrego do ouro,5205703,Córrego do Ouro,"UF + nome normalizado (caixa, acentos e espaços)",pareamento_unico_por_nome_uf
93165,INACIOLÂNDIA,GO,inaciolandia,5209937,Inaciolândia,"UF + nome normalizado (caixa, acentos e espaços)",pareamento_unico_por_nome_uf
93173,CORUMBÁ DE GOIÁS,GO,corumba de goias,5205802,Corumbá de Goiás,"UF + nome normalizado (caixa, acentos e espaços)",pareamento_unico_por_nome_uf
93181,MONTIVIDIU DO NORTE,GO,montividiu do norte,5213772,Montividiu do Norte,"UF + nome normalizado (caixa, acentos e espaços)",pareamento_unico_por_nome_uf
93190,CORUMBAÍBA,GO,corumbaiba,5205901,Corumbaíba,"UF + nome normalizado (caixa, acentos e espaços)",pareamento_unico_por_nome_uf
93203,SANTO ANTÔNIO DA BARRA,GO,santo antonio da barra,5219712,Santo Antônio da Barra,"UF + nome normalizado (caixa, acentos e espaços)",pareamento_unico_por_nome_uf
93220,TEREZÓPOLIS DE GOIÁS,GO,terezopolis de goias,5221197,Terezópolis de Goiás,"UF + nome normalizado (caixa, acentos e espaços)",pareamento_unico_por_nome_uf
93246,UIRAPURU,GO,uirapuru,5221577,Uirapuru,"UF + nome normalizado (caixa, acentos e espaços)",pareamento_unico_por_nome_uf
93254,CRISTALINA,GO,cristalina,5206206,Cristalina,"UF + nome normalizado (caixa, acentos e espaços)",pareamento_unico_por_nome_uf
93262,BURITINÓPOLIS,GO,buritinopolis,5203962,Buritinópolis,"UF + nome normalizado (caixa, acentos e espaços)",pareamento_unico_por_nome_uf
93270,CRISTIANÓPOLIS,GO,cristianopolis,5206305,Cristianópolis,"UF + nome normalizado (caixa, acentos e espaços)",pareamento_unico_por_nome_uf
93289,VILA BOA,GO,vila boa,5222203,Vila Boa,"UF + nome normalizado (caixa, acentos e espaços)",pareamento_unico_por_nome_uf
93297,CRIXÁS,GO,crixas,5206404,Crixás,"UF + nome normalizado (caixa, acentos e espaços)",pareamento_unico_por_nome_uf
93300,VALPARAÍSO DE GOIÁS,GO,valparaiso de goias,5221858,Valparaíso de Goiás,"UF + nome normalizado (caixa, acentos e espaços)",pareamento_unico_por_nome_uf
93319,CROMÍNIA,GO,crominia,5206503,Cromínia,"UF + nome normalizado (caixa, acentos e espaços)",pareamento_unico_por_nome_uf
93327,NOVO GAMA,GO,novo gama,5215231,Novo Gama,"UF + nome normalizado (caixa, acentos e espaços)",pareamento_unico_por_nome_uf
93335,CUMARI,GO,cumari,5206602,Cumari,"UF + nome normalizado (caixa, acentos e espaços)",pareamento_unico_por_nome_uf
93343,ÁGUAS LINDAS DE GOIÁS,GO,aguas lindas de goias,5200258,Águas Lindas de Goiás,"UF + nome normalizado (caixa, acentos e espaços)",pareamento_unico_por_nome_uf
93351,DAMIANÓPOLIS,GO,damianopolis,5206701,Damianópolis,"UF + nome normalizado (caixa, acentos e espaços)",pareamento_unico_por_nome_uf
93360,ABADIA DE GOIÁS,GO,abadia de goias,5200050,Abadia de Goiás,"UF + nome normalizado (caixa, acentos e espaços)",pareamento_unico_por_nome_uf
93378,DAMOLÂNDIA,GO,damolandia,5206800,Damolândia,"UF + nome normalizado (caixa, acentos e espaços)",pareamento_unico_por_nome_uf
93386,AMARALINA,GO,amaralina,5200829,Amaralina,"UF + nome normalizado (caixa, acentos e espaços)",pareamento_unico_por_nome_uf
93394,DAVINÓPOLIS,GO,davinopolis,5206909,Davinópolis,"UF + nome normalizado (caixa, acentos e espaços)",pareamento_unico_por_nome_uf
93408,BONÓPOLIS,GO,bonopolis,5203575,Bonópolis,"UF + nome normalizado (caixa, acentos e espaços)",pareamento_unico_por_nome_uf
93424,PORTEIRÃO,GO,porteirao,5218052,Porteirão,"UF + nome normalizado (caixa, acentos e espaços)",pareamento_unico_por_nome_uf
93432,DIORAMA,GO,diorama,5207105,Diorama,"UF + nome normalizado (caixa, acentos e espaços)",pareamento_unico_por_nome_uf
93440,SANTA RITA DO NOVO DESTINO,GO,santa rita do novo destino,5219456,Santa Rita do Novo Destino,"UF + nome normalizado (caixa, acentos e espaços)",pareamento_unico_por_nome_uf
93483,SÃO PATRÍCIO,GO,sao patricio,5220280,São Patrício,"UF + nome normalizado (caixa, acentos e espaços)",pareamento_unico_por_nome_uf
93491,EDÉIA,GO,edeia,5207402,Edéia,"UF + nome normalizado (caixa, acentos e espaços)",pareamento_unico_por_nome_uf
93505,VILA PROPÍCIO,GO,vila propicio,5222302,Vila Propício,"UF + nome normalizado (caixa, acentos e espaços)",pareamento_unico_por_nome_uf
93513,ESTRELA DO NORTE,GO,estrela do norte,5207501,Estrela do Norte,"UF + nome normalizado (caixa, acentos e espaços)",pareamento_unico_por_nome_uf
93530,FAZENDA NOVA,GO,fazenda nova,5207600,Fazenda Nova,"UF + nome normalizado (caixa, acentos e espaços)",pareamento_unico_por_nome_uf
93548,IPIRANGA DE GOIÁS,GO,ipiranga de goias,5210158,Ipiranga de Goiás,"UF + nome normalizado (caixa, acentos e espaços)",pareamento_unico_por_nome_uf
93564,GAMELEIRA DE GOIÁS,GO,gameleira de goias,5208152,Gameleira de Goiás,"UF + nome normalizado (caixa, acentos e espaços)",pareamento_unico_por_nome_uf
93572,FIRMINÓPOLIS,GO,firminopolis,5207808,Firminópolis,"UF + nome normalizado (caixa, acentos e espaços)",pareamento_unico_por_nome_uf
93580,CAMPO LIMPO DE GOIÁS,GO,campo limpo de goias,5204854,Campo Limpo de Goiás,"UF + nome normalizado (caixa, acentos e espaços)",pareamento_unico_por_nome_uf
93599,FLORES DE GOIÁS,GO,flores de goias,5207907,Flores de Goiás,"UF + nome normalizado (caixa, acentos e espaços)",pareamento_unico_por_nome_uf
93602,LAGOA SANTA,GO,lagoa santa,5212253,Lagoa Santa,"UF + nome normalizado (caixa, acentos e espaços)",pareamento_unico_por_nome_uf
93610,FORMOSA,GO,formosa,5208004,Formosa,"UF + nome normalizado (caixa, acentos e espaços)",pareamento_unico_por_nome_uf
93637,FORMOSO,GO,formoso,5208103,Formoso,"UF + nome normalizado (caixa, acentos e espaços)",pareamento_unico_por_nome_uf
93670,GOIANÁPOLIS,GO,goianapolis,5208400,Goianápolis,"UF + nome normalizado (caixa, acentos e espaços)",pareamento_unico_por_nome_uf
93696,GOIANDIRA,GO,goiandira,5208509,Goiandira,"UF + nome normalizado (caixa, acentos e espaços)",pareamento_unico_por_nome_uf
93718,GOIANÉSIA,GO,goianesia,5208608,Goianésia,"UF + nome normalizado (caixa, acentos e espaços)",pareamento_unico_por_nome_uf
93734,GOIÂNIA,GO,goiania,5208707,Goiânia,"UF + nome normalizado (caixa, acentos e espaços)",pareamento_unico_por_nome_uf
93750,GOIANIRA,GO,goianira,5208806,Goianira,"UF + nome normalizado (caixa, acentos e espaços)",pareamento_unico_por_nome_uf
93777,GOIÁS,GO,goias,5208905,Goiás,"UF + nome normalizado (caixa, acentos e espaços)",pareamento_unico_por_nome_uf
93793,GOIATUBA,GO,goiatuba,5209101,Goiatuba,"UF + nome normalizado (caixa, acentos e espaços)",pareamento_unico_por_nome_uf
93815,GUAPÓ,GO,guapo,5209200,Guapó,"UF + nome normalizado (caixa, acentos e espaços)",pareamento_unico_por_nome_uf
93831,GUARANI DE GOIÁS,GO,guarani de goias,5209408,Guarani de Goiás,"UF + nome normalizado (caixa, acentos e espaços)",pareamento_unico_por_nome_uf
93874,HEITORAÍ,GO,heitorai,5209606,Heitoraí,"UF + nome normalizado (caixa, acentos e espaços)",pareamento_unico_por_nome_uf
93890,HIDROLÂNDIA,GO,hidrolandia,5209705,Hidrolândia,"UF + nome normalizado (caixa, acentos e espaços)",pareamento_unico_por_nome_uf
93912,HIDROLINA,GO,hidrolina,5209804,Hidrolina,"UF + nome normalizado (caixa, acentos e espaços)",pareamento_unico_por_nome_uf
93939,IACIARA,GO,iaciara,5209903,Iaciara,"UF + nome normalizado (caixa, acentos e espaços)",pareamento_unico_por_nome_uf
93955,INHUMAS,GO,inhumas,5210000,Inhumas,"UF + nome normalizado (caixa, acentos e espaços)",pareamento_unico_por_nome_uf
93971,IPAMERI,GO,ipameri,5210109,Ipameri,"UF + nome normalizado (caixa, acentos e espaços)",pareamento_unico_por_nome_uf
93998,IPORÁ,GO,ipora,5210208,Iporá,"UF + nome normalizado (caixa, acentos e espaços)",pareamento_unico_por_nome_uf
94013,ISRAELÂNDIA,GO,israelandia,5210307,Israelândia,"UF + nome normalizado (caixa, acentos e espaços)",pareamento_unico_por_nome_uf
94030,ITABERAÍ,GO,itaberai,5210406,Itaberaí,"UF + nome normalizado (caixa, acentos e espaços)",pareamento_unico_por_nome_uf
94072,ITAGUARU,GO,itaguaru,5210604,Itaguaru,"UF + nome normalizado (caixa, acentos e espaços)",pareamento_unico_por_nome_uf
94110,ITAJÁ,GO,itaja,5210802,Itajá,"UF + nome normalizado (caixa, acentos e espaços)",pareamento_unico_por_nome_uf
94137,ITAPACI,GO,itapaci,5210901,Itapaci,"UF + nome normalizado (caixa, acentos e espaços)",pareamento_unico_por_nome_uf
94153,ITAPIRAPUÃ,GO,itapirapua,5211008,Itapirapuã,"UF + nome normalizado (caixa, acentos e espaços)",pareamento_unico_por_nome_uf
94196,ITAPURANGA,GO,itapuranga,5211206,Itapuranga,"UF + nome normalizado (caixa, acentos e espaços)",pareamento_unico_por_nome_uf
94218,ITARUMÃ,GO,itaruma,5211305,Itarumã,"UF + nome normalizado (caixa, acentos e espaços)",pareamento_unico_por_nome_uf
94234,ITAUÇU,GO,itaucu,5211404,Itauçu,"UF + nome normalizado (caixa, acentos e espaços)",pareamento_unico_por_nome_uf
94250,ITUMBIARA,GO,itumbiara,5211503,Itumbiara,"UF + nome normalizado (caixa, acentos e espaços)",pareamento_unico_por_nome_uf
94277,IVOLÂNDIA,GO,ivolandia,5211602,Ivolândia,"UF + nome normalizado (caixa, acentos e espaços)",pareamento_unico_por_nome_uf
94293,JANDAIA,GO,jandaia,5211701,Jandaia,"UF + nome normalizado (caixa, acentos e espaços)",pareamento_unico_por_nome_uf
94315,JARAGUÁ,GO,jaragua,5211800,Jaraguá,"UF + nome normalizado (caixa, acentos e espaços)",pareamento_unico_por_nome_uf
94331,JATAÍ,GO,jatai,5211909,Jataí,"UF + nome normalizado (caixa, acentos e espaços)",pareamento_unico_por_nome_uf
94358,JAUPACI,GO,jaupaci,5212006,Jaupaci,"UF + nome normalizado (caixa, acentos e espaços)",pareamento_unico_por_nome_uf
94374,JOVIÂNIA,GO,joviania,5212105,Joviânia,"UF + nome normalizado (caixa, acentos e espaços)",pareamento_unico_por_nome_uf
94390,JUSSARA,GO,jussara,5212204,Jussara,"UF + nome normalizado (caixa, acentos e espaços)",pareamento_unico_por_nome_uf
94439,LEOPOLDO DE BULHÕES,GO,leopoldo de bulhoes,5212303,Leopoldo de Bulhões,"UF + nome normalizado (caixa, acentos e espaços)",pareamento_unico_por_nome_uf
94455,LUZIÂNIA,GO,luziania,5212501,Luziânia,"UF + nome normalizado (caixa, acentos e espaços)",pareamento_unico_por_nome_uf
94471,MAIRIPOTABA,GO,mairipotaba,5212600,Mairipotaba,"UF + nome normalizado (caixa, acentos e espaços)",pareamento_unico_por_nome_uf
94498,MAMBAÍ,GO,mambai,5212709,Mambaí,"UF + nome normalizado (caixa, acentos e espaços)",pareamento_unico_por_nome_uf
94510,MARA ROSA,GO,mara rosa,5212808,Mara Rosa,"UF + nome normalizado (caixa, acentos e espaços)",pareamento_unico_por_nome_uf
94536,MARZAGÃO,GO,marzagao,5212907,Marzagão,"UF + nome normalizado (caixa, acentos e espaços)",pareamento_unico_por_nome_uf
94552,PARANAIGUARA,GO,paranaiguara,5216304,Paranaiguara,"UF + nome normalizado (caixa, acentos e espaços)",pareamento_unico_por_nome_uf
94579,MAURILÂNDIA,GO,maurilandia,5213004,Maurilândia,"UF + nome normalizado (caixa, acentos e espaços)",pareamento_unico_por_nome_uf
94595,MINEIROS,GO,mineiros,5213103,Mineiros,"UF + nome normalizado (caixa, acentos e espaços)",pareamento_unico_por_nome_uf
94650,MOIPORÁ,GO,moipora,5213400,Moiporá,"UF + nome normalizado (caixa, acentos e espaços)",pareamento_unico_por_nome_uf
94676,MONTE ALEGRE DE GOIÁS,GO,monte alegre de goias,5213509,Monte Alegre de Goiás,"UF + nome normalizado (caixa, acentos e espaços)",pareamento_unico_por_nome_uf
94714,MONTES CLAROS DE GOIÁS,GO,montes claros de goias,5213707,Montes Claros de Goiás,"UF + nome normalizado (caixa, acentos e espaços)",pareamento_unico_por_nome_uf
94730,MORRINHOS,GO,morrinhos,5213806,Morrinhos,"UF + nome normalizado (caixa, acentos e espaços)",pareamento_unico_por_nome_uf
94757,MOSSÂMEDES,GO,mossamedes,5213905,Mossâmedes,"UF + nome normalizado (caixa, acentos e espaços)",pareamento_unico_por_nome_uf
94773,MOZARLÂNDIA,GO,mozarlandia,5214002,Mozarlândia,"UF + nome normalizado (caixa, acentos e espaços)",pareamento_unico_por_nome_uf
94790,MUTUNÓPOLIS,GO,mutunopolis,5214101,Mutunópolis,"UF + nome normalizado (caixa, acentos e espaços)",pareamento_unico_por_nome_uf
94854,NAZÁRIO,GO,nazario,5214408,Nazário,"UF + nome normalizado (caixa, acentos e espaços)",pareamento_unico_por_nome_uf
94870,NERÓPOLIS,GO,neropolis,5214507,Nerópolis,"UF + nome normalizado (caixa, acentos e espaços)",pareamento_unico_por_nome_uf
94897,NIQUELÂNDIA,GO,niquelandia,5214606,Niquelândia,"UF + nome normalizado (caixa, acentos e espaços)",pareamento_unico_por_nome_uf
94919,NOVA AMÉRICA,GO,nova america,5214705,Nova América,"UF + nome normalizado (caixa, acentos e espaços)",pareamento_unico_por_nome_uf
94935,NOVA AURORA,GO,nova aurora,5214804,Nova Aurora,"UF + nome normalizado (caixa, acentos e espaços)",pareamento_unico_por_nome_uf
94951,NOVA ROMA,GO,nova roma,5214903,Nova Roma,"UF + nome normalizado (caixa, acentos e espaços)",pareamento_unico_por_nome_uf
94978,NOVA VENEZA,GO,nova veneza,5215009,Nova Veneza,"UF + nome normalizado (caixa, acentos e espaços)",pareamento_unico_por_nome_uf
95010,NOVO BRASIL,GO,novo brasil,5215207,Novo Brasil,"UF + nome normalizado (caixa, acentos e espaços)",pareamento_unico_por_nome_uf
95036,ORIZONA,GO,orizona,5215306,Orizona,"UF + nome normalizado (caixa, acentos e espaços)",pareamento_unico_por_nome_uf
95052,OURO VERDE DE GOIÁS,GO,ouro verde de goias,5215405,Ouro Verde de Goiás,"UF + nome normalizado (caixa, acentos e espaços)",pareamento_unico_por_nome_uf
95079,OUVIDOR,GO,ouvidor,5215504,Ouvidor,"UF + nome normalizado (caixa, acentos e espaços)",pareamento_unico_por_nome_uf
95095,PADRE BERNARDO,GO,padre bernardo,5215603,Padre Bernardo,"UF + nome normalizado (caixa, acentos e espaços)",pareamento_unico_por_nome_uf
95117,PALMEIRAS DE GOIÁS,GO,palmeiras de goias,5215702,Palmeiras de Goiás,"UF + nome normalizado (caixa, acentos e espaços)",pareamento_unico_por_nome_uf
95133,PALMELO,GO,palmelo,5215801,Palmelo,"UF + nome normalizado (caixa, acentos e espaços)",pareamento_unico_por_nome_uf
95150,PALMINÓPOLIS,GO,palminopolis,5215900,Palminópolis,"UF + nome normalizado (caixa, acentos e espaços)",pareamento_unico_por_nome_uf
95176,PANAMÁ,GO,panama,5216007,Panamá,"UF + nome normalizado (caixa, acentos e espaços)",pareamento_unico_por_nome_uf
95230,PARAÚNA,GO,parauna,5216403,Paraúna,"UF + nome normalizado (caixa, acentos e espaços)",pareamento_unico_por_nome_uf
95311,PETROLINA DE GOIÁS,GO,petrolina de goias,5216809,Petrolina de Goiás,"UF + nome normalizado (caixa, acentos e espaços)",pareamento_unico_por_nome_uf
95354,PILAR DE GOIÁS,GO,pilar de goias,5216908,Pilar de Goiás,"UF + nome normalizado (caixa, acentos e espaços)",pareamento_unico_por_nome_uf
95397,PIRACANJUBA,GO,piracanjuba,5217104,Piracanjuba,"UF + nome normalizado (caixa, acentos e espaços)",pareamento_unico_por_nome_uf
95419,PIRANHAS,GO,piranhas,5217203,Piranhas,"UF + nome normalizado (caixa, acentos e espaços)",pareamento_unico_por_nome_uf
95435,PIRENÓPOLIS,GO,pirenopolis,5217302,Pirenópolis,"UF + nome normalizado (caixa, acentos e espaços)",pareamento_unico_por_nome_uf
95451,PIRES DO RIO,GO,pires do rio,5217401,Pires do Rio,"UF + nome normalizado (caixa, acentos e espaços)",pareamento_unico_por_nome_uf
95494,PONTALINA,GO,pontalina,5217708,Pontalina,"UF + nome normalizado (caixa, acentos e espaços)",pareamento_unico_por_nome_uf
95559,PORANGATU,GO,porangatu,5218003,Porangatu,"UF + nome normalizado (caixa, acentos e espaços)",pareamento_unico_por_nome_uf
95575,PORTELÂNDIA,GO,portelandia,5218102,Portelândia,"UF + nome normalizado (caixa, acentos e espaços)",pareamento_unico_por_nome_uf
95613,POSSE,GO,posse,5218300,Posse,"UF + nome normalizado (caixa, acentos e espaços)",pareamento_unico_por_nome_uf
95630,QUIRINÓPOLIS,GO,quirinopolis,5218508,Quirinópolis,"UF + nome normalizado (caixa, acentos e espaços)",pareamento_unico_por_nome_uf
95656,RIALMA,GO,rialma,5218607,Rialma,"UF + nome normalizado (caixa, acentos e espaços)",pareamento_unico_por_nome_uf
95672,RIANÁPOLIS,GO,rianapolis,5218706,Rianápolis,"UF + nome normalizado (caixa, acentos e espaços)",pareamento_unico_por_nome_uf
95710,RIO VERDE,GO,rio verde,5218805,Rio Verde,"UF + nome normalizado (caixa, acentos e espaços)",pareamento_unico_por_nome_uf
95737,RUBIATABA,GO,rubiataba,5218904,Rubiataba,"UF + nome normalizado (caixa, acentos e espaços)",pareamento_unico_por_nome_uf
95753,SANCLERLÂNDIA,GO,sanclerlandia,5219001,Sanclerlândia,"UF + nome normalizado (caixa, acentos e espaços)",pareamento_unico_por_nome_uf
95770,SANTA BÁRBARA DE GOIÁS,GO,santa barbara de goias,5219100,Santa Bárbara de Goiás,"UF + nome normalizado (caixa, acentos e espaços)",pareamento_unico_por_nome_uf
95796,SANTA CRUZ DE GOIÁS,GO,santa cruz de goias,5219209,Santa Cruz de Goiás,"UF + nome normalizado (caixa, acentos e espaços)",pareamento_unico_por_nome_uf
95818,SANTA HELENA DE GOIÁS,GO,santa helena de goias,5219308,Santa Helena de Goiás,"UF + nome normalizado (caixa, acentos e espaços)",pareamento_unico_por_nome_uf
95834,SANTA RITA DO ARAGUAIA,GO,santa rita do araguaia,5219407,Santa Rita do Araguaia,"UF + nome normalizado (caixa, acentos e espaços)",pareamento_unico_por_nome_uf
95850,SANTA ROSA DE GOIÁS,GO,santa rosa de goias,5219506,Santa Rosa de Goiás,"UF + nome normalizado (caixa, acentos e espaços)",pareamento_unico_por_nome_uf
95877,SANTA TEREZA DE GOIÁS,GO,santa tereza de goias,5219605,Santa Tereza de Goiás,"UF + nome normalizado (caixa, acentos e espaços)",pareamento_unico_por_nome_uf
95893,SANTA TEREZINHA DE GOIÁS,GO,santa terezinha de goias,5219704,Santa Terezinha de Goiás,"UF + nome normalizado (caixa, acentos e espaços)",pareamento_unico_por_nome_uf
95915,SÃO DOMINGOS,GO,sao domingos,5219803,São Domingos,"UF + nome normalizado (caixa, acentos e espaços)",pareamento_unico_por_nome_uf
95931,SÃO FRANCISCO DE GOIÁS,GO,sao francisco de goias,5219902,São Francisco de Goiás,"UF + nome normalizado (caixa, acentos e espaços)",pareamento_unico_por_nome_uf
95958,PLANALTINA,GO,planaltina,5217609,Planaltina,"UF + nome normalizado (caixa, acentos e espaços)",pareamento_unico_por_nome_uf
95974,SÃO JOÃO D ALIANÇA,GO,sao joao d alianca,,,"UF + nome normalizado (caixa, acentos e espaços)",sem_pareamento_exato
95990,SÃO LUÍS DE MONTES BELOS,GO,sao luis de montes belos,5220108,São Luís de Montes Belos,"UF + nome normalizado (caixa, acentos e espaços)",pareamento_unico_por_nome_uf
96016,SÃO MIGUEL DO ARAGUAIA,GO,sao miguel do araguaia,5220207,São Miguel do Araguaia,"UF + nome normalizado (caixa, acentos e espaços)",pareamento_unico_por_nome_uf
96059,SÃO SIMÃO,GO,sao simao,5220405,São Simão,"UF + nome normalizado (caixa, acentos e espaços)",pareamento_unico_por_nome_uf
96075,SERRANÓPOLIS,GO,serranopolis,5220504,Serranópolis,"UF + nome normalizado (caixa, acentos e espaços)",pareamento_unico_por_nome_uf
96091,SILVÂNIA,GO,silvania,5220603,Silvânia,"UF + nome normalizado (caixa, acentos e espaços)",pareamento_unico_por_nome_uf
96113,SÍTIO D ABADIA,GO,sitio d abadia,,,"UF + nome normalizado (caixa, acentos e espaços)",sem_pareamento_exato
96172,TAQUARAL DE GOIÁS,GO,taquaral de goias,5221007,Taquaral de Goiás,"UF + nome normalizado (caixa, acentos e espaços)",pareamento_unico_por_nome_uf
96237,TRÊS RANCHOS,GO,tres ranchos,5221304,Três Ranchos,"UF + nome normalizado (caixa, acentos e espaços)",pareamento_unico_por_nome_uf
96253,TRINDADE,GO,trindade,5221403,Trindade,"UF + nome normalizado (caixa, acentos e espaços)",pareamento_unico_por_nome_uf
96318,TURVÂNIA,GO,turvania,5221502,Turvânia,"UF + nome normalizado (caixa, acentos e espaços)",pareamento_unico_por_nome_uf
96334,URUAÇU,GO,uruacu,5221601,Uruaçu,"UF + nome normalizado (caixa, acentos e espaços)",pareamento_unico_por_nome_uf
96350,URUANA,GO,uruana,5221700,Uruana,"UF + nome normalizado (caixa, acentos e espaços)",pareamento_unico_por_nome_uf
96377,URUTAÍ,GO,urutai,5221809,Urutaí,"UF + nome normalizado (caixa, acentos e espaços)",pareamento_unico_por_nome_uf
96393,VARJÃO,GO,varjao,5221908,Varjão,"UF + nome normalizado (caixa, acentos e espaços)",pareamento_unico_por_nome_uf
96415,VIANÓPOLIS,GO,vianopolis,5222005,Vianópolis,"UF + nome normalizado (caixa, acentos e espaços)",pareamento_unico_por_nome_uf
96458,ACREÚNA,GO,acreuna,5200134,Acreúna,"UF + nome normalizado (caixa, acentos e espaços)",pareamento_unico_por_nome_uf
96474,MINAÇU,GO,minacu,5213087,Minaçu,"UF + nome normalizado (caixa, acentos e espaços)",pareamento_unico_por_nome_uf
96512,MUNDO NOVO,GO,mundo novo,5214051,Mundo Novo,"UF + nome normalizado (caixa, acentos e espaços)",pareamento_unico_por_nome_uf
96539,NOVA CRIXÁS,GO,nova crixas,5214838,Nova Crixás,"UF + nome normalizado (caixa, acentos e espaços)",pareamento_unico_por_nome_uf
96555,NOVA GLÓRIA,GO,nova gloria,5214861,Nova Glória,"UF + nome normalizado (caixa, acentos e espaços)",pareamento_unico_por_nome_uf
96571,VICENTINÓPOLIS,GO,vicentinopolis,5222054,Vicentinópolis,"UF + nome normalizado (caixa, acentos e espaços)",pareamento_unico_por_nome_uf
96610,AMERICANO DO BRASIL,GO,americano do brasil,5200852,Americano do Brasil,"UF + nome normalizado (caixa, acentos e espaços)",pareamento_unico_por_nome_uf
96695,ARAGUAPAZ,GO,araguapaz,5202155,Araguapaz,"UF + nome normalizado (caixa, acentos e espaços)",pareamento_unico_por_nome_uf
96717,ARENÓPOLIS,GO,arenopolis,5202353,Arenópolis,"UF + nome normalizado (caixa, acentos e espaços)",pareamento_unico_por_nome_uf
96733,CACHOEIRA DOURADA,GO,cachoeira dourada,5204250,Cachoeira Dourada,"UF + nome normalizado (caixa, acentos e espaços)",pareamento_unico_por_nome_uf
96750,DOVERLÂNDIA,GO,doverlandia,5207253,Doverlândia,"UF + nome normalizado (caixa, acentos e espaços)",pareamento_unico_por_nome_uf
96776,SANTO ANTÔNIO DO DESCOBERTO,GO,santo antonio do descoberto,5219753,Santo Antônio do Descoberto,"UF + nome normalizado (caixa, acentos e espaços)",pareamento_unico_por_nome_uf
96814,INDIARA,GO,indiara,5209952,Indiara,"UF + nome normalizado (caixa, acentos e espaços)",pareamento_unico_por_nome_uf
96873,CAMPINAÇU,GO,campinacu,5204656,Campinaçu,"UF + nome normalizado (caixa, acentos e espaços)",pareamento_unico_por_nome_uf
96890,SANTA ISABEL,GO,santa isabel,5219357,Santa Isabel,"UF + nome normalizado (caixa, acentos e espaços)",pareamento_unico_por_nome_uf
96911,ADELÂNDIA,GO,adelandia,5200159,Adelândia,"UF + nome normalizado (caixa, acentos e espaços)",pareamento_unico_por_nome_uf
96938,ÁGUA FRIA DE GOIÁS,GO,agua fria de goias,5200175,Água Fria de Goiás,"UF + nome normalizado (caixa, acentos e espaços)",pareamento_unico_por_nome_uf
07005,ÁGUA DOCE DO MARANHÃO,MA,agua doce do maranhao,2100154,Água Doce do Maranhão,"UF + nome normalizado (caixa, acentos e espaços)",pareamento_unico_por_nome_uf
07013,AFONSO CUNHA,MA,afonso cunha,2100105,Afonso Cunha,"UF + nome normalizado (caixa, acentos e espaços)",pareamento_unico_por_nome_uf
07021,ALTO ALEGRE DO MARANHÃO,MA,alto alegre do maranhao,2100436,Alto Alegre do Maranhão,"UF + nome normalizado (caixa, acentos e espaços)",pareamento_unico_por_nome_uf
07030,ALCÂNTARA,MA,alcantara,2100204,Alcântara,"UF + nome normalizado (caixa, acentos e espaços)",pareamento_unico_por_nome_uf
07048,ALTO ALEGRE DO PINDARÉ,MA,alto alegre do pindare,2100477,Alto Alegre do Pindaré,"UF + nome normalizado (caixa, acentos e espaços)",pareamento_unico_por_nome_uf
07056,ALDEIAS ALTAS,MA,aldeias altas,2100303,Aldeias Altas,"UF + nome normalizado (caixa, acentos e espaços)",pareamento_unico_por_nome_uf
07064,APICUM-AÇU,MA,apicum-acu,2100832,Apicum-Açu,"UF + nome normalizado (caixa, acentos e espaços)",pareamento_unico_por_nome_uf
07072,ALTAMIRA DO MARANHÃO,MA,altamira do maranhao,2100402,Altamira do Maranhão,"UF + nome normalizado (caixa, acentos e espaços)",pareamento_unico_por_nome_uf
07080,AMAPÁ DO MARANHÃO,MA,amapa do maranhao,2100550,Amapá do Maranhão,"UF + nome normalizado (caixa, acentos e espaços)",pareamento_unico_por_nome_uf
07099,ALTO PARNAÍBA,MA,alto parnaiba,2100501,Alto Parnaíba,"UF + nome normalizado (caixa, acentos e espaços)",pareamento_unico_por_nome_uf
07102,ARAGUANÃ,MA,araguana,2100873,Araguanã,"UF + nome normalizado (caixa, acentos e espaços)",pareamento_unico_por_nome_uf
07110,AMARANTE DO MARANHÃO,MA,amarante do maranhao,2100600,Amarante do Maranhão,"UF + nome normalizado (caixa, acentos e espaços)",pareamento_unico_por_nome_uf
07129,BACABEIRA,MA,bacabeira,2101251,Bacabeira,"UF + nome normalizado (caixa, acentos e espaços)",pareamento_unico_por_nome_uf
07137,ANAJATUBA,MA,anajatuba,2100709,Anajatuba,"UF + nome normalizado (caixa, acentos e espaços)",pareamento_unico_por_nome_uf
07145,BACURITUBA,MA,bacurituba,2101350,Bacurituba,"UF + nome normalizado (caixa, acentos e espaços)",pareamento_unico_por_nome_uf
07153,ANAPURUS,MA,anapurus,2100808,Anapurus,"UF + nome normalizado (caixa, acentos e espaços)",pareamento_unico_por_nome_uf
07161,BELÁGUA,MA,belagua,2101731,Belágua,"UF + nome normalizado (caixa, acentos e espaços)",pareamento_unico_por_nome_uf
07170,ARAIOSES,MA,araioses,2100907,Araioses,"UF + nome normalizado (caixa, acentos e espaços)",pareamento_unico_por_nome_uf
07188,BELA VISTA DO MARANHÃO,MA,bela vista do maranhao,2101772,Bela Vista do Maranhão,"UF + nome normalizado (caixa, acentos e espaços)",pareamento_unico_por_nome_uf
07196,ARARI,MA,arari,2101004,Arari,"UF + nome normalizado (caixa, acentos e espaços)",pareamento_unico_por_nome_uf
07200,BERNARDO DO MEARIM,MA,bernardo do mearim,2101939,Bernardo do Mearim,"UF + nome normalizado (caixa, acentos e espaços)",pareamento_unico_por_nome_uf
07218,AXIXÁ,MA,axixa,2101103,Axixá,"UF + nome normalizado (caixa, acentos e espaços)",pareamento_unico_por_nome_uf
07226,CACHOEIRA GRANDE,MA,cachoeira grande,2102374,Cachoeira Grande,"UF + nome normalizado (caixa, acentos e espaços)",pareamento_unico_por_nome_uf
07234,BACABAL,MA,bacabal,2101202,Bacabal,"UF + nome normalizado (caixa, acentos e espaços)",pareamento_unico_por_nome_uf
07242,DAVINÓPOLIS,MA,davinopolis,2103752,Davinópolis,"UF + nome normalizado (caixa, acentos e espaços)",pareamento_unico_por_nome_uf
07250,BACURI,MA,bacuri,2101301,Bacuri,"UF + nome normalizado (caixa, acentos e espaços)",pareamento_unico_por_nome_uf
07269,BOM JESUS DAS SELVAS,MA,bom jesus das selvas,2102036,Bom Jesus das Selvas,"UF + nome normalizado (caixa, acentos e espaços)",pareamento_unico_por_nome_uf
07277,BALSAS,MA,balsas,2101400,Balsas,"UF + nome normalizado (caixa, acentos e espaços)",pareamento_unico_por_nome_uf
07285,BOM LUGAR,MA,bom lugar,2102077,Bom Lugar,"UF + nome normalizado (caixa, acentos e espaços)",pareamento_unico_por_nome_uf
07293,BARÃO DE GRAJAÚ,MA,barao de grajau,2101509,Barão de Grajaú,"UF + nome normalizado (caixa, acentos e espaços)",pareamento_unico_por_nome_uf
07307,BREJO DE AREIA,MA,brejo de areia,2102150,Brejo de Areia,"UF + nome normalizado (caixa, acentos e espaços)",pareamento_unico_por_nome_uf
07315,BARRA DO CORDA,MA,barra do corda,2101608,Barra do Corda,"UF + nome normalizado (caixa, acentos e espaços)",pareamento_unico_por_nome_uf
07323,BOA VISTA DO GURUPI,MA,boa vista do gurupi,2101970,Boa Vista do Gurupi,"UF + nome normalizado (caixa, acentos e espaços)",pareamento_unico_por_nome_uf
07331,BARREIRINHAS,MA,barreirinhas,2101707,Barreirinhas,"UF + nome normalizado (caixa, acentos e espaços)",pareamento_unico_por_nome_uf
07340,BURITICUPU,MA,buriticupu,2102325,Buriticupu,"UF + nome normalizado (caixa, acentos e espaços)",pareamento_unico_por_nome_uf
07358,BENEDITO LEITE,MA,benedito leite,2101806,Benedito Leite,"UF + nome normalizado (caixa, acentos e espaços)",pareamento_unico_por_nome_uf
07366,BURITIRANA,MA,buritirana,2102358,Buritirana,"UF + nome normalizado (caixa, acentos e espaços)",pareamento_unico_por_nome_uf
07374,BEQUIMÃO,MA,bequimao,2101905,Bequimão,"UF + nome normalizado (caixa, acentos e espaços)",pareamento_unico_por_nome_uf
07382,CAMPESTRE DO MARANHÃO,MA,campestre do maranhao,2102556,Campestre do Maranhão,"UF + nome normalizado (caixa, acentos e espaços)",pareamento_unico_por_nome_uf
07390,BREJO,MA,brejo,2102101,Brejo,"UF + nome normalizado (caixa, acentos e espaços)",pareamento_unico_por_nome_uf
07404,CAPINZAL DO NORTE,MA,capinzal do norte,2102754,Capinzal do Norte,"UF + nome normalizado (caixa, acentos e espaços)",pareamento_unico_por_nome_uf
07412,BURITI,MA,buriti,2102200,Buriti,"UF + nome normalizado (caixa, acentos e espaços)",pareamento_unico_por_nome_uf
07420,CENTRAL DO MARANHÃO,MA,central do maranhao,2103125,Central do Maranhão,"UF + nome normalizado (caixa, acentos e espaços)",pareamento_unico_por_nome_uf
07439,BURITI BRAVO,MA,buriti bravo,2102309,Buriti Bravo,"UF + nome normalizado (caixa, acentos e espaços)",pareamento_unico_por_nome_uf
07447,CENTRO DO GUILHERME,MA,centro do guilherme,2103158,Centro do Guilherme,"UF + nome normalizado (caixa, acentos e espaços)",pareamento_unico_por_nome_uf
07455,CAJAPIÓ,MA,cajapio,2102408,Cajapió,"UF + nome normalizado (caixa, acentos e espaços)",pareamento_unico_por_nome_uf
07463,CENTRO NOVO DO MARANHÃO,MA,centro novo do maranhao,2103174,Centro Novo do Maranhão,"UF + nome normalizado (caixa, acentos e espaços)",pareamento_unico_por_nome_uf
07471,CAJARI,MA,cajari,2102507,Cajari,"UF + nome normalizado (caixa, acentos e espaços)",pareamento_unico_por_nome_uf
07480,CIDELÂNDIA,MA,cidelandia,2103257,Cidelândia,"UF + nome normalizado (caixa, acentos e espaços)",pareamento_unico_por_nome_uf
07498,CÂNDIDO MENDES,MA,candido mendes,2102606,Cândido Mendes,"UF + nome normalizado (caixa, acentos e espaços)",pareamento_unico_por_nome_uf
07501,CONCEIÇÃO DO LAGO-AÇU,MA,conceicao do lago-acu,2103554,Conceição do Lago-Açu,"UF + nome normalizado (caixa, acentos e espaços)",pareamento_unico_por_nome_uf
07510,CANTANHEDE,MA,cantanhede,2102705,Cantanhede,"UF + nome normalizado (caixa, acentos e espaços)",pareamento_unico_por_nome_uf
07528,FEIRA NOVA DO MARANHÃO,MA,feira nova do maranhao,2104073,Feira Nova do Maranhão,"UF + nome normalizado (caixa, acentos e espaços)",pareamento_unico_por_nome_uf
07536,CAROLINA,MA,carolina,2102804,Carolina,"UF + nome normalizado (caixa, acentos e espaços)",pareamento_unico_por_nome_uf
07544,FERNANDO FALCÃO,MA,fernando falcao,2104081,Fernando Falcão,"UF + nome normalizado (caixa, acentos e espaços)",pareamento_unico_por_nome_uf
07552,CARUTAPERA,MA,carutapera,2102903,Carutapera,"UF + nome normalizado (caixa, acentos e espaços)",pareamento_unico_por_nome_uf
07560,FORMOSA DA SERRA NEGRA,MA,formosa da serra negra,2104099,Formosa da Serra Negra,"UF + nome normalizado (caixa, acentos e espaços)",pareamento_unico_por_nome_uf
07579,CAXIAS,MA,caxias,2103000,Caxias,"UF + nome normalizado (caixa, acentos e espaços)",pareamento_unico_por_nome_uf
07595,CEDRAL,MA,cedral,2103109,Cedral,"UF + nome normalizado (caixa, acentos e espaços)",pareamento_unico_por_nome_uf
07609,GOVERNADOR EDISON LOBÃO,MA,governador edison lobao,2104552,Governador Edison Lobão,"UF + nome normalizado (caixa, acentos e espaços)",pareamento_unico_por_nome_uf
07617,CHAPADINHA,MA,chapadinha,2103208,Chapadinha,"UF + nome normalizado (caixa, acentos e espaços)",pareamento_unico_por_nome_uf
07625,GOVERNADOR LUIZ ROCHA,MA,governador luiz rocha,2104628,Governador Luiz Rocha,"UF + nome normalizado (caixa, acentos e espaços)",pareamento_unico_por_nome_uf
07633,CODÓ,MA,codo,2103307,Codó,"UF + nome normalizado (caixa, acentos e espaços)",pareamento_unico_por_nome_uf
07641,GOVERNADOR NEWTON BELLO,MA,governador newton bello,2104651,Governador Newton Bello,"UF + nome normalizado (caixa, acentos e espaços)",pareamento_unico_por_nome_uf
07650,COELHO NETO,MA,coelho neto,2103406,Coelho Neto,"UF + nome normalizado (caixa, acentos e espaços)",pareamento_unico_por_nome_uf
07668,GOVERNADOR NUNES FREIRE,MA,governador nunes freire,2104677,Governador Nunes Freire,"UF + nome normalizado (caixa, acentos e espaços)",pareamento_unico_por_nome_uf
07676,COLINAS,MA,colinas,2103505,Colinas,"UF + nome normalizado (caixa, acentos e espaços)",pareamento_unico_por_nome_uf
07684,IGARAPÉ DO MEIO,MA,igarape do meio,2105153,Igarapé do Meio,"UF + nome normalizado (caixa, acentos e espaços)",pareamento_unico_por_nome_uf
07692,COROATÁ,MA,coroata,2103604,Coroatá,"UF + nome normalizado (caixa, acentos e espaços)",pareamento_unico_por_nome_uf
07706,ITAIPAVA DO GRAJAÚ,MA,itaipava do grajau,2105351,Itaipava do Grajaú,"UF + nome normalizado (caixa, acentos e espaços)",pareamento_unico_por_nome_uf
07714,CURURUPU,MA,cururupu,2103703,Cururupu,"UF + nome normalizado (caixa, acentos e espaços)",pareamento_unico_por_nome_uf
07722,ITINGA DO MARANHÃO,MA,itinga do maranhao,2105427,Itinga do Maranhão,"UF + nome normalizado (caixa, acentos e espaços)",pareamento_unico_por_nome_uf
07730,DOM PEDRO,MA,dom pedro,2103802,Dom Pedro,"UF + nome normalizado (caixa, acentos e espaços)",pareamento_unico_por_nome_uf
07749,JATOBÁ,MA,jatoba,2105450,Jatobá,"UF + nome normalizado (caixa, acentos e espaços)",pareamento_unico_por_nome_uf
07757,DUQUE BACELAR,MA,duque bacelar,2103901,Duque Bacelar,"UF + nome normalizado (caixa, acentos e espaços)",pareamento_unico_por_nome_uf
07765,JENIPAPO DOS VIEIRAS,MA,jenipapo dos vieiras,2105476,Jenipapo dos Vieiras,"UF + nome normalizado (caixa, acentos e espaços)",pareamento_unico_por_nome_uf
07773,ESPERANTINÓPOLIS,MA,esperantinopolis,2104008,Esperantinópolis,"UF + nome normalizado (caixa, acentos e espaços)",pareamento_unico_por_nome_uf
07781,JUNCO DO MARANHÃO,MA,junco do maranhao,2105658,Junco do Maranhão,"UF + nome normalizado (caixa, acentos e espaços)",pareamento_unico_por_nome_uf
07790,FORTALEZA DOS NOGUEIRAS,MA,fortaleza dos nogueiras,2104107,Fortaleza dos Nogueiras,"UF + nome normalizado (caixa, acentos e espaços)",pareamento_unico_por_nome_uf
07803,LAGO DOS RODRIGUES,MA,lago dos rodrigues,2105948,Lago dos Rodrigues,"UF + nome normalizado (caixa, acentos e espaços)",pareamento_unico_por_nome_uf
07811,FORTUNA,MA,fortuna,2104206,Fortuna,"UF + nome normalizado (caixa, acentos e espaços)",pareamento_unico_por_nome_uf
07820,LAGOA DO MATO,MA,lagoa do mato,2105922,Lagoa do Mato,"UF + nome normalizado (caixa, acentos e espaços)",pareamento_unico_por_nome_uf
07838,GODOFREDO VIANA,MA,godofredo viana,2104305,Godofredo Viana,"UF + nome normalizado (caixa, acentos e espaços)",pareamento_unico_por_nome_uf
07846,LAGOA GRANDE DO MARANHÃO,MA,lagoa grande do maranhao,2105963,Lagoa Grande do Maranhão,"UF + nome normalizado (caixa, acentos e espaços)",pareamento_unico_por_nome_uf
07854,GONÇALVES DIAS,MA,goncalves dias,2104404,Gonçalves Dias,"UF + nome normalizado (caixa, acentos e espaços)",pareamento_unico_por_nome_uf
07862,LAJEADO NOVO,MA,lajeado novo,2105989,Lajeado Novo,"UF + nome normalizado (caixa, acentos e espaços)",pareamento_unico_por_nome_uf
07870,GOVERNADOR ARCHER,MA,governador archer,2104503,Governador Archer,"UF + nome normalizado (caixa, acentos e espaços)",pareamento_unico_por_nome_uf
07889,MARACAÇUMÉ,MA,maracacume,2106326,Maracaçumé,"UF + nome normalizado (caixa, acentos e espaços)",pareamento_unico_por_nome_uf
07897,GOVERNADOR EUGÊNIO BARROS,MA,governador eugenio barros,2104602,Governador Eugênio Barros,"UF + nome normalizado (caixa, acentos e espaços)",pareamento_unico_por_nome_uf
07900,MARAJÁ DO SENA,MA,maraja do sena,2106359,Marajá do Sena,"UF + nome normalizado (caixa, acentos e espaços)",pareamento_unico_por_nome_uf
07919,GRAÇA ARANHA,MA,graca aranha,2104701,Graça Aranha,"UF + nome normalizado (caixa, acentos e espaços)",pareamento_unico_por_nome_uf
07927,MARANHÃOZINHO,MA,maranhaozinho,2106375,Maranhãozinho,"UF + nome normalizado (caixa, acentos e espaços)",pareamento_unico_por_nome_uf
07935,GRAJAÚ,MA,grajau,2104800,Grajaú,"UF + nome normalizado (caixa, acentos e espaços)",pareamento_unico_por_nome_uf
07943,MATÕES DO NORTE,MA,matoes do norte,2106631,Matões do Norte,"UF + nome normalizado (caixa, acentos e espaços)",pareamento_unico_por_nome_uf
07951,GUIMARÃES,MA,guimaraes,2104909,Guimarães,"UF + nome normalizado (caixa, acentos e espaços)",pareamento_unico_por_nome_uf
07960,MILAGRES DO MARANHÃO,MA,milagres do maranhao,2106672,Milagres do Maranhão,"UF + nome normalizado (caixa, acentos e espaços)",pareamento_unico_por_nome_uf
07978,HUMBERTO DE CAMPOS,MA,humberto de campos,2105005,Humberto de Campos,"UF + nome normalizado (caixa, acentos e espaços)",pareamento_unico_por_nome_uf
07986,NOVA COLINAS,MA,nova colinas,2107258,Nova Colinas,"UF + nome normalizado (caixa, acentos e espaços)",pareamento_unico_por_nome_uf
07994,ICATU,MA,icatu,2105104,Icatu,"UF + nome normalizado (caixa, acentos e espaços)",pareamento_unico_por_nome_uf
08001,NOVA OLINDA DO MARANHÃO,MA,nova olinda do maranhao,2107357,Nova Olinda do Maranhão,"UF + nome normalizado (caixa, acentos e espaços)",pareamento_unico_por_nome_uf
08010,IGARAPÉ GRANDE,MA,igarape grande,2105203,Igarapé Grande,"UF + nome normalizado (caixa, acentos e espaços)",pareamento_unico_por_nome_uf
08028,OLINDA NOVA DO MARANHÃO,MA,olinda nova do maranhao,2107456,Olinda Nova do Maranhão,"UF + nome normalizado (caixa, acentos e espaços)",pareamento_unico_por_nome_uf
08036,IMPERATRIZ,MA,imperatriz,2105302,Imperatriz,"UF + nome normalizado (caixa, acentos e espaços)",pareamento_unico_por_nome_uf
08044,PAULINO NEVES,MA,paulino neves,2108058,Paulino Neves,"UF + nome normalizado (caixa, acentos e espaços)",pareamento_unico_por_nome_uf
08052,SÃO LUÍS GONZAGA DO MARANHÃO,MA,sao luis gonzaga do maranhao,2111409,São Luís Gonzaga do Maranhão,"UF + nome normalizado (caixa, acentos e espaços)",pareamento_unico_por_nome_uf
08060,PEDRO DO ROSÁRIO,MA,pedro do rosario,2108256,Pedro do Rosário,"UF + nome normalizado (caixa, acentos e espaços)",pareamento_unico_por_nome_uf
08079,ITAPECURU MIRIM,MA,itapecuru mirim,2105401,Itapecuru Mirim,"UF + nome normalizado (caixa, acentos e espaços)",pareamento_unico_por_nome_uf
08087,PERITORÓ,MA,peritoro,2108454,Peritoró,"UF + nome normalizado (caixa, acentos e espaços)",pareamento_unico_por_nome_uf
08095,JOÃO LISBOA,MA,joao lisboa,2105500,João Lisboa,"UF + nome normalizado (caixa, acentos e espaços)",pareamento_unico_por_nome_uf
08109,PORTO RICO DO MARANHÃO,MA,porto rico do maranhao,2109056,Porto Rico do Maranhão,"UF + nome normalizado (caixa, acentos e espaços)",pareamento_unico_por_nome_uf
08117,JOSELÂNDIA,MA,joselandia,2105609,Joselândia,"UF + nome normalizado (caixa, acentos e espaços)",pareamento_unico_por_nome_uf
08125,PRESIDENTE MÉDICI,MA,presidente medici,2109239,Presidente Médici,"UF + nome normalizado (caixa, acentos e espaços)",pareamento_unico_por_nome_uf
08133,LAGO DA PEDRA,MA,lago da pedra,2105708,Lago da Pedra,"UF + nome normalizado (caixa, acentos e espaços)",pareamento_unico_por_nome_uf
08141,PRESIDENTE SARNEY,MA,presidente sarney,2109270,Presidente Sarney,"UF + nome normalizado (caixa, acentos e espaços)",pareamento_unico_por_nome_uf
08150,LAGO DO JUNCO,MA,lago do junco,2105807,Lago do Junco,"UF + nome normalizado (caixa, acentos e espaços)",pareamento_unico_por_nome_uf
08168,RAPOSA,MA,raposa,2109452,Raposa,"UF + nome normalizado (caixa, acentos e espaços)",pareamento_unico_por_nome_uf
08176,LAGO VERDE,MA,lago verde,2105906,Lago Verde,"UF + nome normalizado (caixa, acentos e espaços)",pareamento_unico_por_nome_uf
08184,RIBAMAR FIQUENE,MA,ribamar fiquene,2109551,Ribamar Fiquene,"UF + nome normalizado (caixa, acentos e espaços)",pareamento_unico_por_nome_uf
08192,LIMA CAMPOS,MA,lima campos,2106003,Lima Campos,"UF + nome normalizado (caixa, acentos e espaços)",pareamento_unico_por_nome_uf
08206,SANTA FILOMENA DO MARANHÃO,MA,santa filomena do maranhao,2109759,Santa Filomena do Maranhão,"UF + nome normalizado (caixa, acentos e espaços)",pareamento_unico_por_nome_uf
08214,LORETO,MA,loreto,2106102,Loreto,"UF + nome normalizado (caixa, acentos e espaços)",pareamento_unico_por_nome_uf
08222,SANTANA DO MARANHÃO,MA,santana do maranhao,2110237,Santana do Maranhão,"UF + nome normalizado (caixa, acentos e espaços)",pareamento_unico_por_nome_uf
08230,LUÍS DOMINGUES,MA,luis domingues,2106201,Luís Domingues,"UF + nome normalizado (caixa, acentos e espaços)",pareamento_unico_por_nome_uf
08249,SANTO AMARO DO MARANHÃO,MA,santo amaro do maranhao,2110278,Santo Amaro do Maranhão,"UF + nome normalizado (caixa, acentos e espaços)",pareamento_unico_por_nome_uf
08257,MAGALHÃES DE ALMEIDA,MA,magalhaes de almeida,2106300,Magalhães de Almeida,"UF + nome normalizado (caixa, acentos e espaços)",pareamento_unico_por_nome_uf
08265,SÃO DOMINGOS DO AZEITÃO,MA,sao domingos do azeitao,2110658,São Domingos do Azeitão,"UF + nome normalizado (caixa, acentos e espaços)",pareamento_unico_por_nome_uf
08273,MATA ROMA,MA,mata roma,2106409,Mata Roma,"UF + nome normalizado (caixa, acentos e espaços)",pareamento_unico_por_nome_uf
08281,SÃO FRANCISCO DO BREJÃO,MA,sao francisco do brejao,2110856,São Francisco do Brejão,"UF + nome normalizado (caixa, acentos e espaços)",pareamento_unico_por_nome_uf
08290,MATINHA,MA,matinha,2106508,Matinha,"UF + nome normalizado (caixa, acentos e espaços)",pareamento_unico_por_nome_uf
08303,SÃO JOÃO DO CARÚ,MA,sao joao do caru,2111029,São João do Carú,"UF + nome normalizado (caixa, acentos e espaços)",pareamento_unico_por_nome_uf
08311,MATÕES,MA,matoes,2106607,Matões,"UF + nome normalizado (caixa, acentos e espaços)",pareamento_unico_por_nome_uf
08320,SÃO JOÃO DO PARAÍSO,MA,sao joao do paraiso,2111052,São João do Paraíso,"UF + nome normalizado (caixa, acentos e espaços)",pareamento_unico_por_nome_uf
08338,MIRADOR,MA,mirador,2106706,Mirador,"UF + nome normalizado (caixa, acentos e espaços)",pareamento_unico_por_nome_uf
08346,SÃO JOÃO DO SOTER,MA,sao joao do soter,2111078,São João do Soter,"UF + nome normalizado (caixa, acentos e espaços)",pareamento_unico_por_nome_uf
08354,MIRINZAL,MA,mirinzal,2106805,Mirinzal,"UF + nome normalizado (caixa, acentos e espaços)",pareamento_unico_por_nome_uf
08362,SÃO JOSÉ DOS BASÍLIOS,MA,sao jose dos basilios,2111250,São José dos Basílios,"UF + nome normalizado (caixa, acentos e espaços)",pareamento_unico_por_nome_uf
08370,MONÇÃO,MA,moncao,2106904,Monção,"UF + nome normalizado (caixa, acentos e espaços)",pareamento_unico_por_nome_uf
08389,SÃO PEDRO DA ÁGUA BRANCA,MA,sao pedro da agua branca,2111532,São Pedro da Água Branca,"UF + nome normalizado (caixa, acentos e espaços)",pareamento_unico_por_nome_uf
08397,MONTES ALTOS,MA,montes altos,2107001,Montes Altos,"UF + nome normalizado (caixa, acentos e espaços)",pareamento_unico_por_nome_uf
08400,SÃO PEDRO DOS CRENTES,MA,sao pedro dos crentes,2111573,São Pedro dos Crentes,"UF + nome normalizado (caixa, acentos e espaços)",pareamento_unico_por_nome_uf
08419,MORROS,MA,morros,2107100,Morros,"UF + nome normalizado (caixa, acentos e espaços)",pareamento_unico_por_nome_uf
08427,SÃO RAIMUNDO DO DOCA BEZERRA,MA,sao raimundo do doca bezerra,2111631,São Raimundo do Doca Bezerra,"UF + nome normalizado (caixa, acentos e espaços)",pareamento_unico_por_nome_uf
08435,NINA RODRIGUES,MA,nina rodrigues,2107209,Nina Rodrigues,"UF + nome normalizado (caixa, acentos e espaços)",pareamento_unico_por_nome_uf
08443,SÃO ROBERTO,MA,sao roberto,2111672,São Roberto,"UF + nome normalizado (caixa, acentos e espaços)",pareamento_unico_por_nome_uf
08451,NOVA IORQUE,MA,nova iorque,2107308,Nova Iorque,"UF + nome normalizado (caixa, acentos e espaços)",pareamento_unico_por_nome_uf
08460,SATUBINHA,MA,satubinha,2111722,Satubinha,"UF + nome normalizado (caixa, acentos e espaços)",pareamento_unico_por_nome_uf
08478,OLHO D ÁGUA DAS CUNHÃS,MA,olho d agua das cunhas,,,"UF + nome normalizado (caixa, acentos e espaços)",sem_pareamento_exato
08486,SENADOR ALEXANDRE COSTA,MA,senador alexandre costa,2111748,Senador Alexandre Costa,"UF + nome normalizado (caixa, acentos e espaços)",pareamento_unico_por_nome_uf
08494,PAÇO DO LUMIAR,MA,paco do lumiar,2107506,Paço do Lumiar,"UF + nome normalizado (caixa, acentos e espaços)",pareamento_unico_por_nome_uf
08508,SENADOR LA ROCQUE,MA,senador la rocque,2111763,Senador La Rocque,"UF + nome normalizado (caixa, acentos e espaços)",pareamento_unico_por_nome_uf
08516,PALMEIRÂNDIA,MA,palmeirandia,2107605,Palmeirândia,"UF + nome normalizado (caixa, acentos e espaços)",pareamento_unico_por_nome_uf
08524,SERRANO DO MARANHÃO,MA,serrano do maranhao,2111789,Serrano do Maranhão,"UF + nome normalizado (caixa, acentos e espaços)",pareamento_unico_por_nome_uf
08532,PARAIBANO,MA,paraibano,2107704,Paraibano,"UF + nome normalizado (caixa, acentos e espaços)",pareamento_unico_por_nome_uf
08540,SUCUPIRA DO RIACHÃO,MA,sucupira do riachao,2111953,Sucupira do Riachão,"UF + nome normalizado (caixa, acentos e espaços)",pareamento_unico_por_nome_uf
08559,PARNARAMA,MA,parnarama,2107803,Parnarama,"UF + nome normalizado (caixa, acentos e espaços)",pareamento_unico_por_nome_uf
08567,TRIZIDELA DO VALE,MA,trizidela do vale,2112233,Trizidela do Vale,"UF + nome normalizado (caixa, acentos e espaços)",pareamento_unico_por_nome_uf
08575,PASSAGEM FRANCA,MA,passagem franca,2107902,Passagem Franca,"UF + nome normalizado (caixa, acentos e espaços)",pareamento_unico_por_nome_uf
08583,TUFILÂNDIA,MA,tufilandia,2112274,Tufilândia,"UF + nome normalizado (caixa, acentos e espaços)",pareamento_unico_por_nome_uf
08591,PASTOS BONS,MA,pastos bons,2108009,Pastos Bons,"UF + nome normalizado (caixa, acentos e espaços)",pareamento_unico_por_nome_uf
08605,TURILÂNDIA,MA,turilandia,2112456,Turilândia,"UF + nome normalizado (caixa, acentos e espaços)",pareamento_unico_por_nome_uf
08613,PEDREIRAS,MA,pedreiras,2108207,Pedreiras,"UF + nome normalizado (caixa, acentos e espaços)",pareamento_unico_por_nome_uf
08621,VILA NOVA DOS MARTÍRIOS,MA,vila nova dos martirios,2112852,Vila Nova dos Martírios,"UF + nome normalizado (caixa, acentos e espaços)",pareamento_unico_por_nome_uf
08630,PENALVA,MA,penalva,2108306,Penalva,"UF + nome normalizado (caixa, acentos e espaços)",pareamento_unico_por_nome_uf
08656,PERI MIRIM,MA,peri mirim,2108405,Peri Mirim,"UF + nome normalizado (caixa, acentos e espaços)",pareamento_unico_por_nome_uf
08672,PINDARÉ-MIRIM,MA,pindare-mirim,2108504,Pindaré-Mirim,"UF + nome normalizado (caixa, acentos e espaços)",pareamento_unico_por_nome_uf
08699,PINHEIRO,MA,pinheiro,2108603,Pinheiro,"UF + nome normalizado (caixa, acentos e espaços)",pareamento_unico_por_nome_uf
08710,PIO XII,MA,pio xii,2108702,Pio XII,"UF + nome normalizado (caixa, acentos e espaços)",pareamento_unico_por_nome_uf
08737,PIRAPEMAS,MA,pirapemas,2108801,Pirapemas,"UF + nome normalizado (caixa, acentos e espaços)",pareamento_unico_por_nome_uf
08753,POÇÃO DE PEDRAS,MA,pocao de pedras,2108900,Poção de Pedras,"UF + nome normalizado (caixa, acentos e espaços)",pareamento_unico_por_nome_uf
08770,PORTO FRANCO,MA,porto franco,2109007,Porto Franco,"UF + nome normalizado (caixa, acentos e espaços)",pareamento_unico_por_nome_uf
08796,PRESIDENTE DUTRA,MA,presidente dutra,2109106,Presidente Dutra,"UF + nome normalizado (caixa, acentos e espaços)",pareamento_unico_por_nome_uf
08818,PRESIDENTE JUSCELINO,MA,presidente juscelino,2109205,Presidente Juscelino,"UF + nome normalizado (caixa, acentos e espaços)",pareamento_unico_por_nome_uf
08834,PRESIDENTE VARGAS,MA,presidente vargas,2109304,Presidente Vargas,"UF + nome normalizado (caixa, acentos e espaços)",pareamento_unico_por_nome_uf
08850,PRIMEIRA CRUZ,MA,primeira cruz,2109403,Primeira Cruz,"UF + nome normalizado (caixa, acentos e espaços)",pareamento_unico_por_nome_uf
08877,RIACHÃO,MA,riachao,2109502,Riachão,"UF + nome normalizado (caixa, acentos e espaços)",pareamento_unico_por_nome_uf
08893,SÃO JOSÉ DE RIBAMAR,MA,sao jose de ribamar,2111201,São José de Ribamar,"UF + nome normalizado (caixa, acentos e espaços)",pareamento_unico_por_nome_uf
08915,ROSÁRIO,MA,rosario,2109601,Rosário,"UF + nome normalizado (caixa, acentos e espaços)",pareamento_unico_por_nome_uf
08931,SAMBAÍBA,MA,sambaiba,2109700,Sambaíba,"UF + nome normalizado (caixa, acentos e espaços)",pareamento_unico_por_nome_uf
08958,SANTA HELENA,MA,santa helena,2109809,Santa Helena,"UF + nome normalizado (caixa, acentos e espaços)",pareamento_unico_por_nome_uf
08974,SANTA LUZIA,MA,santa luzia,2110005,Santa Luzia,"UF + nome normalizado (caixa, acentos e espaços)",pareamento_unico_por_nome_uf
08990,SANTA QUITÉRIA DO MARANHÃO,MA,santa quiteria do maranhao,2110104,Santa Quitéria do Maranhão,"UF + nome normalizado (caixa, acentos e espaços)",pareamento_unico_por_nome_uf
09016,SANTA RITA,MA,santa rita,2110203,Santa Rita,"UF + nome normalizado (caixa, acentos e espaços)",pareamento_unico_por_nome_uf
09032,SANTO ANTÔNIO DOS LOPES,MA,santo antonio dos lopes,2110302,Santo Antônio dos Lopes,"UF + nome normalizado (caixa, acentos e espaços)",pareamento_unico_por_nome_uf
09059,SÃO BENEDITO DO RIO PRETO,MA,sao benedito do rio preto,2110401,São Benedito do Rio Preto,"UF + nome normalizado (caixa, acentos e espaços)",pareamento_unico_por_nome_uf
09075,SÃO BENTO,MA,sao bento,2110500,São Bento,"UF + nome normalizado (caixa, acentos e espaços)",pareamento_unico_por_nome_uf
09091,SÃO BERNARDO,MA,sao bernardo,2110609,São Bernardo,"UF + nome normalizado (caixa, acentos e espaços)",pareamento_unico_por_nome_uf
09113,SÃO DOMINGOS DO MARANHÃO,MA,sao domingos do maranhao,2110708,São Domingos do Maranhão,"UF + nome normalizado (caixa, acentos e espaços)",pareamento_unico_por_nome_uf
09130,SÃO FÉLIX DE BALSAS,MA,sao felix de balsas,2110807,São Félix de Balsas,"UF + nome normalizado (caixa, acentos e espaços)",pareamento_unico_por_nome_uf
09156,SÃO FRANCISCO DO MARANHÃO,MA,sao francisco do maranhao,2110906,São Francisco do Maranhão,"UF + nome normalizado (caixa, acentos e espaços)",pareamento_unico_por_nome_uf
09172,SÃO JOÃO BATISTA,MA,sao joao batista,2111003,São João Batista,"UF + nome normalizado (caixa, acentos e espaços)",pareamento_unico_por_nome_uf
09199,SÃO JOÃO DOS PATOS,MA,sao joao dos patos,2111102,São João dos Patos,"UF + nome normalizado (caixa, acentos e espaços)",pareamento_unico_por_nome_uf
09210,SÃO LUÍS,MA,sao luis,2111300,São Luís,"UF + nome normalizado (caixa, acentos e espaços)",pareamento_unico_por_nome_uf
09237,SÃO MATEUS DO MARANHÃO,MA,sao mateus do maranhao,2111508,São Mateus do Maranhão,"UF + nome normalizado (caixa, acentos e espaços)",pareamento_unico_por_nome_uf
09253,SÃO RAIMUNDO DAS MANGABEIRAS,MA,sao raimundo das mangabeiras,2111607,São Raimundo das Mangabeiras,"UF + nome normalizado (caixa, acentos e espaços)",pareamento_unico_por_nome_uf
09270,SÃO VICENTE FERRER,MA,sao vicente ferrer,2111706,São Vicente Ferrer,"UF + nome normalizado (caixa, acentos e espaços)",pareamento_unico_por_nome_uf
09296,SÍTIO NOVO,MA,sitio novo,2111805,Sítio Novo,"UF + nome normalizado (caixa, acentos e espaços)",pareamento_unico_por_nome_uf
09318,SUCUPIRA DO NORTE,MA,sucupira do norte,2111904,Sucupira do Norte,"UF + nome normalizado (caixa, acentos e espaços)",pareamento_unico_por_nome_uf
09334,TASSO FRAGOSO,MA,tasso fragoso,2112001,Tasso Fragoso,"UF + nome normalizado (caixa, acentos e espaços)",pareamento_unico_por_nome_uf
09350,TIMBIRAS,MA,timbiras,2112100,Timbiras,"UF + nome normalizado (caixa, acentos e espaços)",pareamento_unico_por_nome_uf
09377,TIMON,MA,timon,2112209,Timon,"UF + nome normalizado (caixa, acentos e espaços)",pareamento_unico_por_nome_uf
09393,TUNTUM,MA,tuntum,2112308,Tuntum,"UF + nome normalizado (caixa, acentos e espaços)",pareamento_unico_por_nome_uf
09415,TURIAÇU,MA,turiacu,2112407,Turiaçu,"UF + nome normalizado (caixa, acentos e espaços)",pareamento_unico_por_nome_uf
09431,TUTÓIA,MA,tutoia,2112506,Tutóia,"UF + nome normalizado (caixa, acentos e espaços)",pareamento_unico_por_nome_uf
09458,URBANO SANTOS,MA,urbano santos,2112605,Urbano Santos,"UF + nome normalizado (caixa, acentos e espaços)",pareamento_unico_por_nome_uf
09474,VARGEM GRANDE,MA,vargem grande,2112704,Vargem Grande,"UF + nome normalizado (caixa, acentos e espaços)",pareamento_unico_por_nome_uf
09490,VIANA,MA,viana,2112803,Viana,"UF + nome normalizado (caixa, acentos e espaços)",pareamento_unico_por_nome_uf
09512,VITÓRIA DO MEARIM,MA,vitoria do mearim,2112902,Vitória do Mearim,"UF + nome normalizado (caixa, acentos e espaços)",pareamento_unico_por_nome_uf
09539,VITORINO FREIRE,MA,vitorino freire,2113009,Vitorino Freire,"UF + nome normalizado (caixa, acentos e espaços)",pareamento_unico_por_nome_uf
09555,BOM JARDIM,MA,bom jardim,2102002,Bom Jardim,"UF + nome normalizado (caixa, acentos e espaços)",pareamento_unico_por_nome_uf
09571,SANTA INÊS,MA,santa ines,2109908,Santa Inês,"UF + nome normalizado (caixa, acentos e espaços)",pareamento_unico_por_nome_uf
09598,PAULO RAMOS,MA,paulo ramos,2108108,Paulo Ramos,"UF + nome normalizado (caixa, acentos e espaços)",pareamento_unico_por_nome_uf
09610,AÇAILÂNDIA,MA,acailandia,2100055,Açailândia,"UF + nome normalizado (caixa, acentos e espaços)",pareamento_unico_por_nome_uf
09636,ESTREITO,MA,estreito,2104057,Estreito,"UF + nome normalizado (caixa, acentos e espaços)",pareamento_unico_por_nome_uf
09652,SANTA LUZIA DO PARUÁ,MA,santa luzia do parua,2110039,Santa Luzia do Paruá,"UF + nome normalizado (caixa, acentos e espaços)",pareamento_unico_por_nome_uf
09679,ARAME,MA,arame,2100956,Arame,"UF + nome normalizado (caixa, acentos e espaços)",pareamento_unico_por_nome_uf
09695,MIRANDA DO NORTE,MA,miranda do norte,2106755,Miranda do Norte,"UF + nome normalizado (caixa, acentos e espaços)",pareamento_unico_por_nome_uf
09717,ZÉ DOCA,MA,ze doca,2114007,Zé Doca,"UF + nome normalizado (caixa, acentos e espaços)",pareamento_unico_por_nome_uf
40002,ALFREDO VASCONCELOS,MG,alfredo vasconcelos,3101631,Alfredo Vasconcelos,"UF + nome normalizado (caixa, acentos e espaços)",pareamento_unico_por_nome_uf
40010,ABADIA DOS DOURADOS,MG,abadia dos dourados,3100104,Abadia dos Dourados,"UF + nome normalizado (caixa, acentos e espaços)",pareamento_unico_por_nome_uf
40029,ARAPORÃ,MG,arapora,3103751,Araporã,"UF + nome normalizado (caixa, acentos e espaços)",pareamento_unico_por_nome_uf
40037,ABAETÉ,MG,abaete,3100203,Abaeté,"UF + nome normalizado (caixa, acentos e espaços)",pareamento_unico_por_nome_uf
40045,BRASILÂNDIA DE MINAS,MG,brasilandia de minas,3108552,Brasilândia de Minas,"UF + nome normalizado (caixa, acentos e espaços)",pareamento_unico_por_nome_uf
40053,ABRE CAMPO,MG,abre campo,3100302,Abre Campo,"UF + nome normalizado (caixa, acentos e espaços)",pareamento_unico_por_nome_uf
40061,CAPITÃO ANDRADE,MG,capitao andrade,3112653,Capitão Andrade,"UF + nome normalizado (caixa, acentos e espaços)",pareamento_unico_por_nome_uf
40070,ACAIACA,MG,acaiaca,3100401,Acaiaca,"UF + nome normalizado (caixa, acentos e espaços)",pareamento_unico_por_nome_uf
40088,CARNEIRINHO,MG,carneirinho,3114550,Carneirinho,"UF + nome normalizado (caixa, acentos e espaços)",pareamento_unico_por_nome_uf
40096,AÇUCENA,MG,acucena,3100500,Açucena,"UF + nome normalizado (caixa, acentos e espaços)",pareamento_unico_por_nome_uf
40100,CATUJI,MG,catuji,3115458,Catuji,"UF + nome normalizado (caixa, acentos e espaços)",pareamento_unico_por_nome_uf
40118,ÁGUA BOA,MG,agua boa,3100609,Água Boa,"UF + nome normalizado (caixa, acentos e espaços)",pareamento_unico_por_nome_uf
40126,DIVISA ALEGRE,MG,divisa alegre,3122355,Divisa Alegre,"UF + nome normalizado (caixa, acentos e espaços)",pareamento_unico_por_nome_uf
40134,ÁGUA COMPRIDA,MG,agua comprida,3100708,Água Comprida,"UF + nome normalizado (caixa, acentos e espaços)",pareamento_unico_por_nome_uf
40142,DIVISÓPOLIS,MG,divisopolis,3122454,Divisópolis,"UF + nome normalizado (caixa, acentos e espaços)",pareamento_unico_por_nome_uf
40150,AGUANIL,MG,aguanil,3100807,Aguanil,"UF + nome normalizado (caixa, acentos e espaços)",pareamento_unico_por_nome_uf
40169,DURANDÉ,MG,durande,3123528,Durandé,"UF + nome normalizado (caixa, acentos e espaços)",pareamento_unico_por_nome_uf
40177,ÁGUAS FORMOSAS,MG,aguas formosas,3100906,Águas Formosas,"UF + nome normalizado (caixa, acentos e espaços)",pareamento_unico_por_nome_uf
40185,ENTRE FOLHAS,MG,entre folhas,3123858,Entre Folhas,"UF + nome normalizado (caixa, acentos e espaços)",pareamento_unico_por_nome_uf
40193,ÁGUAS VERMELHAS,MG,aguas vermelhas,3101003,Águas Vermelhas,"UF + nome normalizado (caixa, acentos e espaços)",pareamento_unico_por_nome_uf
40207,FERVEDOURO,MG,fervedouro,3125952,Fervedouro,"UF + nome normalizado (caixa, acentos e espaços)",pareamento_unico_por_nome_uf
40215,AIMORÉS,MG,aimores,3101102,Aimorés,"UF + nome normalizado (caixa, acentos e espaços)",pareamento_unico_por_nome_uf
40223,FRANCISCÓPOLIS,MG,franciscopolis,3126752,Franciscópolis,"UF + nome normalizado (caixa, acentos e espaços)",pareamento_unico_por_nome_uf
40231,AIURUOCA,MG,aiuruoca,3101201,Aiuruoca,"UF + nome normalizado (caixa, acentos e espaços)",pareamento_unico_por_nome_uf
40240,ICARAÍ DE MINAS,MG,icarai de minas,3130051,Icaraí de Minas,"UF + nome normalizado (caixa, acentos e espaços)",pareamento_unico_por_nome_uf
40258,ALAGOA,MG,alagoa,3101300,Alagoa,"UF + nome normalizado (caixa, acentos e espaços)",pareamento_unico_por_nome_uf
40266,IPABA,MG,ipaba,3131158,Ipaba,"UF + nome normalizado (caixa, acentos e espaços)",pareamento_unico_por_nome_uf
40274,ALBERTINA,MG,albertina,3101409,Albertina,"UF + nome normalizado (caixa, acentos e espaços)",pareamento_unico_por_nome_uf
40282,JAÍBA,MG,jaiba,3135050,Jaíba,"UF + nome normalizado (caixa, acentos e espaços)",pareamento_unico_por_nome_uf
40290,ALÉM PARAÍBA,MG,alem paraiba,3101508,Além Paraíba,"UF + nome normalizado (caixa, acentos e espaços)",pareamento_unico_por_nome_uf
40304,JAMPRUCA,MG,jampruca,3135076,Jampruca,"UF + nome normalizado (caixa, acentos e espaços)",pareamento_unico_por_nome_uf
40312,ALFENAS,MG,alfenas,3101607,Alfenas,"UF + nome normalizado (caixa, acentos e espaços)",pareamento_unico_por_nome_uf
40320,JUATUBA,MG,juatuba,3136652,Juatuba,"UF + nome normalizado (caixa, acentos e espaços)",pareamento_unico_por_nome_uf
40339,ALMENARA,MG,almenara,3101706,Almenara,"UF + nome normalizado (caixa, acentos e espaços)",pareamento_unico_por_nome_uf
40347,LAGOA GRANDE,MG,lagoa grande,3137536,Lagoa Grande,"UF + nome normalizado (caixa, acentos e espaços)",pareamento_unico_por_nome_uf
40355,ALPERCATA,MG,alpercata,3101805,Alpercata,"UF + nome normalizado (caixa, acentos e espaços)",pareamento_unico_por_nome_uf
40363,LIMEIRA DO OESTE,MG,limeira do oeste,3138625,Limeira do Oeste,"UF + nome normalizado (caixa, acentos e espaços)",pareamento_unico_por_nome_uf
40371,ALPINÓPOLIS,MG,alpinopolis,3101904,Alpinópolis,"UF + nome normalizado (caixa, acentos e espaços)",pareamento_unico_por_nome_uf
40380,LONTRA,MG,lontra,3138658,Lontra,"UF + nome normalizado (caixa, acentos e espaços)",pareamento_unico_por_nome_uf
40398,ALTEROSA,MG,alterosa,3102001,Alterosa,"UF + nome normalizado (caixa, acentos e espaços)",pareamento_unico_por_nome_uf
40401,MAMONAS,MG,mamonas,3139250,Mamonas,"UF + nome normalizado (caixa, acentos e espaços)",pareamento_unico_por_nome_uf
40410,ALTO RIO DOCE,MG,alto rio doce,3102100,Alto Rio Doce,"UF + nome normalizado (caixa, acentos e espaços)",pareamento_unico_por_nome_uf
40428,MATA VERDE,MG,mata verde,3140555,Mata Verde,"UF + nome normalizado (caixa, acentos e espaços)",pareamento_unico_por_nome_uf
40436,ALVARENGA,MG,alvarenga,3102209,Alvarenga,"UF + nome normalizado (caixa, acentos e espaços)",pareamento_unico_por_nome_uf
40444,MATIAS CARDOSO,MG,matias cardoso,3140852,Matias Cardoso,"UF + nome normalizado (caixa, acentos e espaços)",pareamento_unico_por_nome_uf
40452,ALVINÓPOLIS,MG,alvinopolis,3102308,Alvinópolis,"UF + nome normalizado (caixa, acentos e espaços)",pareamento_unico_por_nome_uf
40460,MONTEZUMA,MG,montezuma,3143450,Montezuma,"UF + nome normalizado (caixa, acentos e espaços)",pareamento_unico_por_nome_uf
40479,ALVORADA DE MINAS,MG,alvorada de minas,3102407,Alvorada de Minas,"UF + nome normalizado (caixa, acentos e espaços)",pareamento_unico_por_nome_uf
40487,NAQUE,MG,naque,3144359,Naque,"UF + nome normalizado (caixa, acentos e espaços)",pareamento_unico_por_nome_uf
40495,AMPARO DO SERRA,MG,amparo do serra,3102506,Amparo do Serra,"UF + nome normalizado (caixa, acentos e espaços)",pareamento_unico_por_nome_uf
40509,NOVO ORIENTE DE MINAS,MG,novo oriente de minas,3145356,Novo Oriente de Minas,"UF + nome normalizado (caixa, acentos e espaços)",pareamento_unico_por_nome_uf
40517,ANDRADAS,MG,andradas,3102605,Andradas,"UF + nome normalizado (caixa, acentos e espaços)",pareamento_unico_por_nome_uf
40525,PALMÓPOLIS,MG,palmopolis,3146750,Palmópolis,"UF + nome normalizado (caixa, acentos e espaços)",pareamento_unico_por_nome_uf
40533,CACHOEIRA DE PAJEÚ,MG,cachoeira de pajeu,3102704,Cachoeira de Pajeú,"UF + nome normalizado (caixa, acentos e espaços)",pareamento_unico_por_nome_uf
40541,PEDRAS DE MARIA DA CRUZ,MG,pedras de maria da cruz,3149150,Pedras de Maria da Cruz,"UF + nome normalizado (caixa, acentos e espaços)",pareamento_unico_por_nome_uf
40550,ANDRELÂNDIA,MG,andrelandia,3102803,Andrelândia,"UF + nome normalizado (caixa, acentos e espaços)",pareamento_unico_por_nome_uf
40568,PERIQUITO,MG,periquito,3149952,Periquito,"UF + nome normalizado (caixa, acentos e espaços)",pareamento_unico_por_nome_uf
40576,ANTÔNIO CARLOS,MG,antonio carlos,3102902,Antônio Carlos,"UF + nome normalizado (caixa, acentos e espaços)",pareamento_unico_por_nome_uf
40584,PONTO DOS VOLANTES,MG,ponto dos volantes,3152170,Ponto dos Volantes,"UF + nome normalizado (caixa, acentos e espaços)",pareamento_unico_por_nome_uf
40592,ANTÔNIO DIAS,MG,antonio dias,3103009,Antônio Dias,"UF + nome normalizado (caixa, acentos e espaços)",pareamento_unico_por_nome_uf
40606,RIACHINHO,MG,riachinho,3154457,Riachinho,"UF + nome normalizado (caixa, acentos e espaços)",pareamento_unico_por_nome_uf
40614,ANTÔNIO PRADO DE MINAS,MG,antonio prado de minas,3103108,Antônio Prado de Minas,"UF + nome normalizado (caixa, acentos e espaços)",pareamento_unico_por_nome_uf
40622,ROSÁRIO DA LIMEIRA,MG,rosario da limeira,3156452,Rosário da Limeira,"UF + nome normalizado (caixa, acentos e espaços)",pareamento_unico_por_nome_uf
40630,ARAÇAÍ,MG,aracai,3103207,Araçaí,"UF + nome normalizado (caixa, acentos e espaços)",pareamento_unico_por_nome_uf
40649,SANTA BÁRBARA DO LESTE,MG,santa barbara do leste,3157252,Santa Bárbara do Leste,"UF + nome normalizado (caixa, acentos e espaços)",pareamento_unico_por_nome_uf
40657,ARACITABA,MG,aracitaba,3103306,Aracitaba,"UF + nome normalizado (caixa, acentos e espaços)",pareamento_unico_por_nome_uf
40665,SANTA RITA DE MINAS,MG,santa rita de minas,3159357,Santa Rita de Minas,"UF + nome normalizado (caixa, acentos e espaços)",pareamento_unico_por_nome_uf
40673,ARAÇUAÍ,MG,aracuai,3103405,Araçuaí,"UF + nome normalizado (caixa, acentos e espaços)",pareamento_unico_por_nome_uf
40681,SANTANA DO PARAÍSO,MG,santana do paraiso,3158953,Santana do Paraíso,"UF + nome normalizado (caixa, acentos e espaços)",pareamento_unico_por_nome_uf
40690,ARAGUARI,MG,araguari,3103504,Araguari,"UF + nome normalizado (caixa, acentos e espaços)",pareamento_unico_por_nome_uf
40703,SÃO JOÃO DA LAGOA,MG,sao joao da lagoa,3162252,São João da Lagoa,"UF + nome normalizado (caixa, acentos e espaços)",pareamento_unico_por_nome_uf
40711,ARANTINA,MG,arantina,3103603,Arantina,"UF + nome normalizado (caixa, acentos e espaços)",pareamento_unico_por_nome_uf
40720,SÃO JOÃO DO MANHUAÇU,MG,sao joao do manhuacu,3162559,São João do Manhuaçu,"UF + nome normalizado (caixa, acentos e espaços)",pareamento_unico_por_nome_uf
40738,ARAPONGA,MG,araponga,3103702,Araponga,"UF + nome normalizado (caixa, acentos e espaços)",pareamento_unico_por_nome_uf
40746,SÃO JOÃO DO MANTENINHA,MG,sao joao do manteninha,3162575,São João do Manteninha,"UF + nome normalizado (caixa, acentos e espaços)",pareamento_unico_por_nome_uf
40754,ARAPUÁ,MG,arapua,3103801,Arapuá,"UF + nome normalizado (caixa, acentos e espaços)",pareamento_unico_por_nome_uf
40762,SÃO JOÃO DO PACUÍ,MG,sao joao do pacui,3162658,São João do Pacuí,"UF + nome normalizado (caixa, acentos e espaços)",pareamento_unico_por_nome_uf
40770,ARAÚJOS,MG,araujos,3103900,Araújos,"UF + nome normalizado (caixa, acentos e espaços)",pareamento_unico_por_nome_uf
40789,SÃO JOSÉ DA LAPA,MG,sao jose da lapa,3162955,São José da Lapa,"UF + nome normalizado (caixa, acentos e espaços)",pareamento_unico_por_nome_uf
40797,ARAXÁ,MG,araxa,3104007,Araxá,"UF + nome normalizado (caixa, acentos e espaços)",pareamento_unico_por_nome_uf
40800,SARZEDO,MG,sarzedo,3165537,Sarzedo,"UF + nome normalizado (caixa, acentos e espaços)",pareamento_unico_por_nome_uf
40819,ARCEBURGO,MG,arceburgo,3104106,Arceburgo,"UF + nome normalizado (caixa, acentos e espaços)",pareamento_unico_por_nome_uf
40827,SEM PEIXE,MG,sem peixe,,,"UF + nome normalizado (caixa, acentos e espaços)",sem_pareamento_exato
40835,ARCOS,MG,arcos,3104205,Arcos,"UF + nome normalizado (caixa, acentos e espaços)",pareamento_unico_por_nome_uf
40843,SENADOR AMARAL,MG,senador amaral,3165578,Senador Amaral,"UF + nome normalizado (caixa, acentos e espaços)",pareamento_unico_por_nome_uf
40851,AREADO,MG,areado,3104304,Areado,"UF + nome normalizado (caixa, acentos e espaços)",pareamento_unico_por_nome_uf
40860,UBAPORANGA,MG,ubaporanga,3170057,Ubaporanga,"UF + nome normalizado (caixa, acentos e espaços)",pareamento_unico_por_nome_uf
40878,ARGIRITA,MG,argirita,3104403,Argirita,"UF + nome normalizado (caixa, acentos e espaços)",pareamento_unico_por_nome_uf
40886,URUCUIA,MG,urucuia,3170529,Urucuia,"UF + nome normalizado (caixa, acentos e espaços)",pareamento_unico_por_nome_uf
40894,ARINOS,MG,arinos,3104502,Arinos,"UF + nome normalizado (caixa, acentos e espaços)",pareamento_unico_por_nome_uf
40908,VARGEM ALEGRE,MG,vargem alegre,3170578,Vargem Alegre,"UF + nome normalizado (caixa, acentos e espaços)",pareamento_unico_por_nome_uf
40916,ASTOLFO DUTRA,MG,astolfo dutra,3104601,Astolfo Dutra,"UF + nome normalizado (caixa, acentos e espaços)",pareamento_unico_por_nome_uf
40924,JOSENÓPOLIS,MG,josenopolis,3136579,Josenópolis,"UF + nome normalizado (caixa, acentos e espaços)",pareamento_unico_por_nome_uf
40932,ATALÉIA,MG,ataleia,3104700,Ataléia,"UF + nome normalizado (caixa, acentos e espaços)",pareamento_unico_por_nome_uf
40940,JUVENÍLIA,MG,juvenilia,3136959,Juvenília,"UF + nome normalizado (caixa, acentos e espaços)",pareamento_unico_por_nome_uf
40959,AUGUSTO DE LIMA,MG,augusto de lima,3104809,Augusto de Lima,"UF + nome normalizado (caixa, acentos e espaços)",pareamento_unico_por_nome_uf
40967,LEME DO PRADO,MG,leme do prado,3138351,Leme do Prado,"UF + nome normalizado (caixa, acentos e espaços)",pareamento_unico_por_nome_uf
40975,BAEPENDI,MG,baependi,3104908,Baependi,"UF + nome normalizado (caixa, acentos e espaços)",pareamento_unico_por_nome_uf
40983,LUISBURGO,MG,luisburgo,3138674,Luisburgo,"UF + nome normalizado (caixa, acentos e espaços)",pareamento_unico_por_nome_uf
40991,BALDIM,MG,baldim,3105004,Baldim,"UF + nome normalizado (caixa, acentos e espaços)",pareamento_unico_por_nome_uf
41009,LUISLÂNDIA,MG,luislandia,3138682,Luislândia,"UF + nome normalizado (caixa, acentos e espaços)",pareamento_unico_por_nome_uf
41017,BAMBUÍ,MG,bambui,3105103,Bambuí,"UF + nome normalizado (caixa, acentos e espaços)",pareamento_unico_por_nome_uf
41025,MÁRIO CAMPOS,MG,mario campos,3140159,Mário Campos,"UF + nome normalizado (caixa, acentos e espaços)",pareamento_unico_por_nome_uf
41033,BANDEIRA,MG,bandeira,3105202,Bandeira,"UF + nome normalizado (caixa, acentos e espaços)",pareamento_unico_por_nome_uf
41041,MARTINS SOARES,MG,martins soares,3140530,Martins Soares,"UF + nome normalizado (caixa, acentos e espaços)",pareamento_unico_por_nome_uf
41050,BANDEIRA DO SUL,MG,bandeira do sul,3105301,Bandeira do Sul,"UF + nome normalizado (caixa, acentos e espaços)",pareamento_unico_por_nome_uf
41068,MIRAVÂNIA,MG,miravania,3142254,Miravânia,"UF + nome normalizado (caixa, acentos e espaços)",pareamento_unico_por_nome_uf
41076,BARÃO DE COCAIS,MG,barao de cocais,3105400,Barão de Cocais,"UF + nome normalizado (caixa, acentos e espaços)",pareamento_unico_por_nome_uf
41084,MONTE FORMOSO,MG,monte formoso,3143153,Monte Formoso,"UF + nome normalizado (caixa, acentos e espaços)",pareamento_unico_por_nome_uf
41092,BARÃO DE MONTE ALTO,MG,barao de monte alto,,,"UF + nome normalizado (caixa, acentos e espaços)",sem_pareamento_exato
41106,NATALÂNDIA,MG,natalandia,3144375,Natalândia,"UF + nome normalizado (caixa, acentos e espaços)",pareamento_unico_por_nome_uf
41114,BARBACENA,MG,barbacena,3105608,Barbacena,"UF + nome normalizado (caixa, acentos e espaços)",pareamento_unico_por_nome_uf
41122,NINHEIRA,MG,ninheira,3144656,Ninheira,"UF + nome normalizado (caixa, acentos e espaços)",pareamento_unico_por_nome_uf
41130,BARRA LONGA,MG,barra longa,3105707,Barra Longa,"UF + nome normalizado (caixa, acentos e espaços)",pareamento_unico_por_nome_uf
41149,NOVA BELÉM,MG,nova belem,3144672,Nova Belém,"UF + nome normalizado (caixa, acentos e espaços)",pareamento_unico_por_nome_uf
41157,TRÊS MARIAS,MG,tres marias,3169356,Três Marias,"UF + nome normalizado (caixa, acentos e espaços)",pareamento_unico_por_nome_uf
41165,NOVA PORTEIRINHA,MG,nova porteirinha,3145059,Nova Porteirinha,"UF + nome normalizado (caixa, acentos e espaços)",pareamento_unico_por_nome_uf
41173,BARROSO,MG,barroso,3105905,Barroso,"UF + nome normalizado (caixa, acentos e espaços)",pareamento_unico_por_nome_uf
41181,NOVORIZONTE,MG,novorizonte,3145372,Novorizonte,"UF + nome normalizado (caixa, acentos e espaços)",pareamento_unico_por_nome_uf
41190,BELA VISTA DE MINAS,MG,bela vista de minas,3106002,Bela Vista de Minas,"UF + nome normalizado (caixa, acentos e espaços)",pareamento_unico_por_nome_uf
41203,OLHOS D ÁGUA,MG,olhos d agua,,,"UF + nome normalizado (caixa, acentos e espaços)",sem_pareamento_exato
41211,BELMIRO BRAGA,MG,belmiro braga,3106101,Belmiro Braga,"UF + nome normalizado (caixa, acentos e espaços)",pareamento_unico_por_nome_uf
41220,ORATÓRIOS,MG,oratorios,3145851,Oratórios,"UF + nome normalizado (caixa, acentos e espaços)",pareamento_unico_por_nome_uf
41238,BELO HORIZONTE,MG,belo horizonte,3106200,Belo Horizonte,"UF + nome normalizado (caixa, acentos e espaços)",pareamento_unico_por_nome_uf
41246,ORIZÂNIA,MG,orizania,3145877,Orizânia,"UF + nome normalizado (caixa, acentos e espaços)",pareamento_unico_por_nome_uf
41254,BELO ORIENTE,MG,belo oriente,3106309,Belo Oriente,"UF + nome normalizado (caixa, acentos e espaços)",pareamento_unico_por_nome_uf
41262,PADRE CARVALHO,MG,padre carvalho,3146255,Padre Carvalho,"UF + nome normalizado (caixa, acentos e espaços)",pareamento_unico_por_nome_uf
41270,BELO VALE,MG,belo vale,3106408,Belo Vale,"UF + nome normalizado (caixa, acentos e espaços)",pareamento_unico_por_nome_uf
41289,PAI PEDRO,MG,pai pedro,3146552,Pai Pedro,"UF + nome normalizado (caixa, acentos e espaços)",pareamento_unico_por_nome_uf
41297,BERILO,MG,berilo,3106507,Berilo,"UF + nome normalizado (caixa, acentos e espaços)",pareamento_unico_por_nome_uf
41300,PATIS,MG,patis,3147956,Patis,"UF + nome normalizado (caixa, acentos e espaços)",pareamento_unico_por_nome_uf
41319,BERTÓPOLIS,MG,bertopolis,3106606,Bertópolis,"UF + nome normalizado (caixa, acentos e espaços)",pareamento_unico_por_nome_uf
41327,PEDRA BONITA,MG,pedra bonita,3148756,Pedra Bonita,"UF + nome normalizado (caixa, acentos e espaços)",pareamento_unico_por_nome_uf
41335,BETIM,MG,betim,3106705,Betim,"UF + nome normalizado (caixa, acentos e espaços)",pareamento_unico_por_nome_uf
41343,PIEDADE DE CARATINGA,MG,piedade de caratinga,3150158,Piedade de Caratinga,"UF + nome normalizado (caixa, acentos e espaços)",pareamento_unico_por_nome_uf
41351,BIAS FORTES,MG,bias fortes,3106804,Bias Fortes,"UF + nome normalizado (caixa, acentos e espaços)",pareamento_unico_por_nome_uf
41360,PINGO D ÁGUA,MG,pingo d agua,,,"UF + nome normalizado (caixa, acentos e espaços)",sem_pareamento_exato
41378,BICAS,MG,bicas,3106903,Bicas,"UF + nome normalizado (caixa, acentos e espaços)",pareamento_unico_por_nome_uf
41386,PINTÓPOLIS,MG,pintopolis,3150570,Pintópolis,"UF + nome normalizado (caixa, acentos e espaços)",pareamento_unico_por_nome_uf
41394,BIQUINHAS,MG,biquinhas,3107000,Biquinhas,"UF + nome normalizado (caixa, acentos e espaços)",pareamento_unico_por_nome_uf
41408,PONTO CHIQUE,MG,ponto chique,3152131,Ponto Chique,"UF + nome normalizado (caixa, acentos e espaços)",pareamento_unico_por_nome_uf
41416,BOA ESPERANÇA,MG,boa esperanca,3107109,Boa Esperança,"UF + nome normalizado (caixa, acentos e espaços)",pareamento_unico_por_nome_uf
41424,REDUTO,MG,reduto,3154150,Reduto,"UF + nome normalizado (caixa, acentos e espaços)",pareamento_unico_por_nome_uf
41432,BOCAINA DE MINAS,MG,bocaina de minas,3107208,Bocaina de Minas,"UF + nome normalizado (caixa, acentos e espaços)",pareamento_unico_por_nome_uf
41440,SANTA BÁRBARA DO MONTE VERDE,MG,santa barbara do monte verde,3157278,Santa Bárbara do Monte Verde,"UF + nome normalizado (caixa, acentos e espaços)",pareamento_unico_por_nome_uf
41459,BOCAIÚVA,MG,bocaiuva,3107307,Bocaiúva,"UF + nome normalizado (caixa, acentos e espaços)",pareamento_unico_por_nome_uf
41467,SANTA CRUZ DE MINAS,MG,santa cruz de minas,3157336,Santa Cruz de Minas,"UF + nome normalizado (caixa, acentos e espaços)",pareamento_unico_por_nome_uf
41475,BOM DESPACHO,MG,bom despacho,3107406,Bom Despacho,"UF + nome normalizado (caixa, acentos e espaços)",pareamento_unico_por_nome_uf
41483,SANTA CRUZ DE SALINAS,MG,santa cruz de salinas,3157377,Santa Cruz de Salinas,"UF + nome normalizado (caixa, acentos e espaços)",pareamento_unico_por_nome_uf
41491,BOM JARDIM DE MINAS,MG,bom jardim de minas,3107505,Bom Jardim de Minas,"UF + nome normalizado (caixa, acentos e espaços)",pareamento_unico_por_nome_uf
41505,SANTA HELENA DE MINAS,MG,santa helena de minas,3157658,Santa Helena de Minas,"UF + nome normalizado (caixa, acentos e espaços)",pareamento_unico_por_nome_uf
41513,BOM JESUS DA PENHA,MG,bom jesus da penha,3107604,Bom Jesus da Penha,"UF + nome normalizado (caixa, acentos e espaços)",pareamento_unico_por_nome_uf
41521,SANTO ANTÔNIO DO RETIRO,MG,santo antonio do retiro,3160454,Santo Antônio do Retiro,"UF + nome normalizado (caixa, acentos e espaços)",pareamento_unico_por_nome_uf
41530,BOM JESUS DO AMPARO,MG,bom jesus do amparo,3107703,Bom Jesus do Amparo,"UF + nome normalizado (caixa, acentos e espaços)",pareamento_unico_por_nome_uf
41548,SÃO DOMINGOS DAS DORES,MG,sao domingos das dores,3160959,São Domingos das Dores,"UF + nome normalizado (caixa, acentos e espaços)",pareamento_unico_por_nome_uf
41556,BOM JESUS DO GALHO,MG,bom jesus do galho,3107802,Bom Jesus do Galho,"UF + nome normalizado (caixa, acentos e espaços)",pareamento_unico_por_nome_uf
41564,SÃO FÉLIX DE MINAS,MG,sao felix de minas,3161056,São Félix de Minas,"UF + nome normalizado (caixa, acentos e espaços)",pareamento_unico_por_nome_uf
41572,BOM REPOUSO,MG,bom repouso,3107901,Bom Repouso,"UF + nome normalizado (caixa, acentos e espaços)",pareamento_unico_por_nome_uf
41580,SÃO GERALDO DO BAIXIO,MG,sao geraldo do baixio,3161650,São Geraldo do Baixio,"UF + nome normalizado (caixa, acentos e espaços)",pareamento_unico_por_nome_uf
41599,BOM SUCESSO,MG,bom sucesso,3108008,Bom Sucesso,"UF + nome normalizado (caixa, acentos e espaços)",pareamento_unico_por_nome_uf
41602,SÃO JOÃO DAS MISSÕES,MG,sao joao das missoes,3162450,São João das Missões,"UF + nome normalizado (caixa, acentos e espaços)",pareamento_unico_por_nome_uf
41610,BONFIM,MG,bonfim,3108107,Bonfim,"UF + nome normalizado (caixa, acentos e espaços)",pareamento_unico_por_nome_uf
41629,SÃO JOAQUIM DE BICAS,MG,sao joaquim de bicas,3162922,São Joaquim de Bicas,"UF + nome normalizado (caixa, acentos e espaços)",pareamento_unico_por_nome_uf
41637,BONFINÓPOLIS DE MINAS,MG,bonfinopolis de minas,3108206,Bonfinópolis de Minas,"UF + nome normalizado (caixa, acentos e espaços)",pareamento_unico_por_nome_uf
41645,SÃO JOSÉ DA BARRA,MG,sao jose da barra,3162948,São José da Barra,"UF + nome normalizado (caixa, acentos e espaços)",pareamento_unico_por_nome_uf
41653,BORDA DA MATA,MG,borda da mata,3108305,Borda da Mata,"UF + nome normalizado (caixa, acentos e espaços)",pareamento_unico_por_nome_uf
41661,ALTO CAPARAÓ,MG,alto caparao,3102050,Alto Caparaó,"UF + nome normalizado (caixa, acentos e espaços)",pareamento_unico_por_nome_uf
41670,BOTELHOS,MG,botelhos,3108404,Botelhos,"UF + nome normalizado (caixa, acentos e espaços)",pareamento_unico_por_nome_uf
41688,ANGELÂNDIA,MG,angelandia,3102852,Angelândia,"UF + nome normalizado (caixa, acentos e espaços)",pareamento_unico_por_nome_uf
41696,BOTUMIRIM,MG,botumirim,3108503,Botumirim,"UF + nome normalizado (caixa, acentos e espaços)",pareamento_unico_por_nome_uf
41700,ARICANDUVA,MG,aricanduva,3104452,Aricanduva,"UF + nome normalizado (caixa, acentos e espaços)",pareamento_unico_por_nome_uf
41718,BRASÍLIA DE MINAS,MG,brasilia de minas,3108602,Brasília de Minas,"UF + nome normalizado (caixa, acentos e espaços)",pareamento_unico_por_nome_uf
41726,BERIZAL,MG,berizal,3106655,Berizal,"UF + nome normalizado (caixa, acentos e espaços)",pareamento_unico_por_nome_uf
41734,BRÁS PIRES,MG,bras pires,3108701,Brás Pires,"UF + nome normalizado (caixa, acentos e espaços)",pareamento_unico_por_nome_uf
41742,BONITO DE MINAS,MG,bonito de minas,3108255,Bonito de Minas,"UF + nome normalizado (caixa, acentos e espaços)",pareamento_unico_por_nome_uf
41750,BRAÚNAS,MG,braunas,3108800,Braúnas,"UF + nome normalizado (caixa, acentos e espaços)",pareamento_unico_por_nome_uf
41769,BUGRE,MG,bugre,3109253,Bugre,"UF + nome normalizado (caixa, acentos e espaços)",pareamento_unico_por_nome_uf
41777,BRAZÓPOLIS,MG,brazopolis,3108909,Brazópolis,"UF + nome normalizado (caixa, acentos e espaços)",pareamento_unico_por_nome_uf
41785,CABECEIRA GRANDE,MG,cabeceira grande,3109451,Cabeceira Grande,"UF + nome normalizado (caixa, acentos e espaços)",pareamento_unico_por_nome_uf
41793,BRUMADINHO,MG,brumadinho,3109006,Brumadinho,"UF + nome normalizado (caixa, acentos e espaços)",pareamento_unico_por_nome_uf
41807,CAMPO AZUL,MG,campo azul,3111150,Campo Azul,"UF + nome normalizado (caixa, acentos e espaços)",pareamento_unico_por_nome_uf
41815,BUENO BRANDÃO,MG,bueno brandao,3109105,Bueno Brandão,"UF + nome normalizado (caixa, acentos e espaços)",pareamento_unico_por_nome_uf
41823,CANTAGALO,MG,cantagalo,3112059,Cantagalo,"UF + nome normalizado (caixa, acentos e espaços)",pareamento_unico_por_nome_uf
41831,BUENÓPOLIS,MG,buenopolis,3109204,Buenópolis,"UF + nome normalizado (caixa, acentos e espaços)",pareamento_unico_por_nome_uf
41840,CATAS ALTAS,MG,catas altas,3115359,Catas Altas,"UF + nome normalizado (caixa, acentos e espaços)",pareamento_unico_por_nome_uf
41858,BURITIS,MG,buritis,3109303,Buritis,"UF + nome normalizado (caixa, acentos e espaços)",pareamento_unico_por_nome_uf
41866,CATUTI,MG,catuti,3115474,Catuti,"UF + nome normalizado (caixa, acentos e espaços)",pareamento_unico_por_nome_uf
41874,BURITIZEIRO,MG,buritizeiro,3109402,Buritizeiro,"UF + nome normalizado (caixa, acentos e espaços)",pareamento_unico_por_nome_uf
41882,CHAPADA GAÚCHA,MG,chapada gaucha,3116159,Chapada Gaúcha,"UF + nome normalizado (caixa, acentos e espaços)",pareamento_unico_por_nome_uf
41890,CABO VERDE,MG,cabo verde,3109501,Cabo Verde,"UF + nome normalizado (caixa, acentos e espaços)",pareamento_unico_por_nome_uf
41904,CÔNEGO MARINHO,MG,conego marinho,3117836,Cônego Marinho,"UF + nome normalizado (caixa, acentos e espaços)",pareamento_unico_por_nome_uf
41912,CACHOEIRA DA PRATA,MG,cachoeira da prata,3109600,Cachoeira da Prata,"UF + nome normalizado (caixa, acentos e espaços)",pareamento_unico_por_nome_uf
41920,CONFINS,MG,confins,3117876,Confins,"UF + nome normalizado (caixa, acentos e espaços)",pareamento_unico_por_nome_uf
41939,CACHOEIRA DE MINAS,MG,cachoeira de minas,3109709,Cachoeira de Minas,"UF + nome normalizado (caixa, acentos e espaços)",pareamento_unico_por_nome_uf
41947,CÓRREGO FUNDO,MG,corrego fundo,3119955,Córrego Fundo,"UF + nome normalizado (caixa, acentos e espaços)",pareamento_unico_por_nome_uf
41955,CACHOEIRA DOURADA,MG,cachoeira dourada,3109808,Cachoeira Dourada,"UF + nome normalizado (caixa, acentos e espaços)",pareamento_unico_por_nome_uf
41963,CRISÓLITA,MG,crisolita,3120151,Crisólita,"UF + nome normalizado (caixa, acentos e espaços)",pareamento_unico_por_nome_uf
41971,CAETANÓPOLIS,MG,caetanopolis,3109907,Caetanópolis,"UF + nome normalizado (caixa, acentos e espaços)",pareamento_unico_por_nome_uf
41980,CUPARAQUE,MG,cuparaque,3120839,Cuparaque,"UF + nome normalizado (caixa, acentos e espaços)",pareamento_unico_por_nome_uf
41998,CAETÉ,MG,caete,3110004,Caeté,"UF + nome normalizado (caixa, acentos e espaços)",pareamento_unico_por_nome_uf
42005,CURRAL DE DENTRO,MG,curral de dentro,3120870,Curral de Dentro,"UF + nome normalizado (caixa, acentos e espaços)",pareamento_unico_por_nome_uf
42013,CAIANA,MG,caiana,3110103,Caiana,"UF + nome normalizado (caixa, acentos e espaços)",pareamento_unico_por_nome_uf
42021,DELTA,MG,delta,3121258,Delta,"UF + nome normalizado (caixa, acentos e espaços)",pareamento_unico_por_nome_uf
42030,CAJURI,MG,cajuri,3110202,Cajuri,"UF + nome normalizado (caixa, acentos e espaços)",pareamento_unico_por_nome_uf
42048,DOM BOSCO,MG,dom bosco,3122470,Dom Bosco,"UF + nome normalizado (caixa, acentos e espaços)",pareamento_unico_por_nome_uf
42056,CALDAS,MG,caldas,3110301,Caldas,"UF + nome normalizado (caixa, acentos e espaços)",pareamento_unico_por_nome_uf
42064,FREI LAGONEGRO,MG,frei lagonegro,3126950,Frei Lagonegro,"UF + nome normalizado (caixa, acentos e espaços)",pareamento_unico_por_nome_uf
42072,CAMACHO,MG,camacho,3110400,Camacho,"UF + nome normalizado (caixa, acentos e espaços)",pareamento_unico_por_nome_uf
42080,FRUTA DE LEITE,MG,fruta de leite,3127073,Fruta de Leite,"UF + nome normalizado (caixa, acentos e espaços)",pareamento_unico_por_nome_uf
42099,CAMANDUCAIA,MG,camanducaia,3110509,Camanducaia,"UF + nome normalizado (caixa, acentos e espaços)",pareamento_unico_por_nome_uf
42102,GAMELEIRAS,MG,gameleiras,3127339,Gameleiras,"UF + nome normalizado (caixa, acentos e espaços)",pareamento_unico_por_nome_uf
42110,CAMBUÍ,MG,cambui,3110608,Cambuí,"UF + nome normalizado (caixa, acentos e espaços)",pareamento_unico_por_nome_uf
42129,GLAUCILÂNDIA,MG,glaucilandia,3127354,Glaucilândia,"UF + nome normalizado (caixa, acentos e espaços)",pareamento_unico_por_nome_uf
42137,CAMBUQUIRA,MG,cambuquira,3110707,Cambuquira,"UF + nome normalizado (caixa, acentos e espaços)",pareamento_unico_por_nome_uf
42145,GOIABEIRA,MG,goiabeira,3127370,Goiabeira,"UF + nome normalizado (caixa, acentos e espaços)",pareamento_unico_por_nome_uf
42153,CAMPANÁRIO,MG,campanario,3110806,Campanário,"UF + nome normalizado (caixa, acentos e espaços)",pareamento_unico_por_nome_uf
42161,GOIANÁ,MG,goiana,3127388,Goianá,"UF + nome normalizado (caixa, acentos e espaços)",pareamento_unico_por_nome_uf
42170,CAMPANHA,MG,campanha,3110905,Campanha,"UF + nome normalizado (caixa, acentos e espaços)",pareamento_unico_por_nome_uf
42188,GUARACIAMA,MG,guaraciama,3128253,Guaraciama,"UF + nome normalizado (caixa, acentos e espaços)",pareamento_unico_por_nome_uf
42196,CAMPESTRE,MG,campestre,3111002,Campestre,"UF + nome normalizado (caixa, acentos e espaços)",pareamento_unico_por_nome_uf
42200,IBIRACATU,MG,ibiracatu,3129657,Ibiracatu,"UF + nome normalizado (caixa, acentos e espaços)",pareamento_unico_por_nome_uf
42218,CAMPINA VERDE,MG,campina verde,3111101,Campina Verde,"UF + nome normalizado (caixa, acentos e espaços)",pareamento_unico_por_nome_uf
42226,IMBÉ DE MINAS,MG,imbe de minas,3130556,Imbé de Minas,"UF + nome normalizado (caixa, acentos e espaços)",pareamento_unico_por_nome_uf
42234,CAMPO BELO,MG,campo belo,3111200,Campo Belo,"UF + nome normalizado (caixa, acentos e espaços)",pareamento_unico_por_nome_uf
42242,INDAIABIRA,MG,indaiabira,3130655,Indaiabira,"UF + nome normalizado (caixa, acentos e espaços)",pareamento_unico_por_nome_uf
42250,CAMPO DO MEIO,MG,campo do meio,3111309,Campo do Meio,"UF + nome normalizado (caixa, acentos e espaços)",pareamento_unico_por_nome_uf
42269,JAPONVAR,MG,japonvar,3135357,Japonvar,"UF + nome normalizado (caixa, acentos e espaços)",pareamento_unico_por_nome_uf
42277,CAMPO FLORIDO,MG,campo florido,3111408,Campo Florido,"UF + nome normalizado (caixa, acentos e espaços)",pareamento_unico_por_nome_uf
42285,JENIPAPO DE MINAS,MG,jenipapo de minas,3135456,Jenipapo de Minas,"UF + nome normalizado (caixa, acentos e espaços)",pareamento_unico_por_nome_uf
42293,CAMPOS ALTOS,MG,campos altos,3111507,Campos Altos,"UF + nome normalizado (caixa, acentos e espaços)",pareamento_unico_por_nome_uf
42307,JOSÉ GONÇALVES DE MINAS,MG,jose goncalves de minas,3136520,José Gonçalves de Minas,"UF + nome normalizado (caixa, acentos e espaços)",pareamento_unico_por_nome_uf
42315,CAMPOS GERAIS,MG,campos gerais,3111606,Campos Gerais,"UF + nome normalizado (caixa, acentos e espaços)",pareamento_unico_por_nome_uf
42323,JOSÉ RAYDAN,MG,jose raydan,3136553,José Raydan,"UF + nome normalizado (caixa, acentos e espaços)",pareamento_unico_por_nome_uf
42331,CANAÃ,MG,canaa,3111705,Canaã,"UF + nome normalizado (caixa, acentos e espaços)",pareamento_unico_por_nome_uf
42340,SÃO SEBASTIÃO DA VARGEM ALEGRE,MG,sao sebastiao da vargem alegre,3164431,São Sebastião da Vargem Alegre,"UF + nome normalizado (caixa, acentos e espaços)",pareamento_unico_por_nome_uf
42358,CANÁPOLIS,MG,canapolis,3111804,Canápolis,"UF + nome normalizado (caixa, acentos e espaços)",pareamento_unico_por_nome_uf
42366,SÃO SEBASTIÃO DO ANTA,MG,sao sebastiao do anta,3164472,São Sebastião do Anta,"UF + nome normalizado (caixa, acentos e espaços)",pareamento_unico_por_nome_uf
42374,CANA VERDE,MG,cana verde,3111903,Cana Verde,"UF + nome normalizado (caixa, acentos e espaços)",pareamento_unico_por_nome_uf
42382,SERRANÓPOLIS DE MINAS,MG,serranopolis de minas,3166956,Serranópolis de Minas,"UF + nome normalizado (caixa, acentos e espaços)",pareamento_unico_por_nome_uf
42390,CANDEIAS,MG,candeias,3112000,Candeias,"UF + nome normalizado (caixa, acentos e espaços)",pareamento_unico_por_nome_uf
42404,SETUBINHA,MG,setubinha,3165552,Setubinha,"UF + nome normalizado (caixa, acentos e espaços)",pareamento_unico_por_nome_uf
42412,CAPARAÓ,MG,caparao,3112109,Caparaó,"UF + nome normalizado (caixa, acentos e espaços)",pareamento_unico_por_nome_uf
42420,TAPARUBA,MG,taparuba,3168051,Taparuba,"UF + nome normalizado (caixa, acentos e espaços)",pareamento_unico_por_nome_uf
42439,CAPELA NOVA,MG,capela nova,3112208,Capela Nova,"UF + nome normalizado (caixa, acentos e espaços)",pareamento_unico_por_nome_uf
42447,UNIÃO DE MINAS,MG,uniao de minas,3170438,União de Minas,"UF + nome normalizado (caixa, acentos e espaços)",pareamento_unico_por_nome_uf
42455,CAPELINHA,MG,capelinha,3112307,Capelinha,"UF + nome normalizado (caixa, acentos e espaços)",pareamento_unico_por_nome_uf
42463,URUANA DE MINAS,MG,uruana de minas,3170479,Uruana de Minas,"UF + nome normalizado (caixa, acentos e espaços)",pareamento_unico_por_nome_uf
42471,CAPETINGA,MG,capetinga,3112406,Capetinga,"UF + nome normalizado (caixa, acentos e espaços)",pareamento_unico_por_nome_uf
42480,VARGEM GRANDE DO RIO PARDO,MG,vargem grande do rio pardo,3170651,Vargem Grande do Rio Pardo,"UF + nome normalizado (caixa, acentos e espaços)",pareamento_unico_por_nome_uf
42498,CAPIM BRANCO,MG,capim branco,3112505,Capim Branco,"UF + nome normalizado (caixa, acentos e espaços)",pareamento_unico_por_nome_uf
42501,VARJÃO DE MINAS,MG,varjao de minas,3170750,Varjão de Minas,"UF + nome normalizado (caixa, acentos e espaços)",pareamento_unico_por_nome_uf
42510,CAPINÓPOLIS,MG,capinopolis,3112604,Capinópolis,"UF + nome normalizado (caixa, acentos e espaços)",pareamento_unico_por_nome_uf
42528,VERDELÂNDIA,MG,verdelandia,3171030,Verdelândia,"UF + nome normalizado (caixa, acentos e espaços)",pareamento_unico_por_nome_uf
42536,CAPITÃO ENÉAS,MG,capitao eneas,3112703,Capitão Enéas,"UF + nome normalizado (caixa, acentos e espaços)",pareamento_unico_por_nome_uf
42544,VEREDINHA,MG,veredinha,3171071,Veredinha,"UF + nome normalizado (caixa, acentos e espaços)",pareamento_unico_por_nome_uf
42552,CAPITÓLIO,MG,capitolio,3112802,Capitólio,"UF + nome normalizado (caixa, acentos e espaços)",pareamento_unico_por_nome_uf
42560,VERMELHO NOVO,MG,vermelho novo,3171154,Vermelho Novo,"UF + nome normalizado (caixa, acentos e espaços)",pareamento_unico_por_nome_uf
42579,CAPUTIRA,MG,caputira,3112901,Caputira,"UF + nome normalizado (caixa, acentos e espaços)",pareamento_unico_por_nome_uf
42587,TOCOS DO MOJI,MG,tocos do moji,3169059,Tocos do Moji,"UF + nome normalizado (caixa, acentos e espaços)",pareamento_unico_por_nome_uf
42595,CARAÍ,MG,carai,3113008,Caraí,"UF + nome normalizado (caixa, acentos e espaços)",pareamento_unico_por_nome_uf
42617,CARANAÍBA,MG,caranaiba,3113107,Caranaíba,"UF + nome normalizado (caixa, acentos e espaços)",pareamento_unico_por_nome_uf
42633,CARANDAÍ,MG,carandai,3113206,Carandaí,"UF + nome normalizado (caixa, acentos e espaços)",pareamento_unico_por_nome_uf
42650,CARANGOLA,MG,carangola,3113305,Carangola,"UF + nome normalizado (caixa, acentos e espaços)",pareamento_unico_por_nome_uf
42676,CARATINGA,MG,caratinga,3113404,Caratinga,"UF + nome normalizado (caixa, acentos e espaços)",pareamento_unico_por_nome_uf
42692,CARBONITA,MG,carbonita,3113503,Carbonita,"UF + nome normalizado (caixa, acentos e espaços)",pareamento_unico_por_nome_uf
42714,CAREAÇU,MG,careacu,3113602,Careaçu,"UF + nome normalizado (caixa, acentos e espaços)",pareamento_unico_por_nome_uf
42730,CARLOS CHAGAS,MG,carlos chagas,3113701,Carlos Chagas,"UF + nome normalizado (caixa, acentos e espaços)",pareamento_unico_por_nome_uf
42757,CARMÉSIA,MG,carmesia,3113800,Carmésia,"UF + nome normalizado (caixa, acentos e espaços)",pareamento_unico_por_nome_uf
42773,CARMO DA CACHOEIRA,MG,carmo da cachoeira,3113909,Carmo da Cachoeira,"UF + nome normalizado (caixa, acentos e espaços)",pareamento_unico_por_nome_uf
42790,CARMO DA MATA,MG,carmo da mata,3114006,Carmo da Mata,"UF + nome normalizado (caixa, acentos e espaços)",pareamento_unico_por_nome_uf
42811,CARMO DE MINAS,MG,carmo de minas,3114105,Carmo de Minas,"UF + nome normalizado (caixa, acentos e espaços)",pareamento_unico_por_nome_uf
42838,CARMO DO CAJURU,MG,carmo do cajuru,3114204,Carmo do Cajuru,"UF + nome normalizado (caixa, acentos e espaços)",pareamento_unico_por_nome_uf
42854,CARMO DO PARANAÍBA,MG,carmo do paranaiba,3114303,Carmo do Paranaíba,"UF + nome normalizado (caixa, acentos e espaços)",pareamento_unico_por_nome_uf
42870,CARMO DO RIO CLARO,MG,carmo do rio claro,3114402,Carmo do Rio Claro,"UF + nome normalizado (caixa, acentos e espaços)",pareamento_unico_por_nome_uf
42897,CARMÓPOLIS DE MINAS,MG,carmopolis de minas,3114501,Carmópolis de Minas,"UF + nome normalizado (caixa, acentos e espaços)",pareamento_unico_por_nome_uf
42919,CARRANCAS,MG,carrancas,3114600,Carrancas,"UF + nome normalizado (caixa, acentos e espaços)",pareamento_unico_por_nome_uf
42935,CARVALHÓPOLIS,MG,carvalhopolis,3114709,Carvalhópolis,"UF + nome normalizado (caixa, acentos e espaços)",pareamento_unico_por_nome_uf
42951,CARVALHOS,MG,carvalhos,3114808,Carvalhos,"UF + nome normalizado (caixa, acentos e espaços)",pareamento_unico_por_nome_uf
42978,CASA GRANDE,MG,casa grande,3114907,Casa Grande,"UF + nome normalizado (caixa, acentos e espaços)",pareamento_unico_por_nome_uf
42994,CASCALHO RICO,MG,cascalho rico,3115003,Cascalho Rico,"UF + nome normalizado (caixa, acentos e espaços)",pareamento_unico_por_nome_uf
43010,CÁSSIA,MG,cassia,3115102,Cássia,"UF + nome normalizado (caixa, acentos e espaços)",pareamento_unico_por_nome_uf
43036,CONCEIÇÃO DA BARRA DE MINAS,MG,conceicao da barra de minas,3115201,Conceição da Barra de Minas,"UF + nome normalizado (caixa, acentos e espaços)",pareamento_unico_por_nome_uf
43052,CATAGUASES,MG,cataguases,3115300,Cataguases,"UF + nome normalizado (caixa, acentos e espaços)",pareamento_unico_por_nome_uf
43079,CATAS ALTAS DA NORUEGA,MG,catas altas da noruega,3115409,Catas Altas da Noruega,"UF + nome normalizado (caixa, acentos e espaços)",pareamento_unico_por_nome_uf
43095,CAXAMBU,MG,caxambu,3115508,Caxambu,"UF + nome normalizado (caixa, acentos e espaços)",pareamento_unico_por_nome_uf
43117,CEDRO DO ABAETÉ,MG,cedro do abaete,3115607,Cedro do Abaeté,"UF + nome normalizado (caixa, acentos e espaços)",pareamento_unico_por_nome_uf
43133,CENTRAL DE MINAS,MG,central de minas,3115706,Central de Minas,"UF + nome normalizado (caixa, acentos e espaços)",pareamento_unico_por_nome_uf
43150,CENTRALINA,MG,centralina,3115805,Centralina,"UF + nome normalizado (caixa, acentos e espaços)",pareamento_unico_por_nome_uf
43176,CHÁCARA,MG,chacara,3115904,Chácara,"UF + nome normalizado (caixa, acentos e espaços)",pareamento_unico_por_nome_uf
43192,CHALÉ,MG,chale,3116001,Chalé,"UF + nome normalizado (caixa, acentos e espaços)",pareamento_unico_por_nome_uf
43214,CHAPADA DO NORTE,MG,chapada do norte,3116100,Chapada do Norte,"UF + nome normalizado (caixa, acentos e espaços)",pareamento_unico_por_nome_uf
43230,CHIADOR,MG,chiador,3116209,Chiador,"UF + nome normalizado (caixa, acentos e espaços)",pareamento_unico_por_nome_uf
43257,CIPOTÂNEA,MG,cipotanea,3116308,Cipotânea,"UF + nome normalizado (caixa, acentos e espaços)",pareamento_unico_por_nome_uf
43273,CLARAVAL,MG,claraval,3116407,Claraval,"UF + nome normalizado (caixa, acentos e espaços)",pareamento_unico_por_nome_uf
43290,CLARO DOS POÇÕES,MG,claro dos pocoes,3116506,Claro dos Poções,"UF + nome normalizado (caixa, acentos e espaços)",pareamento_unico_por_nome_uf
43311,CLÁUDIO,MG,claudio,3116605,Cláudio,"UF + nome normalizado (caixa, acentos e espaços)",pareamento_unico_por_nome_uf
43338,COIMBRA,MG,coimbra,3116704,Coimbra,"UF + nome normalizado (caixa, acentos e espaços)",pareamento_unico_por_nome_uf
43354,COLUNA,MG,coluna,3116803,Coluna,"UF + nome normalizado (caixa, acentos e espaços)",pareamento_unico_por_nome_uf
43370,COMENDADOR GOMES,MG,comendador gomes,3116902,Comendador Gomes,"UF + nome normalizado (caixa, acentos e espaços)",pareamento_unico_por_nome_uf
43397,COMERCINHO,MG,comercinho,3117009,Comercinho,"UF + nome normalizado (caixa, acentos e espaços)",pareamento_unico_por_nome_uf
43419,CONCEIÇÃO DA APARECIDA,MG,conceicao da aparecida,3117108,Conceição da Aparecida,"UF + nome normalizado (caixa, acentos e espaços)",pareamento_unico_por_nome_uf
43435,CONCEIÇÃO DAS PEDRAS,MG,conceicao das pedras,3117207,Conceição das Pedras,"UF + nome normalizado (caixa, acentos e espaços)",pareamento_unico_por_nome_uf
43451,CONCEIÇÃO DAS ALAGOAS,MG,conceicao das alagoas,3117306,Conceição das Alagoas,"UF + nome normalizado (caixa, acentos e espaços)",pareamento_unico_por_nome_uf
43478,CONCEIÇÃO DE IPANEMA,MG,conceicao de ipanema,3117405,Conceição de Ipanema,"UF + nome normalizado (caixa, acentos e espaços)",pareamento_unico_por_nome_uf
43494,CONCEIÇÃO DO MATO DENTRO,MG,conceicao do mato dentro,3117504,Conceição do Mato Dentro,"UF + nome normalizado (caixa, acentos e espaços)",pareamento_unico_por_nome_uf
43516,CONCEIÇÃO DO PARÁ,MG,conceicao do para,3117603,Conceição do Pará,"UF + nome normalizado (caixa, acentos e espaços)",pareamento_unico_por_nome_uf
43532,CONCEIÇÃO DO RIO VERDE,MG,conceicao do rio verde,3117702,Conceição do Rio Verde,"UF + nome normalizado (caixa, acentos e espaços)",pareamento_unico_por_nome_uf
43559,CONCEIÇÃO DOS OUROS,MG,conceicao dos ouros,3117801,Conceição dos Ouros,"UF + nome normalizado (caixa, acentos e espaços)",pareamento_unico_por_nome_uf
43575,CONGONHAL,MG,congonhal,3117900,Congonhal,"UF + nome normalizado (caixa, acentos e espaços)",pareamento_unico_por_nome_uf
43591,CONGONHAS,MG,congonhas,3118007,Congonhas,"UF + nome normalizado (caixa, acentos e espaços)",pareamento_unico_por_nome_uf
43613,CONGONHAS DO NORTE,MG,congonhas do norte,3118106,Congonhas do Norte,"UF + nome normalizado (caixa, acentos e espaços)",pareamento_unico_por_nome_uf
43630,CONQUISTA,MG,conquista,3118205,Conquista,"UF + nome normalizado (caixa, acentos e espaços)",pareamento_unico_por_nome_uf
43656,CONSELHEIRO LAFAIETE,MG,conselheiro lafaiete,3118304,Conselheiro Lafaiete,"UF + nome normalizado (caixa, acentos e espaços)",pareamento_unico_por_nome_uf
43672,CONSELHEIRO PENA,MG,conselheiro pena,3118403,Conselheiro Pena,"UF + nome normalizado (caixa, acentos e espaços)",pareamento_unico_por_nome_uf
43699,CONSOLAÇÃO,MG,consolacao,3118502,Consolação,"UF + nome normalizado (caixa, acentos e espaços)",pareamento_unico_por_nome_uf
43710,CONTAGEM,MG,contagem,3118601,Contagem,"UF + nome normalizado (caixa, acentos e espaços)",pareamento_unico_por_nome_uf
43737,COQUEIRAL,MG,coqueiral,3118700,Coqueiral,"UF + nome normalizado (caixa, acentos e espaços)",pareamento_unico_por_nome_uf
43753,CORAÇÃO DE JESUS,MG,coracao de jesus,3118809,Coração de Jesus,"UF + nome normalizado (caixa, acentos e espaços)",pareamento_unico_por_nome_uf
43770,CORDISBURGO,MG,cordisburgo,3118908,Cordisburgo,"UF + nome normalizado (caixa, acentos e espaços)",pareamento_unico_por_nome_uf
43796,CORDISLÂNDIA,MG,cordislandia,3119005,Cordislândia,"UF + nome normalizado (caixa, acentos e espaços)",pareamento_unico_por_nome_uf
43818,CORINTO,MG,corinto,3119104,Corinto,"UF + nome normalizado (caixa, acentos e espaços)",pareamento_unico_por_nome_uf
43834,COROACI,MG,coroaci,3119203,Coroaci,"UF + nome normalizado (caixa, acentos e espaços)",pareamento_unico_por_nome_uf
43850,COROMANDEL,MG,coromandel,3119302,Coromandel,"UF + nome normalizado (caixa, acentos e espaços)",pareamento_unico_por_nome_uf
43877,CORONEL FABRICIANO,MG,coronel fabriciano,3119401,Coronel Fabriciano,"UF + nome normalizado (caixa, acentos e espaços)",pareamento_unico_por_nome_uf
43893,CORONEL MURTA,MG,coronel murta,3119500,Coronel Murta,"UF + nome normalizado (caixa, acentos e espaços)",pareamento_unico_por_nome_uf
43915,CORONEL PACHECO,MG,coronel pacheco,3119609,Coronel Pacheco,"UF + nome normalizado (caixa, acentos e espaços)",pareamento_unico_por_nome_uf
43931,CORONEL XAVIER CHAVES,MG,coronel xavier chaves,3119708,Coronel Xavier Chaves,"UF + nome normalizado (caixa, acentos e espaços)",pareamento_unico_por_nome_uf
43958,CÓRREGO DANTA,MG,corrego danta,3119807,Córrego Danta,"UF + nome normalizado (caixa, acentos e espaços)",pareamento_unico_por_nome_uf
43974,CÓRREGO DO BOM JESUS,MG,corrego do bom jesus,3119906,Córrego do Bom Jesus,"UF + nome normalizado (caixa, acentos e espaços)",pareamento_unico_por_nome_uf
43990,CÓRREGO NOVO,MG,corrego novo,3120003,Córrego Novo,"UF + nome normalizado (caixa, acentos e espaços)",pareamento_unico_por_nome_uf
44016,COUTO DE MAGALHÃES DE MINAS,MG,couto de magalhaes de minas,3120102,Couto de Magalhães de Minas,"UF + nome normalizado (caixa, acentos e espaços)",pareamento_unico_por_nome_uf
44032,CRISTAIS,MG,cristais,3120201,Cristais,"UF + nome normalizado (caixa, acentos e espaços)",pareamento_unico_por_nome_uf
44059,CRISTÁLIA,MG,cristalia,3120300,Cristália,"UF + nome normalizado (caixa, acentos e espaços)",pareamento_unico_por_nome_uf
44075,CRISTIANO OTONI,MG,cristiano otoni,3120409,Cristiano Otoni,"UF + nome normalizado (caixa, acentos e espaços)",pareamento_unico_por_nome_uf
44091,CRISTINA,MG,cristina,3120508,Cristina,"UF + nome normalizado (caixa, acentos e espaços)",pareamento_unico_por_nome_uf
44113,CRUCILÂNDIA,MG,crucilandia,3120607,Crucilândia,"UF + nome normalizado (caixa, acentos e espaços)",pareamento_unico_por_nome_uf
44130,CRUZEIRO DA FORTALEZA,MG,cruzeiro da fortaleza,3120706,Cruzeiro da Fortaleza,"UF + nome normalizado (caixa, acentos e espaços)",pareamento_unico_por_nome_uf
44156,CRUZÍLIA,MG,cruzilia,3120805,Cruzília,"UF + nome normalizado (caixa, acentos e espaços)",pareamento_unico_por_nome_uf
44172,CURVELO,MG,curvelo,3120904,Curvelo,"UF + nome normalizado (caixa, acentos e espaços)",pareamento_unico_por_nome_uf
44199,DATAS,MG,datas,3121001,Datas,"UF + nome normalizado (caixa, acentos e espaços)",pareamento_unico_por_nome_uf
44210,DELFIM MOREIRA,MG,delfim moreira,3121100,Delfim Moreira,"UF + nome normalizado (caixa, acentos e espaços)",pareamento_unico_por_nome_uf
44237,DELFINÓPOLIS,MG,delfinopolis,3121209,Delfinópolis,"UF + nome normalizado (caixa, acentos e espaços)",pareamento_unico_por_nome_uf
44253,DESCOBERTO,MG,descoberto,3121308,Descoberto,"UF + nome normalizado (caixa, acentos e espaços)",pareamento_unico_por_nome_uf
44270,DESTERRO DE ENTRE RIOS,MG,desterro de entre rios,3121407,Desterro de Entre Rios,"UF + nome normalizado (caixa, acentos e espaços)",pareamento_unico_por_nome_uf
44296,DESTERRO DO MELO,MG,desterro do melo,3121506,Desterro do Melo,"UF + nome normalizado (caixa, acentos e espaços)",pareamento_unico_por_nome_uf
44318,DIAMANTINA,MG,diamantina,3121605,Diamantina,"UF + nome normalizado (caixa, acentos e espaços)",pareamento_unico_por_nome_uf
44334,DIOGO DE VASCONCELOS,MG,diogo de vasconcelos,3121704,Diogo de Vasconcelos,"UF + nome normalizado (caixa, acentos e espaços)",pareamento_unico_por_nome_uf
44350,DIONÍSIO,MG,dionisio,3121803,Dionísio,"UF + nome normalizado (caixa, acentos e espaços)",pareamento_unico_por_nome_uf
44377,DIVINÉSIA,MG,divinesia,3121902,Divinésia,"UF + nome normalizado (caixa, acentos e espaços)",pareamento_unico_por_nome_uf
44393,DIVINO,MG,divino,3122009,Divino,"UF + nome normalizado (caixa, acentos e espaços)",pareamento_unico_por_nome_uf
44415,DIVINO DAS LARANJEIRAS,MG,divino das laranjeiras,3122108,Divino das Laranjeiras,"UF + nome normalizado (caixa, acentos e espaços)",pareamento_unico_por_nome_uf
44431,DIVINOLÂNDIA DE MINAS,MG,divinolandia de minas,3122207,Divinolândia de Minas,"UF + nome normalizado (caixa, acentos e espaços)",pareamento_unico_por_nome_uf
44458,DIVINÓPOLIS,MG,divinopolis,3122306,Divinópolis,"UF + nome normalizado (caixa, acentos e espaços)",pareamento_unico_por_nome_uf
44474,DIVISA NOVA,MG,divisa nova,3122405,Divisa Nova,"UF + nome normalizado (caixa, acentos e espaços)",pareamento_unico_por_nome_uf
44490,DOM CAVATI,MG,dom cavati,3122504,Dom Cavati,"UF + nome normalizado (caixa, acentos e espaços)",pareamento_unico_por_nome_uf
44512,DOM JOAQUIM,MG,dom joaquim,3122603,Dom Joaquim,"UF + nome normalizado (caixa, acentos e espaços)",pareamento_unico_por_nome_uf
44539,DOM SILVÉRIO,MG,dom silverio,3122702,Dom Silvério,"UF + nome normalizado (caixa, acentos e espaços)",pareamento_unico_por_nome_uf
44555,DOM VIÇOSO,MG,dom vicoso,3122801,Dom Viçoso,"UF + nome normalizado (caixa, acentos e espaços)",pareamento_unico_por_nome_uf
44571,DONA EUSÉBIA,MG,dona eusebia,,,"UF + nome normalizado (caixa, acentos e espaços)",sem_pareamento_exato
44598,DORES DE CAMPOS,MG,dores de campos,3123007,Dores de Campos,"UF + nome normalizado (caixa, acentos e espaços)",pareamento_unico_por_nome_uf
44610,DORES DE GUANHÃES,MG,dores de guanhaes,3123106,Dores de Guanhães,"UF + nome normalizado (caixa, acentos e espaços)",pareamento_unico_por_nome_uf
44636,DORES DO INDAIÁ,MG,dores do indaia,3123205,Dores do Indaiá,"UF + nome normalizado (caixa, acentos e espaços)",pareamento_unico_por_nome_uf
44652,DORES DO TURVO,MG,dores do turvo,3123304,Dores do Turvo,"UF + nome normalizado (caixa, acentos e espaços)",pareamento_unico_por_nome_uf
44679,DORESÓPOLIS,MG,doresopolis,3123403,Doresópolis,"UF + nome normalizado (caixa, acentos e espaços)",pareamento_unico_por_nome_uf
44695,DOURADOQUARA,MG,douradoquara,3123502,Douradoquara,"UF + nome normalizado (caixa, acentos e espaços)",pareamento_unico_por_nome_uf
44717,ELÓI MENDES,MG,eloi mendes,3123601,Elói Mendes,"UF + nome normalizado (caixa, acentos e espaços)",pareamento_unico_por_nome_uf
44733,ENGENHEIRO CALDAS,MG,engenheiro caldas,3123700,Engenheiro Caldas,"UF + nome normalizado (caixa, acentos e espaços)",pareamento_unico_por_nome_uf
44750,ENGENHEIRO NAVARRO,MG,engenheiro navarro,3123809,Engenheiro Navarro,"UF + nome normalizado (caixa, acentos e espaços)",pareamento_unico_por_nome_uf
44776,ENTRE RIOS DE MINAS,MG,entre rios de minas,3123908,Entre Rios de Minas,"UF + nome normalizado (caixa, acentos e espaços)",pareamento_unico_por_nome_uf
44792,ERVÁLIA,MG,ervalia,3124005,Ervália,"UF + nome normalizado (caixa, acentos e espaços)",pareamento_unico_por_nome_uf
44814,ESMERALDAS,MG,esmeraldas,3124104,Esmeraldas,"UF + nome normalizado (caixa, acentos e espaços)",pareamento_unico_por_nome_uf
44830,ESPERA FELIZ,MG,espera feliz,3124203,Espera Feliz,"UF + nome normalizado (caixa, acentos e espaços)",pareamento_unico_por_nome_uf
44857,ESPINOSA,MG,espinosa,3124302,Espinosa,"UF + nome normalizado (caixa, acentos e espaços)",pareamento_unico_por_nome_uf
44873,ESPÍRITO SANTO DO DOURADO,MG,espirito santo do dourado,3124401,Espírito Santo do Dourado,"UF + nome normalizado (caixa, acentos e espaços)",pareamento_unico_por_nome_uf
44890,ESTIVA,MG,estiva,3124500,Estiva,"UF + nome normalizado (caixa, acentos e espaços)",pareamento_unico_por_nome_uf
44911,ESTRELA DALVA,MG,estrela dalva,3124609,Estrela Dalva,"UF + nome normalizado (caixa, acentos e espaços)",pareamento_unico_por_nome_uf
44938,ESTRELA DO INDAIÁ,MG,estrela do indaia,3124708,Estrela do Indaiá,"UF + nome normalizado (caixa, acentos e espaços)",pareamento_unico_por_nome_uf
44954,ESTRELA DO SUL,MG,estrela do sul,3124807,Estrela do Sul,"UF + nome normalizado (caixa, acentos e espaços)",pareamento_unico_por_nome_uf
44970,EUGENÓPOLIS,MG,eugenopolis,3124906,Eugenópolis,"UF + nome normalizado (caixa, acentos e espaços)",pareamento_unico_por_nome_uf
44997,EWBANK DA CÂMARA,MG,ewbank da camara,3125002,Ewbank da Câmara,"UF + nome normalizado (caixa, acentos e espaços)",pareamento_unico_por_nome_uf
45012,EXTREMA,MG,extrema,3125101,Extrema,"UF + nome normalizado (caixa, acentos e espaços)",pareamento_unico_por_nome_uf
45039,FAMA,MG,fama,3125200,Fama,"UF + nome normalizado (caixa, acentos e espaços)",pareamento_unico_por_nome_uf
45055,FARIA LEMOS,MG,faria lemos,3125309,Faria Lemos,"UF + nome normalizado (caixa, acentos e espaços)",pareamento_unico_por_nome_uf
45071,FELÍCIO DOS SANTOS,MG,felicio dos santos,3125408,Felício dos Santos,"UF + nome normalizado (caixa, acentos e espaços)",pareamento_unico_por_nome_uf
45098,SÃO GONÇALO DO RIO PRETO,MG,sao goncalo do rio preto,3125507,São Gonçalo do Rio Preto,"UF + nome normalizado (caixa, acentos e espaços)",pareamento_unico_por_nome_uf
45110,FELISBURGO,MG,felisburgo,3125606,Felisburgo,"UF + nome normalizado (caixa, acentos e espaços)",pareamento_unico_por_nome_uf
45136,FELIXLÂNDIA,MG,felixlandia,3125705,Felixlândia,"UF + nome normalizado (caixa, acentos e espaços)",pareamento_unico_por_nome_uf
45152,FERNANDES TOURINHO,MG,fernandes tourinho,3125804,Fernandes Tourinho,"UF + nome normalizado (caixa, acentos e espaços)",pareamento_unico_por_nome_uf
45179,FERROS,MG,ferros,3125903,Ferros,"UF + nome normalizado (caixa, acentos e espaços)",pareamento_unico_por_nome_uf
45195,FLORESTAL,MG,florestal,3126000,Florestal,"UF + nome normalizado (caixa, acentos e espaços)",pareamento_unico_por_nome_uf
45217,FORMIGA,MG,formiga,3126109,Formiga,"UF + nome normalizado (caixa, acentos e espaços)",pareamento_unico_por_nome_uf
45233,FORMOSO,MG,formoso,3126208,Formoso,"UF + nome normalizado (caixa, acentos e espaços)",pareamento_unico_por_nome_uf
45250,FORTALEZA DE MINAS,MG,fortaleza de minas,3126307,Fortaleza de Minas,"UF + nome normalizado (caixa, acentos e espaços)",pareamento_unico_por_nome_uf
45276,FORTUNA DE MINAS,MG,fortuna de minas,3126406,Fortuna de Minas,"UF + nome normalizado (caixa, acentos e espaços)",pareamento_unico_por_nome_uf
45292,FRANCISCO BADARÓ,MG,francisco badaro,3126505,Francisco Badaró,"UF + nome normalizado (caixa, acentos e espaços)",pareamento_unico_por_nome_uf
45314,FRANCISCO DUMONT,MG,francisco dumont,3126604,Francisco Dumont,"UF + nome normalizado (caixa, acentos e espaços)",pareamento_unico_por_nome_uf
45330,FRANCISCO SÁ,MG,francisco sa,3126703,Francisco Sá,"UF + nome normalizado (caixa, acentos e espaços)",pareamento_unico_por_nome_uf
45357,FREI GASPAR,MG,frei gaspar,3126802,Frei Gaspar,"UF + nome normalizado (caixa, acentos e espaços)",pareamento_unico_por_nome_uf
45373,FREI INOCÊNCIO,MG,frei inocencio,3126901,Frei Inocêncio,"UF + nome normalizado (caixa, acentos e espaços)",pareamento_unico_por_nome_uf
45390,FRONTEIRA,MG,fronteira,3127008,Fronteira,"UF + nome normalizado (caixa, acentos e espaços)",pareamento_unico_por_nome_uf
45411,FRUTAL,MG,frutal,3127107,Frutal,"UF + nome normalizado (caixa, acentos e espaços)",pareamento_unico_por_nome_uf
45438,FUNILÂNDIA,MG,funilandia,3127206,Funilândia,"UF + nome normalizado (caixa, acentos e espaços)",pareamento_unico_por_nome_uf
45454,GALILÉIA,MG,galileia,3127305,Galiléia,"UF + nome normalizado (caixa, acentos e espaços)",pareamento_unico_por_nome_uf
45470,GONÇALVES,MG,goncalves,3127404,Gonçalves,"UF + nome normalizado (caixa, acentos e espaços)",pareamento_unico_por_nome_uf
45497,GONZAGA,MG,gonzaga,3127503,Gonzaga,"UF + nome normalizado (caixa, acentos e espaços)",pareamento_unico_por_nome_uf
45519,GOUVEIA,MG,gouveia,3127602,Gouveia,"UF + nome normalizado (caixa, acentos e espaços)",pareamento_unico_por_nome_uf
45535,GOVERNADOR VALADARES,MG,governador valadares,3127701,Governador Valadares,"UF + nome normalizado (caixa, acentos e espaços)",pareamento_unico_por_nome_uf
45551,GRÃO MOGOL,MG,grao mogol,3127800,Grão Mogol,"UF + nome normalizado (caixa, acentos e espaços)",pareamento_unico_por_nome_uf
45578,GRUPIARA,MG,grupiara,3127909,Grupiara,"UF + nome normalizado (caixa, acentos e espaços)",pareamento_unico_por_nome_uf
45594,GUANHÃES,MG,guanhaes,3128006,Guanhães,"UF + nome normalizado (caixa, acentos e espaços)",pareamento_unico_por_nome_uf
45616,GUAPÉ,MG,guape,3128105,Guapé,"UF + nome normalizado (caixa, acentos e espaços)",pareamento_unico_por_nome_uf
45632,GUARACIABA,MG,guaraciaba,3128204,Guaraciaba,"UF + nome normalizado (caixa, acentos e espaços)",pareamento_unico_por_nome_uf
45659,GUARANÉSIA,MG,guaranesia,3128303,Guaranésia,"UF + nome normalizado (caixa, acentos e espaços)",pareamento_unico_por_nome_uf
45675,GUARANI,MG,guarani,3128402,Guarani,"UF + nome normalizado (caixa, acentos e espaços)",pareamento_unico_por_nome_uf
45691,GUARARÁ,MG,guarara,3128501,Guarará,"UF + nome normalizado (caixa, acentos e espaços)",pareamento_unico_por_nome_uf
45713,GUARDA-MOR,MG,guarda-mor,3128600,Guarda-Mor,"UF + nome normalizado (caixa, acentos e espaços)",pareamento_unico_por_nome_uf
45730,GUAXUPÉ,MG,guaxupe,3128709,Guaxupé,"UF + nome normalizado (caixa, acentos e espaços)",pareamento_unico_por_nome_uf
45756,GUIDOVAL,MG,guidoval,3128808,Guidoval,"UF + nome normalizado (caixa, acentos e espaços)",pareamento_unico_por_nome_uf
45772,GUIMARÂNIA,MG,guimarania,3128907,Guimarânia,"UF + nome normalizado (caixa, acentos e espaços)",pareamento_unico_por_nome_uf
45799,GUIRICEMA,MG,guiricema,3129004,Guiricema,"UF + nome normalizado (caixa, acentos e espaços)",pareamento_unico_por_nome_uf
45810,GURINHATÃ,MG,gurinhata,3129103,Gurinhatã,"UF + nome normalizado (caixa, acentos e espaços)",pareamento_unico_por_nome_uf
45837,HELIODORA,MG,heliodora,3129202,Heliodora,"UF + nome normalizado (caixa, acentos e espaços)",pareamento_unico_por_nome_uf
45853,IAPU,MG,iapu,3129301,Iapu,"UF + nome normalizado (caixa, acentos e espaços)",pareamento_unico_por_nome_uf
45870,IBERTIOGA,MG,ibertioga,3129400,Ibertioga,"UF + nome normalizado (caixa, acentos e espaços)",pareamento_unico_por_nome_uf
45896,IBIÁ,MG,ibia,3129509,Ibiá,"UF + nome normalizado (caixa, acentos e espaços)",pareamento_unico_por_nome_uf
45918,IBIAÍ,MG,ibiai,3129608,Ibiaí,"UF + nome normalizado (caixa, acentos e espaços)",pareamento_unico_por_nome_uf
45934,IBIRACI,MG,ibiraci,3129707,Ibiraci,"UF + nome normalizado (caixa, acentos e espaços)",pareamento_unico_por_nome_uf
45950,IBIRITÉ,MG,ibirite,3129806,Ibirité,"UF + nome normalizado (caixa, acentos e espaços)",pareamento_unico_por_nome_uf
45977,IBITIÚRA DE MINAS,MG,ibitiura de minas,3129905,Ibitiúra de Minas,"UF + nome normalizado (caixa, acentos e espaços)",pareamento_unico_por_nome_uf
45993,IBITURUNA,MG,ibituruna,3130002,Ibituruna,"UF + nome normalizado (caixa, acentos e espaços)",pareamento_unico_por_nome_uf
46019,IGARAPÉ,MG,igarape,3130101,Igarapé,"UF + nome normalizado (caixa, acentos e espaços)",pareamento_unico_por_nome_uf
46035,IGARATINGA,MG,igaratinga,3130200,Igaratinga,"UF + nome normalizado (caixa, acentos e espaços)",pareamento_unico_por_nome_uf
46051,IGUATAMA,MG,iguatama,3130309,Iguatama,"UF + nome normalizado (caixa, acentos e espaços)",pareamento_unico_por_nome_uf
46078,IJACI,MG,ijaci,3130408,Ijaci,"UF + nome normalizado (caixa, acentos e espaços)",pareamento_unico_por_nome_uf
46094,ILICÍNEA,MG,ilicinea,3130507,Ilicínea,"UF + nome normalizado (caixa, acentos e espaços)",pareamento_unico_por_nome_uf
46116,INCONFIDENTES,MG,inconfidentes,3130606,Inconfidentes,"UF + nome normalizado (caixa, acentos e espaços)",pareamento_unico_por_nome_uf
46132,INDIANÓPOLIS,MG,indianopolis,3130705,Indianópolis,"UF + nome normalizado (caixa, acentos e espaços)",pareamento_unico_por_nome_uf
46159,INGAÍ,MG,ingai,3130804,Ingaí,"UF + nome normalizado (caixa, acentos e espaços)",pareamento_unico_por_nome_uf
46175,INHAPIM,MG,inhapim,3130903,Inhapim,"UF + nome normalizado (caixa, acentos e espaços)",pareamento_unico_por_nome_uf
46191,INHAÚMA,MG,inhauma,3131000,Inhaúma,"UF + nome normalizado (caixa, acentos e espaços)",pareamento_unico_por_nome_uf
46213,INIMUTABA,MG,inimutaba,3131109,Inimutaba,"UF + nome normalizado (caixa, acentos e espaços)",pareamento_unico_por_nome_uf
46230,IPANEMA,MG,ipanema,3131208,Ipanema,"UF + nome normalizado (caixa, acentos e espaços)",pareamento_unico_por_nome_uf
46256,IPATINGA,MG,ipatinga,3131307,Ipatinga,"UF + nome normalizado (caixa, acentos e espaços)",pareamento_unico_por_nome_uf
46272,IPIAÇU,MG,ipiacu,3131406,Ipiaçu,"UF + nome normalizado (caixa, acentos e espaços)",pareamento_unico_por_nome_uf
46299,IPUIÚNA,MG,ipuiuna,3131505,Ipuiúna,"UF + nome normalizado (caixa, acentos e espaços)",pareamento_unico_por_nome_uf
46310,IRAÍ DE MINAS,MG,irai de minas,3131604,Iraí de Minas,"UF + nome normalizado (caixa, acentos e espaços)",pareamento_unico_por_nome_uf
46337,ITABIRA,MG,itabira,3131703,Itabira,"UF + nome normalizado (caixa, acentos e espaços)",pareamento_unico_por_nome_uf
46353,ITABIRINHA,MG,itabirinha,3131802,Itabirinha,"UF + nome normalizado (caixa, acentos e espaços)",pareamento_unico_por_nome_uf
46370,ITABIRITO,MG,itabirito,3131901,Itabirito,"UF + nome normalizado (caixa, acentos e espaços)",pareamento_unico_por_nome_uf
46396,ITACAMBIRA,MG,itacambira,3132008,Itacambira,"UF + nome normalizado (caixa, acentos e espaços)",pareamento_unico_por_nome_uf
46418,ITACARAMBI,MG,itacarambi,3132107,Itacarambi,"UF + nome normalizado (caixa, acentos e espaços)",pareamento_unico_por_nome_uf
46434,ITAGUARA,MG,itaguara,3132206,Itaguara,"UF + nome normalizado (caixa, acentos e espaços)",pareamento_unico_por_nome_uf
46450,ITAIPÉ,MG,itaipe,3132305,Itaipé,"UF + nome normalizado (caixa, acentos e espaços)",pareamento_unico_por_nome_uf
46477,ITAJUBÁ,MG,itajuba,3132404,Itajubá,"UF + nome normalizado (caixa, acentos e espaços)",pareamento_unico_por_nome_uf
46493,ITAMARANDIBA,MG,itamarandiba,3132503,Itamarandiba,"UF + nome normalizado (caixa, acentos e espaços)",pareamento_unico_por_nome_uf
46515,ITAMARATI DE MINAS,MG,itamarati de minas,3132602,Itamarati de Minas,"UF + nome normalizado (caixa, acentos e espaços)",pareamento_unico_por_nome_uf
46531,ITAMBACURI,MG,itambacuri,3132701,Itambacuri,"UF + nome normalizado (caixa, acentos e espaços)",pareamento_unico_por_nome_uf
46558,ITAMBÉ DO MATO DENTRO,MG,itambe do mato dentro,3132800,Itambé do Mato Dentro,"UF + nome normalizado (caixa, acentos e espaços)",pareamento_unico_por_nome_uf
46574,ITAMOGI,MG,itamogi,3132909,Itamogi,"UF + nome normalizado (caixa, acentos e espaços)",pareamento_unico_por_nome_uf
46590,ITAMONTE,MG,itamonte,3133006,Itamonte,"UF + nome normalizado (caixa, acentos e espaços)",pareamento_unico_por_nome_uf
46612,ITANHANDU,MG,itanhandu,3133105,Itanhandu,"UF + nome normalizado (caixa, acentos e espaços)",pareamento_unico_por_nome_uf
46639,ITANHOMI,MG,itanhomi,3133204,Itanhomi,"UF + nome normalizado (caixa, acentos e espaços)",pareamento_unico_por_nome_uf
46655,ITAOBIM,MG,itaobim,3133303,Itaobim,"UF + nome normalizado (caixa, acentos e espaços)",pareamento_unico_por_nome_uf
46671,ITAPAGIPE,MG,itapagipe,3133402,Itapagipe,"UF + nome normalizado (caixa, acentos e espaços)",pareamento_unico_por_nome_uf
46698,ITAPECERICA,MG,itapecerica,3133501,Itapecerica,"UF + nome normalizado (caixa, acentos e espaços)",pareamento_unico_por_nome_uf
46710,ITAPEVA,MG,itapeva,3133600,Itapeva,"UF + nome normalizado (caixa, acentos e espaços)",pareamento_unico_por_nome_uf
46736,ITATIAIUÇU,MG,itatiaiucu,3133709,Itatiaiuçu,"UF + nome normalizado (caixa, acentos e espaços)",pareamento_unico_por_nome_uf
46752,ITAÚNA,MG,itauna,3133808,Itaúna,"UF + nome normalizado (caixa, acentos e espaços)",pareamento_unico_por_nome_uf
46779,ITAVERAVA,MG,itaverava,3133907,Itaverava,"UF + nome normalizado (caixa, acentos e espaços)",pareamento_unico_por_nome_uf
46795,ITINGA,MG,itinga,3134004,Itinga,"UF + nome normalizado (caixa, acentos e espaços)",pareamento_unico_por_nome_uf
46817,ITUETA,MG,itueta,3134103,Itueta,"UF + nome normalizado (caixa, acentos e espaços)",pareamento_unico_por_nome_uf
46833,ITUIUTABA,MG,ituiutaba,3134202,Ituiutaba,"UF + nome normalizado (caixa, acentos e espaços)",pareamento_unico_por_nome_uf
46850,ITUMIRIM,MG,itumirim,3134301,Itumirim,"UF + nome normalizado (caixa, acentos e espaços)",pareamento_unico_por_nome_uf
46876,ITURAMA,MG,iturama,3134400,Iturama,"UF + nome normalizado (caixa, acentos e espaços)",pareamento_unico_por_nome_uf
46892,ITUTINGA,MG,itutinga,3134509,Itutinga,"UF + nome normalizado (caixa, acentos e espaços)",pareamento_unico_por_nome_uf
46914,JABOTICATUBAS,MG,jaboticatubas,3134608,Jaboticatubas,"UF + nome normalizado (caixa, acentos e espaços)",pareamento_unico_por_nome_uf
46930,JACINTO,MG,jacinto,3134707,Jacinto,"UF + nome normalizado (caixa, acentos e espaços)",pareamento_unico_por_nome_uf
46957,JACUÍ,MG,jacui,3134806,Jacuí,"UF + nome normalizado (caixa, acentos e espaços)",pareamento_unico_por_nome_uf
46973,JACUTINGA,MG,jacutinga,3134905,Jacutinga,"UF + nome normalizado (caixa, acentos e espaços)",pareamento_unico_por_nome_uf
46990,JAGUARAÇU,MG,jaguaracu,3135001,Jaguaraçu,"UF + nome normalizado (caixa, acentos e espaços)",pareamento_unico_por_nome_uf
47015,JANAÚBA,MG,janauba,3135100,Janaúba,"UF + nome normalizado (caixa, acentos e espaços)",pareamento_unico_por_nome_uf
47031,JANUÁRIA,MG,januaria,3135209,Januária,"UF + nome normalizado (caixa, acentos e espaços)",pareamento_unico_por_nome_uf
47058,JAPARAÍBA,MG,japaraiba,3135308,Japaraíba,"UF + nome normalizado (caixa, acentos e espaços)",pareamento_unico_por_nome_uf
47074,JECEABA,MG,jeceaba,3135407,Jeceaba,"UF + nome normalizado (caixa, acentos e espaços)",pareamento_unico_por_nome_uf
47090,JEQUERI,MG,jequeri,3135506,Jequeri,"UF + nome normalizado (caixa, acentos e espaços)",pareamento_unico_por_nome_uf
47112,JEQUITAÍ,MG,jequitai,3135605,Jequitaí,"UF + nome normalizado (caixa, acentos e espaços)",pareamento_unico_por_nome_uf
47139,JEQUITIBÁ,MG,jequitiba,3135704,Jequitibá,"UF + nome normalizado (caixa, acentos e espaços)",pareamento_unico_por_nome_uf
47155,JEQUITINHONHA,MG,jequitinhonha,3135803,Jequitinhonha,"UF + nome normalizado (caixa, acentos e espaços)",pareamento_unico_por_nome_uf
47171,JESUÂNIA,MG,jesuania,3135902,Jesuânia,"UF + nome normalizado (caixa, acentos e espaços)",pareamento_unico_por_nome_uf
47198,JOAÍMA,MG,joaima,3136009,Joaíma,"UF + nome normalizado (caixa, acentos e espaços)",pareamento_unico_por_nome_uf
47210,JOANÉSIA,MG,joanesia,3136108,Joanésia,"UF + nome normalizado (caixa, acentos e espaços)",pareamento_unico_por_nome_uf
47236,JOÃO MONLEVADE,MG,joao monlevade,3136207,João Monlevade,"UF + nome normalizado (caixa, acentos e espaços)",pareamento_unico_por_nome_uf
47252,JOÃO PINHEIRO,MG,joao pinheiro,3136306,João Pinheiro,"UF + nome normalizado (caixa, acentos e espaços)",pareamento_unico_por_nome_uf
47279,JOAQUIM FELÍCIO,MG,joaquim felicio,3136405,Joaquim Felício,"UF + nome normalizado (caixa, acentos e espaços)",pareamento_unico_por_nome_uf
47295,JORDÂNIA,MG,jordania,3136504,Jordânia,"UF + nome normalizado (caixa, acentos e espaços)",pareamento_unico_por_nome_uf
47317,NOVA UNIÃO,MG,nova uniao,3136603,Nova União,"UF + nome normalizado (caixa, acentos e espaços)",pareamento_unico_por_nome_uf
47333,JUIZ DE FORA,MG,juiz de fora,3136702,Juiz de Fora,"UF + nome normalizado (caixa, acentos e espaços)",pareamento_unico_por_nome_uf
47350,JURAMENTO,MG,juramento,3136801,Juramento,"UF + nome normalizado (caixa, acentos e espaços)",pareamento_unico_por_nome_uf
47376,JURUAIA,MG,juruaia,3136900,Juruaia,"UF + nome normalizado (caixa, acentos e espaços)",pareamento_unico_por_nome_uf
47392,LADAINHA,MG,ladainha,3137007,Ladainha,"UF + nome normalizado (caixa, acentos e espaços)",pareamento_unico_por_nome_uf
47414,LAGAMAR,MG,lagamar,3137106,Lagamar,"UF + nome normalizado (caixa, acentos e espaços)",pareamento_unico_por_nome_uf
47430,LAGOA DA PRATA,MG,lagoa da prata,3137205,Lagoa da Prata,"UF + nome normalizado (caixa, acentos e espaços)",pareamento_unico_por_nome_uf
47457,LAGOA DOS PATOS,MG,lagoa dos patos,3137304,Lagoa dos Patos,"UF + nome normalizado (caixa, acentos e espaços)",pareamento_unico_por_nome_uf
47473,LAGOA DOURADA,MG,lagoa dourada,3137403,Lagoa Dourada,"UF + nome normalizado (caixa, acentos e espaços)",pareamento_unico_por_nome_uf
47490,LAGOA FORMOSA,MG,lagoa formosa,3137502,Lagoa Formosa,"UF + nome normalizado (caixa, acentos e espaços)",pareamento_unico_por_nome_uf
47511,LAGOA SANTA,MG,lagoa santa,3137601,Lagoa Santa,"UF + nome normalizado (caixa, acentos e espaços)",pareamento_unico_por_nome_uf
47538,LAJINHA,MG,lajinha,3137700,Lajinha,"UF + nome normalizado (caixa, acentos e espaços)",pareamento_unico_por_nome_uf
47554,LAMBARI,MG,lambari,3137809,Lambari,"UF + nome normalizado (caixa, acentos e espaços)",pareamento_unico_por_nome_uf
47570,LAMIM,MG,lamim,3137908,Lamim,"UF + nome normalizado (caixa, acentos e espaços)",pareamento_unico_por_nome_uf
47597,LARANJAL,MG,laranjal,3138005,Laranjal,"UF + nome normalizado (caixa, acentos e espaços)",pareamento_unico_por_nome_uf
47619,LASSANCE,MG,lassance,3138104,Lassance,"UF + nome normalizado (caixa, acentos e espaços)",pareamento_unico_por_nome_uf
47635,LAVRAS,MG,lavras,3138203,Lavras,"UF + nome normalizado (caixa, acentos e espaços)",pareamento_unico_por_nome_uf
47651,LEANDRO FERREIRA,MG,leandro ferreira,3138302,Leandro Ferreira,"UF + nome normalizado (caixa, acentos e espaços)",pareamento_unico_por_nome_uf
47678,LEOPOLDINA,MG,leopoldina,3138401,Leopoldina,"UF + nome normalizado (caixa, acentos e espaços)",pareamento_unico_por_nome_uf
47694,LIBERDADE,MG,liberdade,3138500,Liberdade,"UF + nome normalizado (caixa, acentos e espaços)",pareamento_unico_por_nome_uf
47716,LIMA DUARTE,MG,lima duarte,3138609,Lima Duarte,"UF + nome normalizado (caixa, acentos e espaços)",pareamento_unico_por_nome_uf
47732,LUMINÁRIAS,MG,luminarias,3138708,Luminárias,"UF + nome normalizado (caixa, acentos e espaços)",pareamento_unico_por_nome_uf
47759,LUZ,MG,luz,3138807,Luz,"UF + nome normalizado (caixa, acentos e espaços)",pareamento_unico_por_nome_uf
47775,MACHACALIS,MG,machacalis,3138906,Machacalis,"UF + nome normalizado (caixa, acentos e espaços)",pareamento_unico_por_nome_uf
47791,MACHADO,MG,machado,3139003,Machado,"UF + nome normalizado (caixa, acentos e espaços)",pareamento_unico_por_nome_uf
47813,MADRE DE DEUS DE MINAS,MG,madre de deus de minas,3139102,Madre de Deus de Minas,"UF + nome normalizado (caixa, acentos e espaços)",pareamento_unico_por_nome_uf
47830,MALACACHETA,MG,malacacheta,3139201,Malacacheta,"UF + nome normalizado (caixa, acentos e espaços)",pareamento_unico_por_nome_uf
47856,MANGA,MG,manga,3139300,Manga,"UF + nome normalizado (caixa, acentos e espaços)",pareamento_unico_por_nome_uf
47872,MANHUAÇU,MG,manhuacu,3139409,Manhuaçu,"UF + nome normalizado (caixa, acentos e espaços)",pareamento_unico_por_nome_uf
47899,MANHUMIRIM,MG,manhumirim,3139508,Manhumirim,"UF + nome normalizado (caixa, acentos e espaços)",pareamento_unico_por_nome_uf
47910,MANTENA,MG,mantena,3139607,Mantena,"UF + nome normalizado (caixa, acentos e espaços)",pareamento_unico_por_nome_uf
47937,MARAVILHAS,MG,maravilhas,3139706,Maravilhas,"UF + nome normalizado (caixa, acentos e espaços)",pareamento_unico_por_nome_uf
47953,MAR DE ESPANHA,MG,mar de espanha,3139805,Mar de Espanha,"UF + nome normalizado (caixa, acentos e espaços)",pareamento_unico_por_nome_uf
47970,MARIA DA FÉ,MG,maria da fe,3139904,Maria da Fé,"UF + nome normalizado (caixa, acentos e espaços)",pareamento_unico_por_nome_uf
47996,MARIANA,MG,mariana,3140001,Mariana,"UF + nome normalizado (caixa, acentos e espaços)",pareamento_unico_por_nome_uf
48011,MARILAC,MG,marilac,3140100,Marilac,"UF + nome normalizado (caixa, acentos e espaços)",pareamento_unico_por_nome_uf
48038,MARIPÁ DE MINAS,MG,maripa de minas,3140209,Maripá de Minas,"UF + nome normalizado (caixa, acentos e espaços)",pareamento_unico_por_nome_uf
48054,MARLIÉRIA,MG,marlieria,3140308,Marliéria,"UF + nome normalizado (caixa, acentos e espaços)",pareamento_unico_por_nome_uf
48070,MARMELÓPOLIS,MG,marmelopolis,3140407,Marmelópolis,"UF + nome normalizado (caixa, acentos e espaços)",pareamento_unico_por_nome_uf
48097,MARTINHO CAMPOS,MG,martinho campos,3140506,Martinho Campos,"UF + nome normalizado (caixa, acentos e espaços)",pareamento_unico_por_nome_uf
48119,MATERLÂNDIA,MG,materlandia,3140605,Materlândia,"UF + nome normalizado (caixa, acentos e espaços)",pareamento_unico_por_nome_uf
48135,MATEUS LEME,MG,mateus leme,3140704,Mateus Leme,"UF + nome normalizado (caixa, acentos e espaços)",pareamento_unico_por_nome_uf
48151,MATIAS BARBOSA,MG,matias barbosa,3140803,Matias Barbosa,"UF + nome normalizado (caixa, acentos e espaços)",pareamento_unico_por_nome_uf
48178,MATIPÓ,MG,matipo,3140902,Matipó,"UF + nome normalizado (caixa, acentos e espaços)",pareamento_unico_por_nome_uf
48194,MATO VERDE,MG,mato verde,3141009,Mato Verde,"UF + nome normalizado (caixa, acentos e espaços)",pareamento_unico_por_nome_uf
48216,MATOZINHOS,MG,matozinhos,3141108,Matozinhos,"UF + nome normalizado (caixa, acentos e espaços)",pareamento_unico_por_nome_uf
48232,MATUTINA,MG,matutina,3141207,Matutina,"UF + nome normalizado (caixa, acentos e espaços)",pareamento_unico_por_nome_uf
48259,MEDEIROS,MG,medeiros,3141306,Medeiros,"UF + nome normalizado (caixa, acentos e espaços)",pareamento_unico_por_nome_uf
48275,MEDINA,MG,medina,3141405,Medina,"UF + nome normalizado (caixa, acentos e espaços)",pareamento_unico_por_nome_uf
48291,MENDES PIMENTEL,MG,mendes pimentel,3141504,Mendes Pimentel,"UF + nome normalizado (caixa, acentos e espaços)",pareamento_unico_por_nome_uf
48313,MERCÊS,MG,merces,3141603,Mercês,"UF + nome normalizado (caixa, acentos e espaços)",pareamento_unico_por_nome_uf
48330,MESQUITA,MG,mesquita,3141702,Mesquita,"UF + nome normalizado (caixa, acentos e espaços)",pareamento_unico_por_nome_uf
48356,MINAS NOVAS,MG,minas novas,3141801,Minas Novas,"UF + nome normalizado (caixa, acentos e espaços)",pareamento_unico_por_nome_uf
48372,MINDURI,MG,minduri,3141900,Minduri,"UF + nome normalizado (caixa, acentos e espaços)",pareamento_unico_por_nome_uf
48399,MIRABELA,MG,mirabela,3142007,Mirabela,"UF + nome normalizado (caixa, acentos e espaços)",pareamento_unico_por_nome_uf
48410,MIRADOURO,MG,miradouro,3142106,Miradouro,"UF + nome normalizado (caixa, acentos e espaços)",pareamento_unico_por_nome_uf
48437,MIRAÍ,MG,mirai,3142205,Miraí,"UF + nome normalizado (caixa, acentos e espaços)",pareamento_unico_por_nome_uf
48453,MOEDA,MG,moeda,3142304,Moeda,"UF + nome normalizado (caixa, acentos e espaços)",pareamento_unico_por_nome_uf
48470,MOEMA,MG,moema,3142403,Moema,"UF + nome normalizado (caixa, acentos e espaços)",pareamento_unico_por_nome_uf
48496,MONJOLOS,MG,monjolos,3142502,Monjolos,"UF + nome normalizado (caixa, acentos e espaços)",pareamento_unico_por_nome_uf
48518,MONSENHOR PAULO,MG,monsenhor paulo,3142601,Monsenhor Paulo,"UF + nome normalizado (caixa, acentos e espaços)",pareamento_unico_por_nome_uf
48534,MONTALVÂNIA,MG,montalvania,3142700,Montalvânia,"UF + nome normalizado (caixa, acentos e espaços)",pareamento_unico_por_nome_uf
48550,MONTE ALEGRE DE MINAS,MG,monte alegre de minas,3142809,Monte Alegre de Minas,"UF + nome normalizado (caixa, acentos e espaços)",pareamento_unico_por_nome_uf
48577,MONTE AZUL,MG,monte azul,3142908,Monte Azul,"UF + nome normalizado (caixa, acentos e espaços)",pareamento_unico_por_nome_uf
48593,MONTE BELO,MG,monte belo,3143005,Monte Belo,"UF + nome normalizado (caixa, acentos e espaços)",pareamento_unico_por_nome_uf
48615,MONTE CARMELO,MG,monte carmelo,3143104,Monte Carmelo,"UF + nome normalizado (caixa, acentos e espaços)",pareamento_unico_por_nome_uf
48631,MONTE SANTO DE MINAS,MG,monte santo de minas,3143203,Monte Santo de Minas,"UF + nome normalizado (caixa, acentos e espaços)",pareamento_unico_por_nome_uf
48658,MONTES CLAROS,MG,montes claros,3143302,Montes Claros,"UF + nome normalizado (caixa, acentos e espaços)",pareamento_unico_por_nome_uf
48674,MONTE SIÃO,MG,monte siao,3143401,Monte Sião,"UF + nome normalizado (caixa, acentos e espaços)",pareamento_unico_por_nome_uf
48690,MORADA NOVA DE MINAS,MG,morada nova de minas,3143500,Morada Nova de Minas,"UF + nome normalizado (caixa, acentos e espaços)",pareamento_unico_por_nome_uf
48712,MORRO DA GARÇA,MG,morro da garca,3143609,Morro da Garça,"UF + nome normalizado (caixa, acentos e espaços)",pareamento_unico_por_nome_uf
48739,MORRO DO PILAR,MG,morro do pilar,3143708,Morro do Pilar,"UF + nome normalizado (caixa, acentos e espaços)",pareamento_unico_por_nome_uf
48755,MUNHOZ,MG,munhoz,3143807,Munhoz,"UF + nome normalizado (caixa, acentos e espaços)",pareamento_unico_por_nome_uf
48771,MURIAÉ,MG,muriae,3143906,Muriaé,"UF + nome normalizado (caixa, acentos e espaços)",pareamento_unico_por_nome_uf
48798,MUTUM,MG,mutum,3144003,Mutum,"UF + nome normalizado (caixa, acentos e espaços)",pareamento_unico_por_nome_uf
48810,MUZAMBINHO,MG,muzambinho,3144102,Muzambinho,"UF + nome normalizado (caixa, acentos e espaços)",pareamento_unico_por_nome_uf
48836,NACIP RAYDAN,MG,nacip raydan,3144201,Nacip Raydan,"UF + nome normalizado (caixa, acentos e espaços)",pareamento_unico_por_nome_uf
48852,NANUQUE,MG,nanuque,3144300,Nanuque,"UF + nome normalizado (caixa, acentos e espaços)",pareamento_unico_por_nome_uf
48879,NATÉRCIA,MG,natercia,3144409,Natércia,"UF + nome normalizado (caixa, acentos e espaços)",pareamento_unico_por_nome_uf
48895,NAZARENO,MG,nazareno,3144508,Nazareno,"UF + nome normalizado (caixa, acentos e espaços)",pareamento_unico_por_nome_uf
48917,NEPOMUCENO,MG,nepomuceno,3144607,Nepomuceno,"UF + nome normalizado (caixa, acentos e espaços)",pareamento_unico_por_nome_uf
48933,NOVA ERA,MG,nova era,3144706,Nova Era,"UF + nome normalizado (caixa, acentos e espaços)",pareamento_unico_por_nome_uf
48950,NOVA LIMA,MG,nova lima,3144805,Nova Lima,"UF + nome normalizado (caixa, acentos e espaços)",pareamento_unico_por_nome_uf
48976,NOVA MÓDICA,MG,nova modica,3144904,Nova Módica,"UF + nome normalizado (caixa, acentos e espaços)",pareamento_unico_por_nome_uf
48992,NOVA PONTE,MG,nova ponte,3145000,Nova Ponte,"UF + nome normalizado (caixa, acentos e espaços)",pareamento_unico_por_nome_uf
49018,NOVA RESENDE,MG,nova resende,3145109,Nova Resende,"UF + nome normalizado (caixa, acentos e espaços)",pareamento_unico_por_nome_uf
49034,NOVA SERRANA,MG,nova serrana,3145208,Nova Serrana,"UF + nome normalizado (caixa, acentos e espaços)",pareamento_unico_por_nome_uf
49050,NOVO CRUZEIRO,MG,novo cruzeiro,3145307,Novo Cruzeiro,"UF + nome normalizado (caixa, acentos e espaços)",pareamento_unico_por_nome_uf
49077,OLARIA,MG,olaria,3145406,Olaria,"UF + nome normalizado (caixa, acentos e espaços)",pareamento_unico_por_nome_uf
49093,OLÍMPIO NORONHA,MG,olimpio noronha,3145505,Olímpio Noronha,"UF + nome normalizado (caixa, acentos e espaços)",pareamento_unico_por_nome_uf
49115,OLIVEIRA,MG,oliveira,3145604,Oliveira,"UF + nome normalizado (caixa, acentos e espaços)",pareamento_unico_por_nome_uf
49131,OLIVEIRA FORTES,MG,oliveira fortes,3145703,Oliveira Fortes,"UF + nome normalizado (caixa, acentos e espaços)",pareamento_unico_por_nome_uf
49158,ONÇA DE PITANGUI,MG,onca de pitangui,3145802,Onça de Pitangui,"UF + nome normalizado (caixa, acentos e espaços)",pareamento_unico_por_nome_uf
49174,OURO BRANCO,MG,ouro branco,3145901,Ouro Branco,"UF + nome normalizado (caixa, acentos e espaços)",pareamento_unico_por_nome_uf
49190,OURO FINO,MG,ouro fino,3146008,Ouro Fino,"UF + nome normalizado (caixa, acentos e espaços)",pareamento_unico_por_nome_uf
49212,OURO PRETO,MG,ouro preto,3146107,Ouro Preto,"UF + nome normalizado (caixa, acentos e espaços)",pareamento_unico_por_nome_uf
49239,OURO VERDE DE MINAS,MG,ouro verde de minas,3146206,Ouro Verde de Minas,"UF + nome normalizado (caixa, acentos e espaços)",pareamento_unico_por_nome_uf
49255,PADRE PARAÍSO,MG,padre paraiso,3146305,Padre Paraíso,"UF + nome normalizado (caixa, acentos e espaços)",pareamento_unico_por_nome_uf
49271,PAINEIRAS,MG,paineiras,3146404,Paineiras,"UF + nome normalizado (caixa, acentos e espaços)",pareamento_unico_por_nome_uf
49298,PAINS,MG,pains,3146503,Pains,"UF + nome normalizado (caixa, acentos e espaços)",pareamento_unico_por_nome_uf
49310,PAIVA,MG,paiva,3146602,Paiva,"UF + nome normalizado (caixa, acentos e espaços)",pareamento_unico_por_nome_uf
49336,PALMA,MG,palma,3146701,Palma,"UF + nome normalizado (caixa, acentos e espaços)",pareamento_unico_por_nome_uf
49352,FRONTEIRA DOS VALES,MG,fronteira dos vales,3127057,Fronteira dos Vales,"UF + nome normalizado (caixa, acentos e espaços)",pareamento_unico_por_nome_uf
49379,PAPAGAIOS,MG,papagaios,3146909,Papagaios,"UF + nome normalizado (caixa, acentos e espaços)",pareamento_unico_por_nome_uf
49395,PARACATU,MG,paracatu,3147006,Paracatu,"UF + nome normalizado (caixa, acentos e espaços)",pareamento_unico_por_nome_uf
49417,PARÁ DE MINAS,MG,para de minas,3147105,Pará de Minas,"UF + nome normalizado (caixa, acentos e espaços)",pareamento_unico_por_nome_uf
49433,PARAGUAÇU,MG,paraguacu,3147204,Paraguaçu,"UF + nome normalizado (caixa, acentos e espaços)",pareamento_unico_por_nome_uf
49450,PARAISÓPOLIS,MG,paraisopolis,3147303,Paraisópolis,"UF + nome normalizado (caixa, acentos e espaços)",pareamento_unico_por_nome_uf
49476,PARAOPEBA,MG,paraopeba,3147402,Paraopeba,"UF + nome normalizado (caixa, acentos e espaços)",pareamento_unico_por_nome_uf
49492,PASSABÉM,MG,passabem,3147501,Passabém,"UF + nome normalizado (caixa, acentos e espaços)",pareamento_unico_por_nome_uf
49514,PASSA QUATRO,MG,passa quatro,3147600,Passa Quatro,"UF + nome normalizado (caixa, acentos e espaços)",pareamento_unico_por_nome_uf
49530,PASSA TEMPO,MG,passa tempo,3147709,Passa Tempo,"UF + nome normalizado (caixa, acentos e espaços)",pareamento_unico_por_nome_uf
49557,PASSA VINTE,MG,passa vinte,3147808,Passa Vinte,"UF + nome normalizado (caixa, acentos e espaços)",pareamento_unico_por_nome_uf
49573,PASSOS,MG,passos,3147907,Passos,"UF + nome normalizado (caixa, acentos e espaços)",pareamento_unico_por_nome_uf
49590,PATOS DE MINAS,MG,patos de minas,3148004,Patos de Minas,"UF + nome normalizado (caixa, acentos e espaços)",pareamento_unico_por_nome_uf
49611,PATROCÍNIO,MG,patrocinio,3148103,Patrocínio,"UF + nome normalizado (caixa, acentos e espaços)",pareamento_unico_por_nome_uf
49638,PATROCÍNIO DO MURIAÉ,MG,patrocinio do muriae,3148202,Patrocínio do Muriaé,"UF + nome normalizado (caixa, acentos e espaços)",pareamento_unico_por_nome_uf
49654,PAULA CÂNDIDO,MG,paula candido,3148301,Paula Cândido,"UF + nome normalizado (caixa, acentos e espaços)",pareamento_unico_por_nome_uf
49670,PAULISTAS,MG,paulistas,3148400,Paulistas,"UF + nome normalizado (caixa, acentos e espaços)",pareamento_unico_por_nome_uf
49697,PAVÃO,MG,pavao,3148509,Pavão,"UF + nome normalizado (caixa, acentos e espaços)",pareamento_unico_por_nome_uf
49719,PEÇANHA,MG,pecanha,3148608,Peçanha,"UF + nome normalizado (caixa, acentos e espaços)",pareamento_unico_por_nome_uf
49735,PEDRA AZUL,MG,pedra azul,3148707,Pedra Azul,"UF + nome normalizado (caixa, acentos e espaços)",pareamento_unico_por_nome_uf
49751,PEDRA DO ANTA,MG,pedra do anta,3148806,Pedra do Anta,"UF + nome normalizado (caixa, acentos e espaços)",pareamento_unico_por_nome_uf
49778,PEDRA DO INDAIÁ,MG,pedra do indaia,3148905,Pedra do Indaiá,"UF + nome normalizado (caixa, acentos e espaços)",pareamento_unico_por_nome_uf
49794,PEDRA DOURADA,MG,pedra dourada,3149002,Pedra Dourada,"UF + nome normalizado (caixa, acentos e espaços)",pareamento_unico_por_nome_uf
49816,PEDRALVA,MG,pedralva,3149101,Pedralva,"UF + nome normalizado (caixa, acentos e espaços)",pareamento_unico_por_nome_uf
49832,PEDRINÓPOLIS,MG,pedrinopolis,3149200,Pedrinópolis,"UF + nome normalizado (caixa, acentos e espaços)",pareamento_unico_por_nome_uf
49859,PEDRO LEOPOLDO,MG,pedro leopoldo,3149309,Pedro Leopoldo,"UF + nome normalizado (caixa, acentos e espaços)",pareamento_unico_por_nome_uf
49875,PEDRO TEIXEIRA,MG,pedro teixeira,3149408,Pedro Teixeira,"UF + nome normalizado (caixa, acentos e espaços)",pareamento_unico_por_nome_uf
49891,PEQUERI,MG,pequeri,3149507,Pequeri,"UF + nome normalizado (caixa, acentos e espaços)",pareamento_unico_por_nome_uf
49913,PEQUI,MG,pequi,3149606,Pequi,"UF + nome normalizado (caixa, acentos e espaços)",pareamento_unico_por_nome_uf
49930,PERDIGÃO,MG,perdigao,3149705,Perdigão,"UF + nome normalizado (caixa, acentos e espaços)",pareamento_unico_por_nome_uf
49956,PERDIZES,MG,perdizes,3149804,Perdizes,"UF + nome normalizado (caixa, acentos e espaços)",pareamento_unico_por_nome_uf
49972,PERDÕES,MG,perdoes,3149903,Perdões,"UF + nome normalizado (caixa, acentos e espaços)",pareamento_unico_por_nome_uf
49999,PESCADOR,MG,pescador,3150000,Pescador,"UF + nome normalizado (caixa, acentos e espaços)",pareamento_unico_por_nome_uf
50016,PIAU,MG,piau,3150109,Piau,"UF + nome normalizado (caixa, acentos e espaços)",pareamento_unico_por_nome_uf
50032,PIEDADE DE PONTE NOVA,MG,piedade de ponte nova,3150208,Piedade de Ponte Nova,"UF + nome normalizado (caixa, acentos e espaços)",pareamento_unico_por_nome_uf
50059,PIEDADE DO RIO GRANDE,MG,piedade do rio grande,3150307,Piedade do Rio Grande,"UF + nome normalizado (caixa, acentos e espaços)",pareamento_unico_por_nome_uf
50075,PIEDADE DOS GERAIS,MG,piedade dos gerais,3150406,Piedade dos Gerais,"UF + nome normalizado (caixa, acentos e espaços)",pareamento_unico_por_nome_uf
50091,PIMENTA,MG,pimenta,3150505,Pimenta,"UF + nome normalizado (caixa, acentos e espaços)",pareamento_unico_por_nome_uf
50113,PIRACEMA,MG,piracema,3150604,Piracema,"UF + nome normalizado (caixa, acentos e espaços)",pareamento_unico_por_nome_uf
50130,PIRAJUBA,MG,pirajuba,3150703,Pirajuba,"UF + nome normalizado (caixa, acentos e espaços)",pareamento_unico_por_nome_uf
50156,PIRANGA,MG,piranga,3150802,Piranga,"UF + nome normalizado (caixa, acentos e espaços)",pareamento_unico_por_nome_uf
50172,PIRANGUÇU,MG,pirangucu,3150901,Piranguçu,"UF + nome normalizado (caixa, acentos e espaços)",pareamento_unico_por_nome_uf
50199,PIRANGUINHO,MG,piranguinho,3151008,Piranguinho,"UF + nome normalizado (caixa, acentos e espaços)",pareamento_unico_por_nome_uf
50210,PIRAPETINGA,MG,pirapetinga,3151107,Pirapetinga,"UF + nome normalizado (caixa, acentos e espaços)",pareamento_unico_por_nome_uf
50237,PIRAPORA,MG,pirapora,3151206,Pirapora,"UF + nome normalizado (caixa, acentos e espaços)",pareamento_unico_por_nome_uf
50253,PIRAÚBA,MG,pirauba,3151305,Piraúba,"UF + nome normalizado (caixa, acentos e espaços)",pareamento_unico_por_nome_uf
50270,PITANGUI,MG,pitangui,3151404,Pitangui,"UF + nome normalizado (caixa, acentos e espaços)",pareamento_unico_por_nome_uf
50296,PIUMHI,MG,piumhi,3151503,Piumhi,"UF + nome normalizado (caixa, acentos e espaços)",pareamento_unico_por_nome_uf
50318,PLANURA,MG,planura,3151602,Planura,"UF + nome normalizado (caixa, acentos e espaços)",pareamento_unico_por_nome_uf
50334,POÇO FUNDO,MG,poco fundo,3151701,Poço Fundo,"UF + nome normalizado (caixa, acentos e espaços)",pareamento_unico_por_nome_uf
50350,POÇOS DE CALDAS,MG,pocos de caldas,3151800,Poços de Caldas,"UF + nome normalizado (caixa, acentos e espaços)",pareamento_unico_por_nome_uf
50377,POCRANE,MG,pocrane,3151909,Pocrane,"UF + nome normalizado (caixa, acentos e espaços)",pareamento_unico_por_nome_uf
50393,POMPÉU,MG,pompeu,3152006,Pompéu,"UF + nome normalizado (caixa, acentos e espaços)",pareamento_unico_por_nome_uf
50415,PONTE NOVA,MG,ponte nova,3152105,Ponte Nova,"UF + nome normalizado (caixa, acentos e espaços)",pareamento_unico_por_nome_uf
50431,PORTEIRINHA,MG,porteirinha,3152204,Porteirinha,"UF + nome normalizado (caixa, acentos e espaços)",pareamento_unico_por_nome_uf
50458,PORTO FIRME,MG,porto firme,3152303,Porto Firme,"UF + nome normalizado (caixa, acentos e espaços)",pareamento_unico_por_nome_uf
50474,POTÉ,MG,pote,3152402,Poté,"UF + nome normalizado (caixa, acentos e espaços)",pareamento_unico_por_nome_uf
50490,POUSO ALEGRE,MG,pouso alegre,3152501,Pouso Alegre,"UF + nome normalizado (caixa, acentos e espaços)",pareamento_unico_por_nome_uf
50512,POUSO ALTO,MG,pouso alto,3152600,Pouso Alto,"UF + nome normalizado (caixa, acentos e espaços)",pareamento_unico_por_nome_uf
50539,PRADOS,MG,prados,3152709,Prados,"UF + nome normalizado (caixa, acentos e espaços)",pareamento_unico_por_nome_uf
50555,PRATA,MG,prata,3152808,Prata,"UF + nome normalizado (caixa, acentos e espaços)",pareamento_unico_por_nome_uf
50571,PRATÁPOLIS,MG,pratapolis,3152907,Pratápolis,"UF + nome normalizado (caixa, acentos e espaços)",pareamento_unico_por_nome_uf
50598,PRATINHA,MG,pratinha,3153004,Pratinha,"UF + nome normalizado (caixa, acentos e espaços)",pareamento_unico_por_nome_uf
50610,PRESIDENTE BERNARDES,MG,presidente bernardes,3153103,Presidente Bernardes,"UF + nome normalizado (caixa, acentos e espaços)",pareamento_unico_por_nome_uf
50636,PRESIDENTE JUSCELINO,MG,presidente juscelino,3153202,Presidente Juscelino,"UF + nome normalizado (caixa, acentos e espaços)",pareamento_unico_por_nome_uf
50652,PRESIDENTE KUBITSCHEK,MG,presidente kubitschek,3153301,Presidente Kubitschek,"UF + nome normalizado (caixa, acentos e espaços)",pareamento_unico_por_nome_uf
50679,PRESIDENTE OLEGÁRIO,MG,presidente olegario,3153400,Presidente Olegário,"UF + nome normalizado (caixa, acentos e espaços)",pareamento_unico_por_nome_uf
50695,ALTO JEQUITIBÁ,MG,alto jequitiba,3153509,Alto Jequitibá,"UF + nome normalizado (caixa, acentos e espaços)",pareamento_unico_por_nome_uf
50717,PRUDENTE DE MORAIS,MG,prudente de morais,3153608,Prudente de Morais,"UF + nome normalizado (caixa, acentos e espaços)",pareamento_unico_por_nome_uf
50733,QUARTEL GERAL,MG,quartel geral,3153707,Quartel Geral,"UF + nome normalizado (caixa, acentos e espaços)",pareamento_unico_por_nome_uf
50750,QUELUZITO,MG,queluzito,3153806,Queluzito,"UF + nome normalizado (caixa, acentos e espaços)",pareamento_unico_por_nome_uf
50776,RAPOSOS,MG,raposos,3153905,Raposos,"UF + nome normalizado (caixa, acentos e espaços)",pareamento_unico_por_nome_uf
50792,RAUL SOARES,MG,raul soares,3154002,Raul Soares,"UF + nome normalizado (caixa, acentos e espaços)",pareamento_unico_por_nome_uf
50814,RECREIO,MG,recreio,3154101,Recreio,"UF + nome normalizado (caixa, acentos e espaços)",pareamento_unico_por_nome_uf
50830,RESENDE COSTA,MG,resende costa,3154200,Resende Costa,"UF + nome normalizado (caixa, acentos e espaços)",pareamento_unico_por_nome_uf
50857,RESPLENDOR,MG,resplendor,3154309,Resplendor,"UF + nome normalizado (caixa, acentos e espaços)",pareamento_unico_por_nome_uf
50873,RESSAQUINHA,MG,ressaquinha,3154408,Ressaquinha,"UF + nome normalizado (caixa, acentos e espaços)",pareamento_unico_por_nome_uf
50890,RIACHO DOS MACHADOS,MG,riacho dos machados,3154507,Riacho dos Machados,"UF + nome normalizado (caixa, acentos e espaços)",pareamento_unico_por_nome_uf
50911,RIBEIRÃO DAS NEVES,MG,ribeirao das neves,3154606,Ribeirão das Neves,"UF + nome normalizado (caixa, acentos e espaços)",pareamento_unico_por_nome_uf
50938,RIBEIRÃO VERMELHO,MG,ribeirao vermelho,3154705,Ribeirão Vermelho,"UF + nome normalizado (caixa, acentos e espaços)",pareamento_unico_por_nome_uf
50954,RIO ACIMA,MG,rio acima,3154804,Rio Acima,"UF + nome normalizado (caixa, acentos e espaços)",pareamento_unico_por_nome_uf
50970,RIO CASCA,MG,rio casca,3154903,Rio Casca,"UF + nome normalizado (caixa, acentos e espaços)",pareamento_unico_por_nome_uf
50997,RIO DOCE,MG,rio doce,3155009,Rio Doce,"UF + nome normalizado (caixa, acentos e espaços)",pareamento_unico_por_nome_uf
51012,RIO DO PRADO,MG,rio do prado,3155108,Rio do Prado,"UF + nome normalizado (caixa, acentos e espaços)",pareamento_unico_por_nome_uf
51039,RIO ESPERA,MG,rio espera,3155207,Rio Espera,"UF + nome normalizado (caixa, acentos e espaços)",pareamento_unico_por_nome_uf
51055,RIO MANSO,MG,rio manso,3155306,Rio Manso,"UF + nome normalizado (caixa, acentos e espaços)",pareamento_unico_por_nome_uf
51071,RIO NOVO,MG,rio novo,3155405,Rio Novo,"UF + nome normalizado (caixa, acentos e espaços)",pareamento_unico_por_nome_uf
51098,RIO PARANAÍBA,MG,rio paranaiba,3155504,Rio Paranaíba,"UF + nome normalizado (caixa, acentos e espaços)",pareamento_unico_por_nome_uf
51110,RIO PARDO DE MINAS,MG,rio pardo de minas,3155603,Rio Pardo de Minas,"UF + nome normalizado (caixa, acentos e espaços)",pareamento_unico_por_nome_uf
51136,RIO PIRACICABA,MG,rio piracicaba,3155702,Rio Piracicaba,"UF + nome normalizado (caixa, acentos e espaços)",pareamento_unico_por_nome_uf
51152,RIO POMBA,MG,rio pomba,3155801,Rio Pomba,"UF + nome normalizado (caixa, acentos e espaços)",pareamento_unico_por_nome_uf
51179,RIO PRETO,MG,rio preto,3155900,Rio Preto,"UF + nome normalizado (caixa, acentos e espaços)",pareamento_unico_por_nome_uf
51195,RIO VERMELHO,MG,rio vermelho,3156007,Rio Vermelho,"UF + nome normalizado (caixa, acentos e espaços)",pareamento_unico_por_nome_uf
51217,RITÁPOLIS,MG,ritapolis,3156106,Ritápolis,"UF + nome normalizado (caixa, acentos e espaços)",pareamento_unico_por_nome_uf
51233,ROCHEDO DE MINAS,MG,rochedo de minas,3156205,Rochedo de Minas,"UF + nome normalizado (caixa, acentos e espaços)",pareamento_unico_por_nome_uf
51250,RODEIRO,MG,rodeiro,3156304,Rodeiro,"UF + nome normalizado (caixa, acentos e espaços)",pareamento_unico_por_nome_uf
51276,ROMARIA,MG,romaria,3156403,Romaria,"UF + nome normalizado (caixa, acentos e espaços)",pareamento_unico_por_nome_uf
51292,RUBELITA,MG,rubelita,3156502,Rubelita,"UF + nome normalizado (caixa, acentos e espaços)",pareamento_unico_por_nome_uf
51314,RUBIM,MG,rubim,3156601,Rubim,"UF + nome normalizado (caixa, acentos e espaços)",pareamento_unico_por_nome_uf
51330,SABARÁ,MG,sabara,3156700,Sabará,"UF + nome normalizado (caixa, acentos e espaços)",pareamento_unico_por_nome_uf
51357,SABINÓPOLIS,MG,sabinopolis,3156809,Sabinópolis,"UF + nome normalizado (caixa, acentos e espaços)",pareamento_unico_por_nome_uf
51373,SACRAMENTO,MG,sacramento,3156908,Sacramento,"UF + nome normalizado (caixa, acentos e espaços)",pareamento_unico_por_nome_uf
51390,SALINAS,MG,salinas,3157005,Salinas,"UF + nome normalizado (caixa, acentos e espaços)",pareamento_unico_por_nome_uf
51411,SALTO DA DIVISA,MG,salto da divisa,3157104,Salto da Divisa,"UF + nome normalizado (caixa, acentos e espaços)",pareamento_unico_por_nome_uf
51438,SANTA BÁRBARA,MG,santa barbara,3157203,Santa Bárbara,"UF + nome normalizado (caixa, acentos e espaços)",pareamento_unico_por_nome_uf
51454,SANTA BÁRBARA DO TUGÚRIO,MG,santa barbara do tugurio,3157302,Santa Bárbara do Tugúrio,"UF + nome normalizado (caixa, acentos e espaços)",pareamento_unico_por_nome_uf
51470,SANTA CRUZ DO ESCALVADO,MG,santa cruz do escalvado,3157401,Santa Cruz do Escalvado,"UF + nome normalizado (caixa, acentos e espaços)",pareamento_unico_por_nome_uf
51497,SANTA EFIGÊNIA DE MINAS,MG,santa efigenia de minas,3157500,Santa Efigênia de Minas,"UF + nome normalizado (caixa, acentos e espaços)",pareamento_unico_por_nome_uf
51519,SANTA FÉ DE MINAS,MG,santa fe de minas,3157609,Santa Fé de Minas,"UF + nome normalizado (caixa, acentos e espaços)",pareamento_unico_por_nome_uf
51535,SANTA JULIANA,MG,santa juliana,3157708,Santa Juliana,"UF + nome normalizado (caixa, acentos e espaços)",pareamento_unico_por_nome_uf
51551,SANTA LUZIA,MG,santa luzia,3157807,Santa Luzia,"UF + nome normalizado (caixa, acentos e espaços)",pareamento_unico_por_nome_uf
51578,SANTA MARGARIDA,MG,santa margarida,3157906,Santa Margarida,"UF + nome normalizado (caixa, acentos e espaços)",pareamento_unico_por_nome_uf
51594,SANTA MARIA DE ITABIRA,MG,santa maria de itabira,3158003,Santa Maria de Itabira,"UF + nome normalizado (caixa, acentos e espaços)",pareamento_unico_por_nome_uf
51616,SANTA MARIA DO SALTO,MG,santa maria do salto,3158102,Santa Maria do Salto,"UF + nome normalizado (caixa, acentos e espaços)",pareamento_unico_por_nome_uf
51632,SANTA MARIA DO SUAÇUÍ,MG,santa maria do suacui,3158201,Santa Maria do Suaçuí,"UF + nome normalizado (caixa, acentos e espaços)",pareamento_unico_por_nome_uf
51659,SANTANA DA VARGEM,MG,santana da vargem,3158300,Santana da Vargem,"UF + nome normalizado (caixa, acentos e espaços)",pareamento_unico_por_nome_uf
51675,SANTANA DE CATAGUASES,MG,santana de cataguases,3158409,Santana de Cataguases,"UF + nome normalizado (caixa, acentos e espaços)",pareamento_unico_por_nome_uf
51691,SANTANA DE PIRAPAMA,MG,santana de pirapama,3158508,Santana de Pirapama,"UF + nome normalizado (caixa, acentos e espaços)",pareamento_unico_por_nome_uf
51713,SANTANA DO DESERTO,MG,santana do deserto,3158607,Santana do Deserto,"UF + nome normalizado (caixa, acentos e espaços)",pareamento_unico_por_nome_uf
51730,SANTANA DO GARAMBÉU,MG,santana do garambeu,3158706,Santana do Garambéu,"UF + nome normalizado (caixa, acentos e espaços)",pareamento_unico_por_nome_uf
51756,SANTANA DO JACARÉ,MG,santana do jacare,3158805,Santana do Jacaré,"UF + nome normalizado (caixa, acentos e espaços)",pareamento_unico_por_nome_uf
51772,SANTANA DO MANHUAÇU,MG,santana do manhuacu,3158904,Santana do Manhuaçu,"UF + nome normalizado (caixa, acentos e espaços)",pareamento_unico_por_nome_uf
51799,SANTANA DO RIACHO,MG,santana do riacho,3159001,Santana do Riacho,"UF + nome normalizado (caixa, acentos e espaços)",pareamento_unico_por_nome_uf
51810,SANTANA DOS MONTES,MG,santana dos montes,3159100,Santana dos Montes,"UF + nome normalizado (caixa, acentos e espaços)",pareamento_unico_por_nome_uf
51837,SANTA RITA DE CALDAS,MG,santa rita de caldas,3159209,Santa Rita de Caldas,"UF + nome normalizado (caixa, acentos e espaços)",pareamento_unico_por_nome_uf
51853,SANTA RITA DE JACUTINGA,MG,santa rita de jacutinga,3159308,Santa Rita de Jacutinga,"UF + nome normalizado (caixa, acentos e espaços)",pareamento_unico_por_nome_uf
51870,SANTA RITA DE IBITIPOCA,MG,santa rita de ibitipoca,3159407,Santa Rita de Ibitipoca,"UF + nome normalizado (caixa, acentos e espaços)",pareamento_unico_por_nome_uf
51896,SANTA RITA DO ITUETO,MG,santa rita do itueto,3159506,Santa Rita do Itueto,"UF + nome normalizado (caixa, acentos e espaços)",pareamento_unico_por_nome_uf
51918,SANTA RITA DO SAPUCAÍ,MG,santa rita do sapucai,3159605,Santa Rita do Sapucaí,"UF + nome normalizado (caixa, acentos e espaços)",pareamento_unico_por_nome_uf
51934,SANTA ROSA DA SERRA,MG,santa rosa da serra,3159704,Santa Rosa da Serra,"UF + nome normalizado (caixa, acentos e espaços)",pareamento_unico_por_nome_uf
51950,SANTA VITÓRIA,MG,santa vitoria,3159803,Santa Vitória,"UF + nome normalizado (caixa, acentos e espaços)",pareamento_unico_por_nome_uf
51977,SANTO ANTÔNIO DO AMPARO,MG,santo antonio do amparo,3159902,Santo Antônio do Amparo,"UF + nome normalizado (caixa, acentos e espaços)",pareamento_unico_por_nome_uf
51993,SANTO ANTÔNIO DO AVENTUREIRO,MG,santo antonio do aventureiro,3160009,Santo Antônio do Aventureiro,"UF + nome normalizado (caixa, acentos e espaços)",pareamento_unico_por_nome_uf
52019,SANTO ANTÔNIO DO GRAMA,MG,santo antonio do grama,3160108,Santo Antônio do Grama,"UF + nome normalizado (caixa, acentos e espaços)",pareamento_unico_por_nome_uf
52035,SANTO ANTÔNIO DO ITAMBÉ,MG,santo antonio do itambe,3160207,Santo Antônio do Itambé,"UF + nome normalizado (caixa, acentos e espaços)",pareamento_unico_por_nome_uf
52051,SANTO ANTÔNIO DO JACINTO,MG,santo antonio do jacinto,3160306,Santo Antônio do Jacinto,"UF + nome normalizado (caixa, acentos e espaços)",pareamento_unico_por_nome_uf
52078,SANTO ANTÔNIO DO MONTE,MG,santo antonio do monte,3160405,Santo Antônio do Monte,"UF + nome normalizado (caixa, acentos e espaços)",pareamento_unico_por_nome_uf
52094,SANTO ANTÔNIO DO RIO ABAIXO,MG,santo antonio do rio abaixo,3160504,Santo Antônio do Rio Abaixo,"UF + nome normalizado (caixa, acentos e espaços)",pareamento_unico_por_nome_uf
52116,SANTO HIPÓLITO,MG,santo hipolito,3160603,Santo Hipólito,"UF + nome normalizado (caixa, acentos e espaços)",pareamento_unico_por_nome_uf
52132,SANTOS DUMONT,MG,santos dumont,3160702,Santos Dumont,"UF + nome normalizado (caixa, acentos e espaços)",pareamento_unico_por_nome_uf
52159,SÃO BENTO ABADE,MG,sao bento abade,3160801,São Bento Abade,"UF + nome normalizado (caixa, acentos e espaços)",pareamento_unico_por_nome_uf
52175,SÃO BRÁS DO SUAÇUÍ,MG,sao bras do suacui,3160900,São Brás do Suaçuí,"UF + nome normalizado (caixa, acentos e espaços)",pareamento_unico_por_nome_uf
52191,SÃO DOMINGOS DO PRATA,MG,sao domingos do prata,3161007,São Domingos do Prata,"UF + nome normalizado (caixa, acentos e espaços)",pareamento_unico_por_nome_uf
52213,SÃO FRANCISCO,MG,sao francisco,3161106,São Francisco,"UF + nome normalizado (caixa, acentos e espaços)",pareamento_unico_por_nome_uf
52230,SÃO FRANCISCO DE PAULA,MG,sao francisco de paula,3161205,São Francisco de Paula,"UF + nome normalizado (caixa, acentos e espaços)",pareamento_unico_por_nome_uf
52256,SÃO FRANCISCO DE SALES,MG,sao francisco de sales,3161304,São Francisco de Sales,"UF + nome normalizado (caixa, acentos e espaços)",pareamento_unico_por_nome_uf
52272,SÃO FRANCISCO DO GLÓRIA,MG,sao francisco do gloria,3161403,São Francisco do Glória,"UF + nome normalizado (caixa, acentos e espaços)",pareamento_unico_por_nome_uf
52299,SÃO GERALDO,MG,sao geraldo,3161502,São Geraldo,"UF + nome normalizado (caixa, acentos e espaços)",pareamento_unico_por_nome_uf
52310,SÃO GERALDO DA PIEDADE,MG,sao geraldo da piedade,3161601,São Geraldo da Piedade,"UF + nome normalizado (caixa, acentos e espaços)",pareamento_unico_por_nome_uf
52337,SÃO GONÇALO DO ABAETÉ,MG,sao goncalo do abaete,3161700,São Gonçalo do Abaeté,"UF + nome normalizado (caixa, acentos e espaços)",pareamento_unico_por_nome_uf
52353,SÃO GONÇALO DO PARÁ,MG,sao goncalo do para,3161809,São Gonçalo do Pará,"UF + nome normalizado (caixa, acentos e espaços)",pareamento_unico_por_nome_uf
52370,SÃO GONÇALO DO RIO ABAIXO,MG,sao goncalo do rio abaixo,3161908,São Gonçalo do Rio Abaixo,"UF + nome normalizado (caixa, acentos e espaços)",pareamento_unico_por_nome_uf
52396,SÃO GONÇALO DO SAPUCAÍ,MG,sao goncalo do sapucai,3162005,São Gonçalo do Sapucaí,"UF + nome normalizado (caixa, acentos e espaços)",pareamento_unico_por_nome_uf
52418,SÃO GOTARDO,MG,sao gotardo,3162104,São Gotardo,"UF + nome normalizado (caixa, acentos e espaços)",pareamento_unico_por_nome_uf
52434,SÃO JOÃO BATISTA DO GLÓRIA,MG,sao joao batista do gloria,3162203,São João Batista do Glória,"UF + nome normalizado (caixa, acentos e espaços)",pareamento_unico_por_nome_uf
52450,SÃO JOÃO DA MATA,MG,sao joao da mata,3162302,São João da Mata,"UF + nome normalizado (caixa, acentos e espaços)",pareamento_unico_por_nome_uf
52477,SÃO JOÃO DA PONTE,MG,sao joao da ponte,3162401,São João da Ponte,"UF + nome normalizado (caixa, acentos e espaços)",pareamento_unico_por_nome_uf
52493,SÃO JOÃO DEL REI,MG,sao joao del rei,3162500,São João del Rei,"UF + nome normalizado (caixa, acentos e espaços)",pareamento_unico_por_nome_uf
52515,SÃO JOÃO DO ORIENTE,MG,sao joao do oriente,3162609,São João do Oriente,"UF + nome normalizado (caixa, acentos e espaços)",pareamento_unico_por_nome_uf
52531,SÃO JOÃO DO PARAÍSO,MG,sao joao do paraiso,3162708,São João do Paraíso,"UF + nome normalizado (caixa, acentos e espaços)",pareamento_unico_por_nome_uf
52558,SÃO JOÃO EVANGELISTA,MG,sao joao evangelista,3162807,São João Evangelista,"UF + nome normalizado (caixa, acentos e espaços)",pareamento_unico_por_nome_uf
52574,SÃO JOÃO NEPOMUCENO,MG,sao joao nepomuceno,3162906,São João Nepomuceno,"UF + nome normalizado (caixa, acentos e espaços)",pareamento_unico_por_nome_uf
52590,SÃO JOSÉ DA SAFIRA,MG,sao jose da safira,3163003,São José da Safira,"UF + nome normalizado (caixa, acentos e espaços)",pareamento_unico_por_nome_uf
52612,SÃO JOSÉ DA VARGINHA,MG,sao jose da varginha,3163102,São José da Varginha,"UF + nome normalizado (caixa, acentos e espaços)",pareamento_unico_por_nome_uf
52639,SÃO JOSÉ DO ALEGRE,MG,sao jose do alegre,3163201,São José do Alegre,"UF + nome normalizado (caixa, acentos e espaços)",pareamento_unico_por_nome_uf
52655,SÃO JOSÉ DO DIVINO,MG,sao jose do divino,3163300,São José do Divino,"UF + nome normalizado (caixa, acentos e espaços)",pareamento_unico_por_nome_uf
52671,SÃO JOSÉ DO GOIABAL,MG,sao jose do goiabal,3163409,São José do Goiabal,"UF + nome normalizado (caixa, acentos e espaços)",pareamento_unico_por_nome_uf
52698,SÃO JOSÉ DO JACURI,MG,sao jose do jacuri,3163508,São José do Jacuri,"UF + nome normalizado (caixa, acentos e espaços)",pareamento_unico_por_nome_uf
52710,SÃO JOSÉ DO MANTIMENTO,MG,sao jose do mantimento,3163607,São José do Mantimento,"UF + nome normalizado (caixa, acentos e espaços)",pareamento_unico_por_nome_uf
52736,SÃO LOURENÇO,MG,sao lourenco,3163706,São Lourenço,"UF + nome normalizado (caixa, acentos e espaços)",pareamento_unico_por_nome_uf
52752,SÃO MIGUEL DO ANTA,MG,sao miguel do anta,3163805,São Miguel do Anta,"UF + nome normalizado (caixa, acentos e espaços)",pareamento_unico_por_nome_uf
52779,SÃO PEDRO DA UNIÃO,MG,sao pedro da uniao,3163904,São Pedro da União,"UF + nome normalizado (caixa, acentos e espaços)",pareamento_unico_por_nome_uf
52795,SÃO PEDRO DOS FERROS,MG,sao pedro dos ferros,3164001,São Pedro dos Ferros,"UF + nome normalizado (caixa, acentos e espaços)",pareamento_unico_por_nome_uf
52817,SÃO PEDRO DO SUAÇUÍ,MG,sao pedro do suacui,3164100,São Pedro do Suaçuí,"UF + nome normalizado (caixa, acentos e espaços)",pareamento_unico_por_nome_uf
52833,SÃO ROMÃO,MG,sao romao,3164209,São Romão,"UF + nome normalizado (caixa, acentos e espaços)",pareamento_unico_por_nome_uf
52850,SÃO ROQUE DE MINAS,MG,sao roque de minas,3164308,São Roque de Minas,"UF + nome normalizado (caixa, acentos e espaços)",pareamento_unico_por_nome_uf
52876,SÃO SEBASTIÃO DA BELA VISTA,MG,sao sebastiao da bela vista,3164407,São Sebastião da Bela Vista,"UF + nome normalizado (caixa, acentos e espaços)",pareamento_unico_por_nome_uf
52892,SÃO SEBASTIÃO DO MARANHÃO,MG,sao sebastiao do maranhao,3164506,São Sebastião do Maranhão,"UF + nome normalizado (caixa, acentos e espaços)",pareamento_unico_por_nome_uf
52914,SÃO SEBASTIÃO DO OESTE,MG,sao sebastiao do oeste,3164605,São Sebastião do Oeste,"UF + nome normalizado (caixa, acentos e espaços)",pareamento_unico_por_nome_uf
52930,SÃO SEBASTIÃO DO PARAÍSO,MG,sao sebastiao do paraiso,3164704,São Sebastião do Paraíso,"UF + nome normalizado (caixa, acentos e espaços)",pareamento_unico_por_nome_uf
52957,SÃO SEBASTIÃO DO RIO PRETO,MG,sao sebastiao do rio preto,3164803,São Sebastião do Rio Preto,"UF + nome normalizado (caixa, acentos e espaços)",pareamento_unico_por_nome_uf
52973,SÃO SEBASTIÃO DO RIO VERDE,MG,sao sebastiao do rio verde,3164902,São Sebastião do Rio Verde,"UF + nome normalizado (caixa, acentos e espaços)",pareamento_unico_por_nome_uf
52990,SÃO TIAGO,MG,sao tiago,3165008,São Tiago,"UF + nome normalizado (caixa, acentos e espaços)",pareamento_unico_por_nome_uf
53015,SÃO TOMÁS DE AQUINO,MG,sao tomas de aquino,3165107,São Tomás de Aquino,"UF + nome normalizado (caixa, acentos e espaços)",pareamento_unico_por_nome_uf
53031,SÃO THOMÉ DAS LETRAS,MG,sao thome das letras,,,"UF + nome normalizado (caixa, acentos e espaços)",sem_pareamento_exato
53058,SÃO VICENTE DE MINAS,MG,sao vicente de minas,3165305,São Vicente de Minas,"UF + nome normalizado (caixa, acentos e espaços)",pareamento_unico_por_nome_uf
53074,SAPUCAÍ-MIRIM,MG,sapucai-mirim,3165404,Sapucaí-Mirim,"UF + nome normalizado (caixa, acentos e espaços)",pareamento_unico_por_nome_uf
53090,SARDOÁ,MG,sardoa,3165503,Sardoá,"UF + nome normalizado (caixa, acentos e espaços)",pareamento_unico_por_nome_uf
53112,SENADOR CORTES,MG,senador cortes,3165602,Senador Cortes,"UF + nome normalizado (caixa, acentos e espaços)",pareamento_unico_por_nome_uf
53139,SENADOR FIRMINO,MG,senador firmino,3165701,Senador Firmino,"UF + nome normalizado (caixa, acentos e espaços)",pareamento_unico_por_nome_uf
53155,SENADOR JOSÉ BENTO,MG,senador jose bento,3165800,Senador José Bento,"UF + nome normalizado (caixa, acentos e espaços)",pareamento_unico_por_nome_uf
53171,SENADOR MODESTINO GONÇALVES,MG,senador modestino goncalves,3165909,Senador Modestino Gonçalves,"UF + nome normalizado (caixa, acentos e espaços)",pareamento_unico_por_nome_uf
53198,SENHORA DE OLIVEIRA,MG,senhora de oliveira,3166006,Senhora de Oliveira,"UF + nome normalizado (caixa, acentos e espaços)",pareamento_unico_por_nome_uf
53210,SENHORA DO PORTO,MG,senhora do porto,3166105,Senhora do Porto,"UF + nome normalizado (caixa, acentos e espaços)",pareamento_unico_por_nome_uf
53236,SENHORA DOS REMÉDIOS,MG,senhora dos remedios,3166204,Senhora dos Remédios,"UF + nome normalizado (caixa, acentos e espaços)",pareamento_unico_por_nome_uf
53252,SERICITA,MG,sericita,3166303,Sericita,"UF + nome normalizado (caixa, acentos e espaços)",pareamento_unico_por_nome_uf
53279,SERITINGA,MG,seritinga,3166402,Seritinga,"UF + nome normalizado (caixa, acentos e espaços)",pareamento_unico_por_nome_uf
53295,SERRA AZUL DE MINAS,MG,serra azul de minas,3166501,Serra Azul de Minas,"UF + nome normalizado (caixa, acentos e espaços)",pareamento_unico_por_nome_uf
53317,SERRA DA SAUDADE,MG,serra da saudade,3166600,Serra da Saudade,"UF + nome normalizado (caixa, acentos e espaços)",pareamento_unico_por_nome_uf
53333,SERRA DOS AIMORÉS,MG,serra dos aimores,3166709,Serra dos Aimorés,"UF + nome normalizado (caixa, acentos e espaços)",pareamento_unico_por_nome_uf
53350,SERRA DO SALITRE,MG,serra do salitre,3166808,Serra do Salitre,"UF + nome normalizado (caixa, acentos e espaços)",pareamento_unico_por_nome_uf
53376,SERRANIA,MG,serrania,3166907,Serrania,"UF + nome normalizado (caixa, acentos e espaços)",pareamento_unico_por_nome_uf
53392,SERRANOS,MG,serranos,3167004,Serranos,"UF + nome normalizado (caixa, acentos e espaços)",pareamento_unico_por_nome_uf
53414,SERRO,MG,serro,3167103,Serro,"UF + nome normalizado (caixa, acentos e espaços)",pareamento_unico_por_nome_uf
53430,SETE LAGOAS,MG,sete lagoas,3167202,Sete Lagoas,"UF + nome normalizado (caixa, acentos e espaços)",pareamento_unico_por_nome_uf
53457,SILVEIRÂNIA,MG,silveirania,3167301,Silveirânia,"UF + nome normalizado (caixa, acentos e espaços)",pareamento_unico_por_nome_uf
53473,SILVIANÓPOLIS,MG,silvianopolis,3167400,Silvianópolis,"UF + nome normalizado (caixa, acentos e espaços)",pareamento_unico_por_nome_uf
53490,SIMÃO PEREIRA,MG,simao pereira,3167509,Simão Pereira,"UF + nome normalizado (caixa, acentos e espaços)",pareamento_unico_por_nome_uf
53511,SIMONÉSIA,MG,simonesia,3167608,Simonésia,"UF + nome normalizado (caixa, acentos e espaços)",pareamento_unico_por_nome_uf
53538,SOBRÁLIA,MG,sobralia,3167707,Sobrália,"UF + nome normalizado (caixa, acentos e espaços)",pareamento_unico_por_nome_uf
53554,SOLEDADE DE MINAS,MG,soledade de minas,3167806,Soledade de Minas,"UF + nome normalizado (caixa, acentos e espaços)",pareamento_unico_por_nome_uf
53570,TABULEIRO,MG,tabuleiro,3167905,Tabuleiro,"UF + nome normalizado (caixa, acentos e espaços)",pareamento_unico_por_nome_uf
53597,TAIOBEIRAS,MG,taiobeiras,3168002,Taiobeiras,"UF + nome normalizado (caixa, acentos e espaços)",pareamento_unico_por_nome_uf
53619,TAPIRA,MG,tapira,3168101,Tapira,"UF + nome normalizado (caixa, acentos e espaços)",pareamento_unico_por_nome_uf
53635,TAPIRAÍ,MG,tapirai,3168200,Tapiraí,"UF + nome normalizado (caixa, acentos e espaços)",pareamento_unico_por_nome_uf
53651,TAQUARAÇU DE MINAS,MG,taquaracu de minas,3168309,Taquaraçu de Minas,"UF + nome normalizado (caixa, acentos e espaços)",pareamento_unico_por_nome_uf
53678,TARUMIRIM,MG,tarumirim,3168408,Tarumirim,"UF + nome normalizado (caixa, acentos e espaços)",pareamento_unico_por_nome_uf
53694,TEIXEIRAS,MG,teixeiras,3168507,Teixeiras,"UF + nome normalizado (caixa, acentos e espaços)",pareamento_unico_por_nome_uf
53716,TEÓFILO OTONI,MG,teofilo otoni,3168606,Teófilo Otoni,"UF + nome normalizado (caixa, acentos e espaços)",pareamento_unico_por_nome_uf
53732,TIMÓTEO,MG,timoteo,3168705,Timóteo,"UF + nome normalizado (caixa, acentos e espaços)",pareamento_unico_por_nome_uf
53759,TIRADENTES,MG,tiradentes,3168804,Tiradentes,"UF + nome normalizado (caixa, acentos e espaços)",pareamento_unico_por_nome_uf
53775,TIROS,MG,tiros,3168903,Tiros,"UF + nome normalizado (caixa, acentos e espaços)",pareamento_unico_por_nome_uf
53791,TOCANTINS,MG,tocantins,3169000,Tocantins,"UF + nome normalizado (caixa, acentos e espaços)",pareamento_unico_por_nome_uf
53813,TOLEDO,MG,toledo,3169109,Toledo,"UF + nome normalizado (caixa, acentos e espaços)",pareamento_unico_por_nome_uf
53830,TOMBOS,MG,tombos,3169208,Tombos,"UF + nome normalizado (caixa, acentos e espaços)",pareamento_unico_por_nome_uf
53856,TRÊS CORAÇÕES,MG,tres coracoes,3169307,Três Corações,"UF + nome normalizado (caixa, acentos e espaços)",pareamento_unico_por_nome_uf
53872,TRÊS PONTAS,MG,tres pontas,3169406,Três Pontas,"UF + nome normalizado (caixa, acentos e espaços)",pareamento_unico_por_nome_uf
53899,TUMIRITINGA,MG,tumiritinga,3169505,Tumiritinga,"UF + nome normalizado (caixa, acentos e espaços)",pareamento_unico_por_nome_uf
53910,TUPACIGUARA,MG,tupaciguara,3169604,Tupaciguara,"UF + nome normalizado (caixa, acentos e espaços)",pareamento_unico_por_nome_uf
53937,TURMALINA,MG,turmalina,3169703,Turmalina,"UF + nome normalizado (caixa, acentos e espaços)",pareamento_unico_por_nome_uf
53953,TURVOLÂNDIA,MG,turvolandia,3169802,Turvolândia,"UF + nome normalizado (caixa, acentos e espaços)",pareamento_unico_por_nome_uf
53970,UBÁ,MG,uba,3169901,Ubá,"UF + nome normalizado (caixa, acentos e espaços)",pareamento_unico_por_nome_uf
53996,UBAÍ,MG,ubai,3170008,Ubaí,"UF + nome normalizado (caixa, acentos e espaços)",pareamento_unico_por_nome_uf
54011,UBERABA,MG,uberaba,3170107,Uberaba,"UF + nome normalizado (caixa, acentos e espaços)",pareamento_unico_por_nome_uf
54038,UBERLÂNDIA,MG,uberlandia,3170206,Uberlândia,"UF + nome normalizado (caixa, acentos e espaços)",pareamento_unico_por_nome_uf
54054,UMBURATIBA,MG,umburatiba,3170305,Umburatiba,"UF + nome normalizado (caixa, acentos e espaços)",pareamento_unico_por_nome_uf
54070,UNAÍ,MG,unai,3170404,Unaí,"UF + nome normalizado (caixa, acentos e espaços)",pareamento_unico_por_nome_uf
54097,URUCÂNIA,MG,urucania,3170503,Urucânia,"UF + nome normalizado (caixa, acentos e espaços)",pareamento_unico_por_nome_uf
54119,VARGEM BONITA,MG,vargem bonita,3170602,Vargem Bonita,"UF + nome normalizado (caixa, acentos e espaços)",pareamento_unico_por_nome_uf
54135,VARGINHA,MG,varginha,3170701,Varginha,"UF + nome normalizado (caixa, acentos e espaços)",pareamento_unico_por_nome_uf
54151,VÁRZEA DA PALMA,MG,varzea da palma,3170800,Várzea da Palma,"UF + nome normalizado (caixa, acentos e espaços)",pareamento_unico_por_nome_uf
54178,VARZELÂNDIA,MG,varzelandia,3170909,Varzelândia,"UF + nome normalizado (caixa, acentos e espaços)",pareamento_unico_por_nome_uf
54194,VAZANTE,MG,vazante,3171006,Vazante,"UF + nome normalizado (caixa, acentos e espaços)",pareamento_unico_por_nome_uf
54216,WENCESLAU BRAZ,MG,wenceslau braz,3172202,Wenceslau Braz,"UF + nome normalizado (caixa, acentos e espaços)",pareamento_unico_por_nome_uf
54232,VERÍSSIMO,MG,verissimo,3171105,Veríssimo,"UF + nome normalizado (caixa, acentos e espaços)",pareamento_unico_por_nome_uf
54259,VESPASIANO,MG,vespasiano,3171204,Vespasiano,"UF + nome normalizado (caixa, acentos e espaços)",pareamento_unico_por_nome_uf
54275,VIÇOSA,MG,vicosa,3171303,Viçosa,"UF + nome normalizado (caixa, acentos e espaços)",pareamento_unico_por_nome_uf
54291,VIEIRAS,MG,vieiras,3171402,Vieiras,"UF + nome normalizado (caixa, acentos e espaços)",pareamento_unico_por_nome_uf
54313,MATHIAS LOBATO,MG,mathias lobato,3171501,Mathias Lobato,"UF + nome normalizado (caixa, acentos e espaços)",pareamento_unico_por_nome_uf
54330,VIRGEM DA LAPA,MG,virgem da lapa,3171600,Virgem da Lapa,"UF + nome normalizado (caixa, acentos e espaços)",pareamento_unico_por_nome_uf
54356,VIRGÍNIA,MG,virginia,3171709,Virgínia,"UF + nome normalizado (caixa, acentos e espaços)",pareamento_unico_por_nome_uf
54372,VIRGINÓPOLIS,MG,virginopolis,3171808,Virginópolis,"UF + nome normalizado (caixa, acentos e espaços)",pareamento_unico_por_nome_uf
54399,VIRGOLÂNDIA,MG,virgolandia,3171907,Virgolândia,"UF + nome normalizado (caixa, acentos e espaços)",pareamento_unico_por_nome_uf
54410,VISCONDE DO RIO BRANCO,MG,visconde do rio branco,3172004,Visconde do Rio Branco,"UF + nome normalizado (caixa, acentos e espaços)",pareamento_unico_por_nome_uf
54437,VOLTA GRANDE,MG,volta grande,3172103,Volta Grande,"UF + nome normalizado (caixa, acentos e espaços)",pareamento_unico_por_nome_uf
54453,ITAÚ DE MINAS,MG,itau de minas,3133758,Itaú de Minas,"UF + nome normalizado (caixa, acentos e espaços)",pareamento_unico_por_nome_uf
55000,NOVA ALVORADA DO SUL,MS,nova alvorada do sul,5006002,Nova Alvorada do Sul,"UF + nome normalizado (caixa, acentos e espaços)",pareamento_unico_por_nome_uf
55018,ALCINÓPOLIS,MS,alcinopolis,5000252,Alcinópolis,"UF + nome normalizado (caixa, acentos e espaços)",pareamento_unico_por_nome_uf
55026,LAGUNA CARAPÃ,MS,laguna carapa,5005251,Laguna Carapã,"UF + nome normalizado (caixa, acentos e espaços)",pareamento_unico_por_nome_uf
55034,JAPORÃ,MS,japora,5004809,Japorã,"UF + nome normalizado (caixa, acentos e espaços)",pareamento_unico_por_nome_uf
55042,NOVO HORIZONTE DO SUL,MS,novo horizonte do sul,5006259,Novo Horizonte do Sul,"UF + nome normalizado (caixa, acentos e espaços)",pareamento_unico_por_nome_uf
55050,PARAÍSO DAS ÁGUAS,MS,paraiso das aguas,5006275,Paraíso das Águas,"UF + nome normalizado (caixa, acentos e espaços)",pareamento_unico_por_nome_uf
55069,FIGUEIRÃO,MS,figueirao,5003900,Figueirão,"UF + nome normalizado (caixa, acentos e espaços)",pareamento_unico_por_nome_uf
90034,ÁGUA CLARA,MS,agua clara,5000203,Água Clara,"UF + nome normalizado (caixa, acentos e espaços)",pareamento_unico_por_nome_uf
90115,AMAMBAI,MS,amambai,5000609,Amambai,"UF + nome normalizado (caixa, acentos e espaços)",pareamento_unico_por_nome_uf
90131,ANASTÁCIO,MS,anastacio,5000708,Anastácio,"UF + nome normalizado (caixa, acentos e espaços)",pareamento_unico_por_nome_uf
90158,ANAURILÂNDIA,MS,anaurilandia,5000807,Anaurilândia,"UF + nome normalizado (caixa, acentos e espaços)",pareamento_unico_por_nome_uf
90174,ANTÔNIO JOÃO,MS,antonio joao,5000906,Antônio João,"UF + nome normalizado (caixa, acentos e espaços)",pareamento_unico_por_nome_uf
90190,APARECIDA DO TABOADO,MS,aparecida do taboado,5001003,Aparecida do Taboado,"UF + nome normalizado (caixa, acentos e espaços)",pareamento_unico_por_nome_uf
90212,AQUIDAUANA,MS,aquidauana,5001102,Aquidauana,"UF + nome normalizado (caixa, acentos e espaços)",pareamento_unico_por_nome_uf
90298,BANDEIRANTES,MS,bandeirantes,5001508,Bandeirantes,"UF + nome normalizado (caixa, acentos e espaços)",pareamento_unico_por_nome_uf
90379,BATAGUASSU,MS,bataguassu,5001904,Bataguassu,"UF + nome normalizado (caixa, acentos e espaços)",pareamento_unico_por_nome_uf
90395,BATAYPORÃ,MS,bataypora,5002001,Batayporã,"UF + nome normalizado (caixa, acentos e espaços)",pareamento_unico_por_nome_uf
90417,BELA VISTA,MS,bela vista,5002100,Bela Vista,"UF + nome normalizado (caixa, acentos e espaços)",pareamento_unico_por_nome_uf
90433,BONITO,MS,bonito,5002209,Bonito,"UF + nome normalizado (caixa, acentos e espaços)",pareamento_unico_por_nome_uf
90450,BRASILÂNDIA,MS,brasilandia,5002308,Brasilândia,"UF + nome normalizado (caixa, acentos e espaços)",pareamento_unico_por_nome_uf
90492,CAMAPUÃ,MS,camapua,5002605,Camapuã,"UF + nome normalizado (caixa, acentos e espaços)",pareamento_unico_por_nome_uf
90514,CAMPO GRANDE,MS,campo grande,5002704,Campo Grande,"UF + nome normalizado (caixa, acentos e espaços)",pareamento_unico_por_nome_uf
90530,CARACOL,MS,caracol,5002803,Caracol,"UF + nome normalizado (caixa, acentos e espaços)",pareamento_unico_por_nome_uf
90557,CAARAPÓ,MS,caarapo,5002407,Caarapó,"UF + nome normalizado (caixa, acentos e espaços)",pareamento_unico_por_nome_uf
90573,CASSILÂNDIA,MS,cassilandia,5002902,Cassilândia,"UF + nome normalizado (caixa, acentos e espaços)",pareamento_unico_por_nome_uf
90611,CORGUINHO,MS,corguinho,5003108,Corguinho,"UF + nome normalizado (caixa, acentos e espaços)",pareamento_unico_por_nome_uf
90638,CORUMBÁ,MS,corumba,5003207,Corumbá,"UF + nome normalizado (caixa, acentos e espaços)",pareamento_unico_por_nome_uf
90654,COXIM,MS,coxim,5003306,Coxim,"UF + nome normalizado (caixa, acentos e espaços)",pareamento_unico_por_nome_uf
90735,DOURADOS,MS,dourados,5003702,Dourados,"UF + nome normalizado (caixa, acentos e espaços)",pareamento_unico_por_nome_uf
90751,FÁTIMA DO SUL,MS,fatima do sul,5003801,Fátima do Sul,"UF + nome normalizado (caixa, acentos e espaços)",pareamento_unico_por_nome_uf
90794,GLÓRIA DE DOURADOS,MS,gloria de dourados,5004007,Glória de Dourados,"UF + nome normalizado (caixa, acentos e espaços)",pareamento_unico_por_nome_uf
90816,GUIA LOPES DA LAGUNA,MS,guia lopes da laguna,5004106,Guia Lopes da Laguna,"UF + nome normalizado (caixa, acentos e espaços)",pareamento_unico_por_nome_uf
90859,IGUATEMI,MS,iguatemi,5004304,Iguatemi,"UF + nome normalizado (caixa, acentos e espaços)",pareamento_unico_por_nome_uf
90875,INOCÊNCIA,MS,inocencia,5004403,Inocência,"UF + nome normalizado (caixa, acentos e espaços)",pareamento_unico_por_nome_uf
90891,ITAPORÃ,MS,itapora,5004502,Itaporã,"UF + nome normalizado (caixa, acentos e espaços)",pareamento_unico_por_nome_uf
90930,IVINHEMA,MS,ivinhema,5004700,Ivinhema,"UF + nome normalizado (caixa, acentos e espaços)",pareamento_unico_por_nome_uf
90972,JARAGUARI,MS,jaraguari,5004908,Jaraguari,"UF + nome normalizado (caixa, acentos e espaços)",pareamento_unico_por_nome_uf
90999,JARDIM,MS,jardim,5005004,Jardim,"UF + nome normalizado (caixa, acentos e espaços)",pareamento_unico_por_nome_uf
91014,JATEÍ,MS,jatei,5005103,Jateí,"UF + nome normalizado (caixa, acentos e espaços)",pareamento_unico_por_nome_uf
91030,LADÁRIO,MS,ladario,5005202,Ladário,"UF + nome normalizado (caixa, acentos e espaços)",pareamento_unico_por_nome_uf
91073,MARACAJU,MS,maracaju,5005400,Maracaju,"UF + nome normalizado (caixa, acentos e espaços)",pareamento_unico_por_nome_uf
91111,MIRANDA,MS,miranda,5005608,Miranda,"UF + nome normalizado (caixa, acentos e espaços)",pareamento_unico_por_nome_uf
91138,NAVIRAÍ,MS,navirai,5005707,Naviraí,"UF + nome normalizado (caixa, acentos e espaços)",pareamento_unico_por_nome_uf
91154,NIOAQUE,MS,nioaque,5005806,Nioaque,"UF + nome normalizado (caixa, acentos e espaços)",pareamento_unico_por_nome_uf
91235,NOVA ANDRADINA,MS,nova andradina,5006200,Nova Andradina,"UF + nome normalizado (caixa, acentos e espaços)",pareamento_unico_por_nome_uf
91251,PARANAÍBA,MS,paranaiba,5006309,Paranaíba,"UF + nome normalizado (caixa, acentos e espaços)",pareamento_unico_por_nome_uf
91278,PEDRO GOMES,MS,pedro gomes,5006408,Pedro Gomes,"UF + nome normalizado (caixa, acentos e espaços)",pareamento_unico_por_nome_uf
91316,PONTA PORÃ,MS,ponta pora,5006606,Ponta Porã,"UF + nome normalizado (caixa, acentos e espaços)",pareamento_unico_por_nome_uf
91375,PORTO MURTINHO,MS,porto murtinho,5006903,Porto Murtinho,"UF + nome normalizado (caixa, acentos e espaços)",pareamento_unico_por_nome_uf
91413,RIBAS DO RIO PARDO,MS,ribas do rio pardo,5007109,Ribas do Rio Pardo,"UF + nome normalizado (caixa, acentos e espaços)",pareamento_unico_por_nome_uf
91430,RIO BRILHANTE,MS,rio brilhante,5007208,Rio Brilhante,"UF + nome normalizado (caixa, acentos e espaços)",pareamento_unico_por_nome_uf
91456,RIO NEGRO,MS,rio negro,5007307,Rio Negro,"UF + nome normalizado (caixa, acentos e espaços)",pareamento_unico_por_nome_uf
91472,RIO VERDE DE MATO GROSSO,MS,rio verde de mato grosso,5007406,Rio Verde de Mato Grosso,"UF + nome normalizado (caixa, acentos e espaços)",pareamento_unico_por_nome_uf
91499,ROCHEDO,MS,rochedo,5007505,Rochedo,"UF + nome normalizado (caixa, acentos e espaços)",pareamento_unico_por_nome_uf
91570,SIDROLÂNDIA,MS,sidrolandia,5007901,Sidrolândia,"UF + nome normalizado (caixa, acentos e espaços)",pareamento_unico_por_nome_uf
91596,TERENOS,MS,terenos,5008008,Terenos,"UF + nome normalizado (caixa, acentos e espaços)",pareamento_unico_por_nome_uf
91650,TRÊS LAGOAS,MS,tres lagoas,5008305,Três Lagoas,"UF + nome normalizado (caixa, acentos e espaços)",pareamento_unico_por_nome_uf
91693,ANGÉLICA,MS,angelica,5000856,Angélica,"UF + nome normalizado (caixa, acentos e espaços)",pareamento_unico_por_nome_uf
91715,ARAL MOREIRA,MS,aral moreira,5001243,Aral Moreira,"UF + nome normalizado (caixa, acentos e espaços)",pareamento_unico_por_nome_uf
91731,ELDORADO,MS,eldorado,5003751,Eldorado,"UF + nome normalizado (caixa, acentos e espaços)",pareamento_unico_por_nome_uf
91758,DEODÁPOLIS,MS,deodapolis,5003454,Deodápolis,"UF + nome normalizado (caixa, acentos e espaços)",pareamento_unico_por_nome_uf
91782,CHAPADÃO DO SUL,MS,chapadao do sul,5002951,Chapadão do Sul,"UF + nome normalizado (caixa, acentos e espaços)",pareamento_unico_por_nome_uf
91790,MUNDO NOVO,MS,mundo novo,5005681,Mundo Novo,"UF + nome normalizado (caixa, acentos e espaços)",pareamento_unico_por_nome_uf
91804,DOIS IRMÃOS DO BURITI,MS,dois irmaos do buriti,5003488,Dois Irmãos do Buriti,"UF + nome normalizado (caixa, acentos e espaços)",pareamento_unico_por_nome_uf
91820,JUTI,MS,juti,5005152,Juti,"UF + nome normalizado (caixa, acentos e espaços)",pareamento_unico_por_nome_uf
91847,PARANHOS,MS,paranhos,5006358,Paranhos,"UF + nome normalizado (caixa, acentos e espaços)",pareamento_unico_por_nome_uf
91863,SANTA RITA DO PARDO,MS,santa rita do pardo,5007554,Santa Rita do Pardo,"UF + nome normalizado (caixa, acentos e espaços)",pareamento_unico_por_nome_uf
91880,SONORA,MS,sonora,5007935,Sonora,"UF + nome normalizado (caixa, acentos e espaços)",pareamento_unico_por_nome_uf
91901,VICENTINA,MS,vicentina,5008404,Vicentina,"UF + nome normalizado (caixa, acentos e espaços)",pareamento_unico_por_nome_uf
98019,BODOQUENA,MS,bodoquena,5002159,Bodoquena,"UF + nome normalizado (caixa, acentos e espaços)",pareamento_unico_por_nome_uf
98035,COSTA RICA,MS,costa rica,5003256,Costa Rica,"UF + nome normalizado (caixa, acentos e espaços)",pareamento_unico_por_nome_uf
98051,DOURADINA,MS,douradina,5003504,Douradina,"UF + nome normalizado (caixa, acentos e espaços)",pareamento_unico_por_nome_uf
98078,ITAQUIRAÍ,MS,itaquirai,5004601,Itaquiraí,"UF + nome normalizado (caixa, acentos e espaços)",pareamento_unico_por_nome_uf
98094,SÃO GABRIEL DO OESTE,MS,sao gabriel do oeste,5007695,São Gabriel do Oeste,"UF + nome normalizado (caixa, acentos e espaços)",pareamento_unico_por_nome_uf
98116,SELVÍRIA,MS,selviria,5007802,Selvíria,"UF + nome normalizado (caixa, acentos e espaços)",pareamento_unico_por_nome_uf
98132,SETE QUEDAS,MS,sete quedas,5007703,Sete Quedas,"UF + nome normalizado (caixa, acentos e espaços)",pareamento_unico_por_nome_uf
98159,TACURU,MS,tacuru,5007950,Tacuru,"UF + nome normalizado (caixa, acentos e espaços)",pareamento_unico_por_nome_uf
98175,TAQUARUSSU,MS,taquarussu,5007976,Taquarussu,"UF + nome normalizado (caixa, acentos e espaços)",pareamento_unico_por_nome_uf
98590,CORONEL SAPUCAIA,MS,coronel sapucaia,5003157,Coronel Sapucaia,"UF + nome normalizado (caixa, acentos e espaços)",pareamento_unico_por_nome_uf
89788,COLNIZA,MT,colniza,5103254,Colniza,"UF + nome normalizado (caixa, acentos e espaços)",pareamento_unico_por_nome_uf
89796,COLÍDER,MT,colider,5103205,Colíder,"UF + nome normalizado (caixa, acentos e espaços)",pareamento_unico_por_nome_uf
89800,CURVELÂNDIA,MT,curvelandia,5103437,Curvelândia,"UF + nome normalizado (caixa, acentos e espaços)",pareamento_unico_por_nome_uf
89818,NOVA BRASILÂNDIA,MT,nova brasilandia,5106208,Nova Brasilândia,"UF + nome normalizado (caixa, acentos e espaços)",pareamento_unico_por_nome_uf
89826,NOVA SANTA HELENA,MT,nova santa helena,5106190,Nova Santa Helena,"UF + nome normalizado (caixa, acentos e espaços)",pareamento_unico_por_nome_uf
89834,PARANATINGA,MT,paranatinga,5106307,Paranatinga,"UF + nome normalizado (caixa, acentos e espaços)",pareamento_unico_por_nome_uf
89843,SANTO ANTÔNIO DO LESTE,MT,santo antonio do leste,5107792,Santo Antônio do Leste,"UF + nome normalizado (caixa, acentos e espaços)",pareamento_unico_por_nome_uf
89850,SINOP,MT,sinop,5107909,Sinop,"UF + nome normalizado (caixa, acentos e espaços)",pareamento_unico_por_nome_uf
89877,ALTA FLORESTA,MT,alta floresta,5100250,Alta Floresta,"UF + nome normalizado (caixa, acentos e espaços)",pareamento_unico_por_nome_uf
89893,ARAPUTANGA,MT,araputanga,5101258,Araputanga,"UF + nome normalizado (caixa, acentos e espaços)",pareamento_unico_por_nome_uf
89915,JAURU,MT,jauru,5105002,Jauru,"UF + nome normalizado (caixa, acentos e espaços)",pareamento_unico_por_nome_uf
89931,SÃO JOSÉ DOS QUATRO MARCOS,MT,sao jose dos quatro marcos,5107107,São José dos Quatro Marcos,"UF + nome normalizado (caixa, acentos e espaços)",pareamento_unico_por_nome_uf
89958,RIO BRANCO,MT,rio branco,5107206,Rio Branco,"UF + nome normalizado (caixa, acentos e espaços)",pareamento_unico_por_nome_uf
89960,RONDOLÂNDIA,MT,rondolandia,5107578,Rondolândia,"UF + nome normalizado (caixa, acentos e espaços)",pareamento_unico_por_nome_uf
89974,SALTO DO CÉU,MT,salto do ceu,5107750,Salto do Céu,"UF + nome normalizado (caixa, acentos e espaços)",pareamento_unico_por_nome_uf
89990,PONTES E LACERDA,MT,pontes e lacerda,5106752,Pontes e Lacerda,"UF + nome normalizado (caixa, acentos e espaços)",pareamento_unico_por_nome_uf
90018,ACORIZAL,MT,acorizal,5100102,Acorizal,"UF + nome normalizado (caixa, acentos e espaços)",pareamento_unico_por_nome_uf
90026,SÃO JOSÉ DO POVO,MT,sao jose do povo,5107297,São José do Povo,"UF + nome normalizado (caixa, acentos e espaços)",pareamento_unico_por_nome_uf
90042,ALTO BOA VISTA,MT,alto boa vista,5100359,Alto Boa Vista,"UF + nome normalizado (caixa, acentos e espaços)",pareamento_unico_por_nome_uf
90050,ALTO ARAGUAIA,MT,alto araguaia,5100300,Alto Araguaia,"UF + nome normalizado (caixa, acentos e espaços)",pareamento_unico_por_nome_uf
90069,QUERÊNCIA,MT,querencia,5107065,Querência,"UF + nome normalizado (caixa, acentos e espaços)",pareamento_unico_por_nome_uf
90077,ALTO GARÇAS,MT,alto garcas,5100409,Alto Garças,"UF + nome normalizado (caixa, acentos e espaços)",pareamento_unico_por_nome_uf
90085,CANABRAVA DO NORTE,MT,canabrava do norte,5102694,Canabrava do Norte,"UF + nome normalizado (caixa, acentos e espaços)",pareamento_unico_por_nome_uf
90093,ALTO PARAGUAI,MT,alto paraguai,5100508,Alto Paraguai,"UF + nome normalizado (caixa, acentos e espaços)",pareamento_unico_por_nome_uf
90107,SANTA CARMEM,MT,santa carmem,5107248,Santa Carmem,"UF + nome normalizado (caixa, acentos e espaços)",pareamento_unico_por_nome_uf
90123,NOVA MARINGÁ,MT,nova maringa,5108907,Nova Maringá,"UF + nome normalizado (caixa, acentos e espaços)",pareamento_unico_por_nome_uf
90140,NOVA GUARITA,MT,nova guarita,5108808,Nova Guarita,"UF + nome normalizado (caixa, acentos e espaços)",pareamento_unico_por_nome_uf
90166,NOVA MARILÂNDIA,MT,nova marilandia,5108857,Nova Marilândia,"UF + nome normalizado (caixa, acentos e espaços)",pareamento_unico_por_nome_uf
90182,PORTO ESTRELA,MT,porto estrela,5106851,Porto Estrela,"UF + nome normalizado (caixa, acentos e espaços)",pareamento_unico_por_nome_uf
90204,GLÓRIA D OESTE,MT,gloria d oeste,,,"UF + nome normalizado (caixa, acentos e espaços)",sem_pareamento_exato
90220,TABAPORÃ,MT,tabapora,5107941,Tabaporã,"UF + nome normalizado (caixa, acentos e espaços)",pareamento_unico_por_nome_uf
90239,ARAGUAINHA,MT,araguainha,5101209,Araguainha,"UF + nome normalizado (caixa, acentos e espaços)",pareamento_unico_por_nome_uf
90247,SÃO JOSÉ DO XINGU,MT,sao jose do xingu,5107354,São José do Xingu,"UF + nome normalizado (caixa, acentos e espaços)",pareamento_unico_por_nome_uf
90255,ARENÁPOLIS,MT,arenapolis,5101308,Arenápolis,"UF + nome normalizado (caixa, acentos e espaços)",pareamento_unico_por_nome_uf
90263,APIACÁS,MT,apiacas,5100805,Apiacás,"UF + nome normalizado (caixa, acentos e espaços)",pareamento_unico_por_nome_uf
90271,ARIPUANÃ,MT,aripuana,5101407,Aripuanã,"UF + nome normalizado (caixa, acentos e espaços)",pareamento_unico_por_nome_uf
90280,CONFRESA,MT,confresa,5103353,Confresa,"UF + nome normalizado (caixa, acentos e espaços)",pareamento_unico_por_nome_uf
90301,LAMBARI D OESTE,MT,lambari d oeste,,,"UF + nome normalizado (caixa, acentos e espaços)",sem_pareamento_exato
90310,BARÃO DE MELGAÇO,MT,barao de melgaco,5101605,Barão de Melgaço,"UF + nome normalizado (caixa, acentos e espaços)",pareamento_unico_por_nome_uf
90328,SANTO AFONSO,MT,santo afonso,5107263,Santo Afonso,"UF + nome normalizado (caixa, acentos e espaços)",pareamento_unico_por_nome_uf
90336,BARRA DO BUGRES,MT,barra do bugres,5101704,Barra do Bugres,"UF + nome normalizado (caixa, acentos e espaços)",pareamento_unico_por_nome_uf
90344,PLANALTO DA SERRA,MT,planalto da serra,5106455,Planalto da Serra,"UF + nome normalizado (caixa, acentos e espaços)",pareamento_unico_por_nome_uf
90352,BARRA DO GARÇAS,MT,barra do garcas,5101803,Barra do Garças,"UF + nome normalizado (caixa, acentos e espaços)",pareamento_unico_por_nome_uf
90360,NOVA MONTE VERDE,MT,nova monte verde,5108956,Nova Monte Verde,"UF + nome normalizado (caixa, acentos e espaços)",pareamento_unico_por_nome_uf
90387,NOVA BANDEIRANTES,MT,nova bandeirantes,5106158,Nova Bandeirantes,"UF + nome normalizado (caixa, acentos e espaços)",pareamento_unico_por_nome_uf
90409,SÃO PEDRO DA CIPA,MT,sao pedro da cipa,5107404,São Pedro da Cipa,"UF + nome normalizado (caixa, acentos e espaços)",pareamento_unico_por_nome_uf
90425,COTRIGUAÇU,MT,cotriguacu,5103379,Cotriguaçu,"UF + nome normalizado (caixa, acentos e espaços)",pareamento_unico_por_nome_uf
90441,RIBEIRÃOZINHO,MT,ribeiraozinho,5107198,Ribeirãozinho,"UF + nome normalizado (caixa, acentos e espaços)",pareamento_unico_por_nome_uf
90468,BRASNORTE,MT,brasnorte,5101902,Brasnorte,"UF + nome normalizado (caixa, acentos e espaços)",pareamento_unico_por_nome_uf
90476,CÁCERES,MT,caceres,5102504,Cáceres,"UF + nome normalizado (caixa, acentos e espaços)",pareamento_unico_por_nome_uf
90484,CAMPO NOVO DO PARECIS,MT,campo novo do parecis,5102637,Campo Novo do Parecis,"UF + nome normalizado (caixa, acentos e espaços)",pareamento_unico_por_nome_uf
90506,CAMPO VERDE,MT,campo verde,5102678,Campo Verde,"UF + nome normalizado (caixa, acentos e espaços)",pareamento_unico_por_nome_uf
90522,CLÁUDIA,MT,claudia,5103056,Cláudia,"UF + nome normalizado (caixa, acentos e espaços)",pareamento_unico_por_nome_uf
90549,CASTANHEIRA,MT,castanheira,5102850,Castanheira,"UF + nome normalizado (caixa, acentos e espaços)",pareamento_unico_por_nome_uf
90565,JANGADA,MT,jangada,5104906,Jangada,"UF + nome normalizado (caixa, acentos e espaços)",pareamento_unico_por_nome_uf
90581,JURUENA,MT,juruena,5105176,Juruena,"UF + nome normalizado (caixa, acentos e espaços)",pareamento_unico_por_nome_uf
90590,CHAPADA DOS GUIMARÃES,MT,chapada dos guimaraes,5103007,Chapada dos Guimarães,"UF + nome normalizado (caixa, acentos e espaços)",pareamento_unico_por_nome_uf
90603,LUCAS DO RIO VERDE,MT,lucas do rio verde,5105259,Lucas do Rio Verde,"UF + nome normalizado (caixa, acentos e espaços)",pareamento_unico_por_nome_uf
90620,MATUPÁ,MT,matupa,5105606,Matupá,"UF + nome normalizado (caixa, acentos e espaços)",pareamento_unico_por_nome_uf
90646,NOVA MUTUM,MT,nova mutum,5106224,Nova Mutum,"UF + nome normalizado (caixa, acentos e espaços)",pareamento_unico_por_nome_uf
90662,RIBEIRÃO CASCALHEIRA,MT,ribeirao cascalheira,5107180,Ribeirão Cascalheira,"UF + nome normalizado (caixa, acentos e espaços)",pareamento_unico_por_nome_uf
90670,CUIABÁ,MT,cuiaba,5103403,Cuiabá,"UF + nome normalizado (caixa, acentos e espaços)",pareamento_unico_por_nome_uf
90689,TAPURAH,MT,tapurah,5108006,Tapurah,"UF + nome normalizado (caixa, acentos e espaços)",pareamento_unico_por_nome_uf
90697,DIAMANTINO,MT,diamantino,5103502,Diamantino,"UF + nome normalizado (caixa, acentos e espaços)",pareamento_unico_por_nome_uf
90700,PONTAL DO ARAGUAIA,MT,pontal do araguaia,5106653,Pontal do Araguaia,"UF + nome normalizado (caixa, acentos e espaços)",pareamento_unico_por_nome_uf
90719,DOM AQUINO,MT,dom aquino,5103601,Dom Aquino,"UF + nome normalizado (caixa, acentos e espaços)",pareamento_unico_por_nome_uf
90727,SAPEZAL,MT,sapezal,5107875,Sapezal,"UF + nome normalizado (caixa, acentos e espaços)",pareamento_unico_por_nome_uf
90743,CAMPOS DE JÚLIO,MT,campos de julio,5102686,Campos de Júlio,"UF + nome normalizado (caixa, acentos e espaços)",pareamento_unico_por_nome_uf
90760,CARLINDA,MT,carlinda,5102793,Carlinda,"UF + nome normalizado (caixa, acentos e espaços)",pareamento_unico_por_nome_uf
90778,GENERAL CARNEIRO,MT,general carneiro,5103908,General Carneiro,"UF + nome normalizado (caixa, acentos e espaços)",pareamento_unico_por_nome_uf
90786,FELIZ NATAL,MT,feliz natal,5103700,Feliz Natal,"UF + nome normalizado (caixa, acentos e espaços)",pareamento_unico_por_nome_uf
90808,NOVO MUNDO,MT,novo mundo,5106265,Novo Mundo,"UF + nome normalizado (caixa, acentos e espaços)",pareamento_unico_por_nome_uf
90824,GAÚCHA DO NORTE,MT,gaucha do norte,5103858,Gaúcha do Norte,"UF + nome normalizado (caixa, acentos e espaços)",pareamento_unico_por_nome_uf
90832,GUIRATINGA,MT,guiratinga,5104203,Guiratinga,"UF + nome normalizado (caixa, acentos e espaços)",pareamento_unico_por_nome_uf
90840,UNIÃO DO SUL,MT,uniao do sul,5108303,União do Sul,"UF + nome normalizado (caixa, acentos e espaços)",pareamento_unico_por_nome_uf
90867,NOVA LACERDA,MT,nova lacerda,5106182,Nova Lacerda,"UF + nome normalizado (caixa, acentos e espaços)",pareamento_unico_por_nome_uf
90883,NOVA UBIRATÃ,MT,nova ubirata,5106240,Nova Ubiratã,"UF + nome normalizado (caixa, acentos e espaços)",pareamento_unico_por_nome_uf
90905,BOM JESUS DO ARAGUAIA,MT,bom jesus do araguaia,5101852,Bom Jesus do Araguaia,"UF + nome normalizado (caixa, acentos e espaços)",pareamento_unico_por_nome_uf
90913,ITIQUIRA,MT,itiquira,5104609,Itiquira,"UF + nome normalizado (caixa, acentos e espaços)",pareamento_unico_por_nome_uf
90921,SERRA NOVA DOURADA,MT,serra nova dourada,5107883,Serra Nova Dourada,"UF + nome normalizado (caixa, acentos e espaços)",pareamento_unico_por_nome_uf
90948,NOVO SANTO ANTÔNIO,MT,novo santo antonio,5106315,Novo Santo Antônio,"UF + nome normalizado (caixa, acentos e espaços)",pareamento_unico_por_nome_uf
90956,JACIARA,MT,jaciara,5104807,Jaciara,"UF + nome normalizado (caixa, acentos e espaços)",pareamento_unico_por_nome_uf
90964,NOVA NAZARÉ,MT,nova nazare,5106174,Nova Nazaré,"UF + nome normalizado (caixa, acentos e espaços)",pareamento_unico_por_nome_uf
90980,SANTA CRUZ DO XINGU,MT,santa cruz do xingu,5107743,Santa Cruz do Xingu,"UF + nome normalizado (caixa, acentos e espaços)",pareamento_unico_por_nome_uf
91006,CONQUISTA D OESTE,MT,conquista d oeste,,,"UF + nome normalizado (caixa, acentos e espaços)",sem_pareamento_exato
91022,VALE DE SÃO DOMINGOS,MT,vale de sao domingos,5108352,Vale de São Domingos,"UF + nome normalizado (caixa, acentos e espaços)",pareamento_unico_por_nome_uf
91049,SANTA RITA DO TRIVELATO,MT,santa rita do trivelato,5107768,Santa Rita do Trivelato,"UF + nome normalizado (caixa, acentos e espaços)",pareamento_unico_por_nome_uf
91057,LUCIARA,MT,luciara,5105309,Luciara,"UF + nome normalizado (caixa, acentos e espaços)",pareamento_unico_por_nome_uf
91081,IPIRANGA DO NORTE,MT,ipiranga do norte,5104526,Ipiranga do Norte,"UF + nome normalizado (caixa, acentos e espaços)",pareamento_unico_por_nome_uf
91090,VILA BELA DA SANTÍSSIMA TRINDADE,MT,vila bela da santissima trindade,5105507,Vila Bela da Santíssima Trindade,"UF + nome normalizado (caixa, acentos e espaços)",pareamento_unico_por_nome_uf
91103,ITANHANGÁ,MT,itanhanga,5104542,Itanhangá,"UF + nome normalizado (caixa, acentos e espaços)",pareamento_unico_por_nome_uf
91170,NOBRES,MT,nobres,5105903,Nobres,"UF + nome normalizado (caixa, acentos e espaços)",pareamento_unico_por_nome_uf
91197,NORTELÂNDIA,MT,nortelandia,5106000,Nortelândia,"UF + nome normalizado (caixa, acentos e espaços)",pareamento_unico_por_nome_uf
91219,NOSSA SENHORA DO LIVRAMENTO,MT,nossa senhora do livramento,5106109,Nossa Senhora do Livramento,"UF + nome normalizado (caixa, acentos e espaços)",pareamento_unico_por_nome_uf
91294,POCONÉ,MT,pocone,5106505,Poconé,"UF + nome normalizado (caixa, acentos e espaços)",pareamento_unico_por_nome_uf
91332,PONTE BRANCA,MT,ponte branca,5106703,Ponte Branca,"UF + nome normalizado (caixa, acentos e espaços)",pareamento_unico_por_nome_uf
91359,PORTO DOS GAÚCHOS,MT,porto dos gauchos,5106802,Porto dos Gaúchos,"UF + nome normalizado (caixa, acentos e espaços)",pareamento_unico_por_nome_uf
91391,POXORÉU,MT,poxoreu,5107008,Poxoréu,"UF + nome normalizado (caixa, acentos e espaços)",pareamento_unico_por_nome_uf
91510,RONDONÓPOLIS,MT,rondonopolis,5107602,Rondonópolis,"UF + nome normalizado (caixa, acentos e espaços)",pareamento_unico_por_nome_uf
91537,ROSÁRIO OESTE,MT,rosario oeste,5107701,Rosário Oeste,"UF + nome normalizado (caixa, acentos e espaços)",pareamento_unico_por_nome_uf
91553,SANTO ANTÔNIO DO LEVERGER,MT,santo antonio do leverger,,,"UF + nome normalizado (caixa, acentos e espaços)",sem_pareamento_exato
91618,TESOURO,MT,tesouro,5108105,Tesouro,"UF + nome normalizado (caixa, acentos e espaços)",pareamento_unico_por_nome_uf
91634,TORIXORÉU,MT,torixoreu,5108204,Torixoréu,"UF + nome normalizado (caixa, acentos e espaços)",pareamento_unico_por_nome_uf
91677,VÁRZEA GRANDE,MT,varzea grande,5108402,Várzea Grande,"UF + nome normalizado (caixa, acentos e espaços)",pareamento_unico_por_nome_uf
91774,MIRASSOL D OESTE,MT,mirassol d oeste,,,"UF + nome normalizado (caixa, acentos e espaços)",sem_pareamento_exato
91812,PEDRA PRETA,MT,pedra preta,5106372,Pedra Preta,"UF + nome normalizado (caixa, acentos e espaços)",pareamento_unico_por_nome_uf
91839,SÃO FÉLIX DO ARAGUAIA,MT,sao felix do araguaia,5107859,São Félix do Araguaia,"UF + nome normalizado (caixa, acentos e espaços)",pareamento_unico_por_nome_uf
91855,TANGARÁ DA SERRA,MT,tangara da serra,5107958,Tangará da Serra,"UF + nome normalizado (caixa, acentos e espaços)",pareamento_unico_por_nome_uf
91898,JUSCIMEIRA,MT,juscimeira,5105200,Juscimeira,"UF + nome normalizado (caixa, acentos e espaços)",pareamento_unico_por_nome_uf
91910,ÁGUA BOA,MT,agua boa,5100201,Água Boa,"UF + nome normalizado (caixa, acentos e espaços)",pareamento_unico_por_nome_uf
91936,CANARANA,MT,canarana,5102702,Canarana,"UF + nome normalizado (caixa, acentos e espaços)",pareamento_unico_por_nome_uf
91952,NOVA XAVANTINA,MT,nova xavantina,5106257,Nova Xavantina,"UF + nome normalizado (caixa, acentos e espaços)",pareamento_unico_por_nome_uf
91979,SANTA TEREZINHA,MT,santa terezinha,5107776,Santa Terezinha,"UF + nome normalizado (caixa, acentos e espaços)",pareamento_unico_por_nome_uf
91995,SÃO JOSÉ DO RIO CLARO,MT,sao jose do rio claro,5107305,São José do Rio Claro,"UF + nome normalizado (caixa, acentos e espaços)",pareamento_unico_por_nome_uf
98191,JUARA,MT,juara,5105101,Juara,"UF + nome normalizado (caixa, acentos e espaços)",pareamento_unico_por_nome_uf
98310,JUÍNA,MT,juina,5105150,Juína,"UF + nome normalizado (caixa, acentos e espaços)",pareamento_unico_por_nome_uf
98337,DENISE,MT,denise,5103452,Denise,"UF + nome normalizado (caixa, acentos e espaços)",pareamento_unico_por_nome_uf
98612,ALTO TAQUARI,MT,alto taquari,5100607,Alto Taquari,"UF + nome normalizado (caixa, acentos e espaços)",pareamento_unico_por_nome_uf
98639,ARAGUAIANA,MT,araguaiana,5101001,Araguaiana,"UF + nome normalizado (caixa, acentos e espaços)",pareamento_unico_por_nome_uf
98655,CAMPINÁPOLIS,MT,campinapolis,5102603,Campinápolis,"UF + nome normalizado (caixa, acentos e espaços)",pareamento_unico_por_nome_uf
98671,COCALINHO,MT,cocalinho,5103106,Cocalinho,"UF + nome normalizado (caixa, acentos e espaços)",pareamento_unico_por_nome_uf
98698,ITAÚBA,MT,itauba,5104559,Itaúba,"UF + nome normalizado (caixa, acentos e espaços)",pareamento_unico_por_nome_uf
98710,MARCELÂNDIA,MT,marcelandia,5105580,Marcelândia,"UF + nome normalizado (caixa, acentos e espaços)",pareamento_unico_por_nome_uf
98736,NOVA OLÍMPIA,MT,nova olimpia,5106232,Nova Olímpia,"UF + nome normalizado (caixa, acentos e espaços)",pareamento_unico_por_nome_uf
98752,NOVA CANAÃ DO NORTE,MT,nova canaa do norte,5106216,Nova Canaã do Norte,"UF + nome normalizado (caixa, acentos e espaços)",pareamento_unico_por_nome_uf
98779,NOVO SÃO JOAQUIM,MT,novo sao joaquim,5106281,Novo São Joaquim,"UF + nome normalizado (caixa, acentos e espaços)",pareamento_unico_por_nome_uf
98795,NOVO HORIZONTE DO NORTE,MT,novo horizonte do norte,5106273,Novo Horizonte do Norte,"UF + nome normalizado (caixa, acentos e espaços)",pareamento_unico_por_nome_uf
98817,PEIXOTO DE AZEVEDO,MT,peixoto de azevedo,5106422,Peixoto de Azevedo,"UF + nome normalizado (caixa, acentos e espaços)",pareamento_unico_por_nome_uf
98833,PARANAÍTA,MT,paranaita,5106299,Paranaíta,"UF + nome normalizado (caixa, acentos e espaços)",pareamento_unico_por_nome_uf
98850,PORTO ALEGRE DO NORTE,MT,porto alegre do norte,5106778,Porto Alegre do Norte,"UF + nome normalizado (caixa, acentos e espaços)",pareamento_unico_por_nome_uf
98876,PORTO ESPERIDIÃO,MT,porto esperidiao,5106828,Porto Esperidião,"UF + nome normalizado (caixa, acentos e espaços)",pareamento_unico_por_nome_uf
98892,PRIMAVERA DO LESTE,MT,primavera do leste,5107040,Primavera do Leste,"UF + nome normalizado (caixa, acentos e espaços)",pareamento_unico_por_nome_uf
98914,RESERVA DO CABAÇAL,MT,reserva do cabacal,5107156,Reserva do Cabaçal,"UF + nome normalizado (caixa, acentos e espaços)",pareamento_unico_por_nome_uf
98930,SORRISO,MT,sorriso,5107925,Sorriso,"UF + nome normalizado (caixa, acentos e espaços)",pareamento_unico_por_nome_uf
98957,TERRA NOVA DO NORTE,MT,terra nova do norte,5108055,Terra Nova do Norte,"UF + nome normalizado (caixa, acentos e espaços)",pareamento_unico_por_nome_uf
98973,VERA,MT,vera,5108501,Vera,"UF + nome normalizado (caixa, acentos e espaços)",pareamento_unico_por_nome_uf
98990,VILA RICA,MT,vila rica,5108600,Vila Rica,"UF + nome normalizado (caixa, acentos e espaços)",pareamento_unico_por_nome_uf
99015,COMODORO,MT,comodoro,5103304,Comodoro,"UF + nome normalizado (caixa, acentos e espaços)",pareamento_unico_por_nome_uf
99031,FIGUEIRÓPOLIS D OESTE,MT,figueiropolis d oeste,,,"UF + nome normalizado (caixa, acentos e espaços)",sem_pareamento_exato
99058,GUARANTÃ DO NORTE,MT,guaranta do norte,5104104,Guarantã do Norte,"UF + nome normalizado (caixa, acentos e espaços)",pareamento_unico_por_nome_uf
99074,INDIAVAÍ,MT,indiavai,5104500,Indiavaí,"UF + nome normalizado (caixa, acentos e espaços)",pareamento_unico_por_nome_uf
04006,GOIANÉSIA DO PARÁ,PA,goianesia do para,1503093,Goianésia do Pará,"UF + nome normalizado (caixa, acentos e espaços)",pareamento_unico_por_nome_uf
04014,ABAETETUBA,PA,abaetetuba,1500107,Abaetetuba,"UF + nome normalizado (caixa, acentos e espaços)",pareamento_unico_por_nome_uf
04022,TAILÂNDIA,PA,tailandia,1507953,Tailândia,"UF + nome normalizado (caixa, acentos e espaços)",pareamento_unico_por_nome_uf
04030,ACARÁ,PA,acara,1500206,Acará,"UF + nome normalizado (caixa, acentos e espaços)",pareamento_unico_por_nome_uf
04049,BOM JESUS DO TOCANTINS,PA,bom jesus do tocantins,1501576,Bom Jesus do Tocantins,"UF + nome normalizado (caixa, acentos e espaços)",pareamento_unico_por_nome_uf
04057,AFUÁ,PA,afua,1500305,Afuá,"UF + nome normalizado (caixa, acentos e espaços)",pareamento_unico_por_nome_uf
04065,SÃO JOÃO DE PIRABAS,PA,sao joao de pirabas,1507474,São João de Pirabas,"UF + nome normalizado (caixa, acentos e espaços)",pareamento_unico_por_nome_uf
04073,ALENQUER,PA,alenquer,1500404,Alenquer,"UF + nome normalizado (caixa, acentos e espaços)",pareamento_unico_por_nome_uf
04081,TUCUMÃ,PA,tucuma,1508084,Tucumã,"UF + nome normalizado (caixa, acentos e espaços)",pareamento_unico_por_nome_uf
04090,ALMEIRIM,PA,almeirim,1500503,Almeirim,"UF + nome normalizado (caixa, acentos e espaços)",pareamento_unico_por_nome_uf
04103,MÃE DO RIO,PA,mae do rio,1504059,Mãe do Rio,"UF + nome normalizado (caixa, acentos e espaços)",pareamento_unico_por_nome_uf
04111,ALTAMIRA,PA,altamira,1500602,Altamira,"UF + nome normalizado (caixa, acentos e espaços)",pareamento_unico_por_nome_uf
04120,ELDORADO DOS CARAJÁS,PA,eldorado dos carajas,,,"UF + nome normalizado (caixa, acentos e espaços)",sem_pareamento_exato
04138,ANAJÁS,PA,anajas,1500701,Anajás,"UF + nome normalizado (caixa, acentos e espaços)",pareamento_unico_por_nome_uf
04146,SANTA LUZIA DO PARÁ,PA,santa luzia do para,1506559,Santa Luzia do Pará,"UF + nome normalizado (caixa, acentos e espaços)",pareamento_unico_por_nome_uf
04154,ANANINDEUA,PA,ananindeua,1500800,Ananindeua,"UF + nome normalizado (caixa, acentos e espaços)",pareamento_unico_por_nome_uf
04162,PALESTINA DO PARÁ,PA,palestina do para,1505494,Palestina do Pará,"UF + nome normalizado (caixa, acentos e espaços)",pareamento_unico_por_nome_uf
04170,AUGUSTO CORRÊA,PA,augusto correa,1500909,Augusto Corrêa,"UF + nome normalizado (caixa, acentos e espaços)",pareamento_unico_por_nome_uf
04189,IPIXUNA DO PARÁ,PA,ipixuna do para,1503457,Ipixuna do Pará,"UF + nome normalizado (caixa, acentos e espaços)",pareamento_unico_por_nome_uf
04197,AVEIRO,PA,aveiro,1501006,Aveiro,"UF + nome normalizado (caixa, acentos e espaços)",pareamento_unico_por_nome_uf
04200,JACAREACANGA,PA,jacareacanga,1503754,Jacareacanga,"UF + nome normalizado (caixa, acentos e espaços)",pareamento_unico_por_nome_uf
04219,BAGRE,PA,bagre,1501105,Bagre,"UF + nome normalizado (caixa, acentos e espaços)",pareamento_unico_por_nome_uf
04227,BRASIL NOVO,PA,brasil novo,1501725,Brasil Novo,"UF + nome normalizado (caixa, acentos e espaços)",pareamento_unico_por_nome_uf
04235,BAIÃO,PA,baiao,1501204,Baião,"UF + nome normalizado (caixa, acentos e espaços)",pareamento_unico_por_nome_uf
04243,SANTA BÁRBARA DO PARÁ,PA,santa barbara do para,1506351,Santa Bárbara do Pará,"UF + nome normalizado (caixa, acentos e espaços)",pareamento_unico_por_nome_uf
04251,BARCARENA,PA,barcarena,1501303,Barcarena,"UF + nome normalizado (caixa, acentos e espaços)",pareamento_unico_por_nome_uf
04260,ÁGUA AZUL DO NORTE,PA,agua azul do norte,1500347,Água Azul do Norte,"UF + nome normalizado (caixa, acentos e espaços)",pareamento_unico_por_nome_uf
04278,BELÉM,PA,belem,1501402,Belém,"UF + nome normalizado (caixa, acentos e espaços)",pareamento_unico_por_nome_uf
04286,TRAIRÃO,PA,trairao,1508050,Trairão,"UF + nome normalizado (caixa, acentos e espaços)",pareamento_unico_por_nome_uf
04294,BENEVIDES,PA,benevides,1501501,Benevides,"UF + nome normalizado (caixa, acentos e espaços)",pareamento_unico_por_nome_uf
04308,PAU D ARCO,PA,pau d arco,,,"UF + nome normalizado (caixa, acentos e espaços)",sem_pareamento_exato
04316,BONITO,PA,bonito,1501600,Bonito,"UF + nome normalizado (caixa, acentos e espaços)",pareamento_unico_por_nome_uf
04324,ULIANÓPOLIS,PA,ulianopolis,1508126,Ulianópolis,"UF + nome normalizado (caixa, acentos e espaços)",pareamento_unico_por_nome_uf
04332,BRAGANÇA,PA,braganca,1501709,Bragança,"UF + nome normalizado (caixa, acentos e espaços)",pareamento_unico_por_nome_uf
04340,AURORA DO PARÁ,PA,aurora do para,1500958,Aurora do Pará,"UF + nome normalizado (caixa, acentos e espaços)",pareamento_unico_por_nome_uf
04359,BREVES,PA,breves,1501808,Breves,"UF + nome normalizado (caixa, acentos e espaços)",pareamento_unico_por_nome_uf
04367,TERRA SANTA,PA,terra santa,1507979,Terra Santa,"UF + nome normalizado (caixa, acentos e espaços)",pareamento_unico_por_nome_uf
04375,BUJARU,PA,bujaru,1501907,Bujaru,"UF + nome normalizado (caixa, acentos e espaços)",pareamento_unico_por_nome_uf
04383,NOVO PROGRESSO,PA,novo progresso,1505031,Novo Progresso,"UF + nome normalizado (caixa, acentos e espaços)",pareamento_unico_por_nome_uf
04391,CACHOEIRA DO ARARI,PA,cachoeira do arari,1502004,Cachoeira do Arari,"UF + nome normalizado (caixa, acentos e espaços)",pareamento_unico_por_nome_uf
04405,VITÓRIA DO XINGU,PA,vitoria do xingu,1508357,Vitória do Xingu,"UF + nome normalizado (caixa, acentos e espaços)",pareamento_unico_por_nome_uf
04413,CAMETÁ,PA,cameta,1502103,Cametá,"UF + nome normalizado (caixa, acentos e espaços)",pareamento_unico_por_nome_uf
04421,NOVO REPARTIMENTO,PA,novo repartimento,1505064,Novo Repartimento,"UF + nome normalizado (caixa, acentos e espaços)",pareamento_unico_por_nome_uf
04430,CAPANEMA,PA,capanema,1502202,Capanema,"UF + nome normalizado (caixa, acentos e espaços)",pareamento_unico_por_nome_uf
04448,BREU BRANCO,PA,breu branco,1501782,Breu Branco,"UF + nome normalizado (caixa, acentos e espaços)",pareamento_unico_por_nome_uf
04456,CAPITÃO POÇO,PA,capitao poco,1502301,Capitão Poço,"UF + nome normalizado (caixa, acentos e espaços)",pareamento_unico_por_nome_uf
04464,SÃO DOMINGOS DO ARAGUAIA,PA,sao domingos do araguaia,1507151,São Domingos do Araguaia,"UF + nome normalizado (caixa, acentos e espaços)",pareamento_unico_por_nome_uf
04472,CASTANHAL,PA,castanhal,1502400,Castanhal,"UF + nome normalizado (caixa, acentos e espaços)",pareamento_unico_por_nome_uf
04480,NOVA ESPERANÇA DO PIRIÁ,PA,nova esperanca do piria,1504950,Nova Esperança do Piriá,"UF + nome normalizado (caixa, acentos e espaços)",pareamento_unico_por_nome_uf
04499,CHAVES,PA,chaves,1502509,Chaves,"UF + nome normalizado (caixa, acentos e espaços)",pareamento_unico_por_nome_uf
04502,ABEL FIGUEIREDO,PA,abel figueiredo,1500131,Abel Figueiredo,"UF + nome normalizado (caixa, acentos e espaços)",pareamento_unico_por_nome_uf
04510,COLARES,PA,colares,1502608,Colares,"UF + nome normalizado (caixa, acentos e espaços)",pareamento_unico_por_nome_uf
04529,CUMARU DO NORTE,PA,cumaru do norte,1502764,Cumaru do Norte,"UF + nome normalizado (caixa, acentos e espaços)",pareamento_unico_por_nome_uf
04537,CONCEIÇÃO DO ARAGUAIA,PA,conceicao do araguaia,1502707,Conceição do Araguaia,"UF + nome normalizado (caixa, acentos e espaços)",pareamento_unico_por_nome_uf
04545,TERRA ALTA,PA,terra alta,1507961,Terra Alta,"UF + nome normalizado (caixa, acentos e espaços)",pareamento_unico_por_nome_uf
04553,CURRALINHO,PA,curralinho,1502806,Curralinho,"UF + nome normalizado (caixa, acentos e espaços)",pareamento_unico_por_nome_uf
04561,FLORESTA DO ARAGUAIA,PA,floresta do araguaia,1503044,Floresta do Araguaia,"UF + nome normalizado (caixa, acentos e espaços)",pareamento_unico_por_nome_uf
04570,CURUÇÁ,PA,curuca,1502905,Curuçá,"UF + nome normalizado (caixa, acentos e espaços)",pareamento_unico_por_nome_uf
04588,BANNACH,PA,bannach,1501253,Bannach,"UF + nome normalizado (caixa, acentos e espaços)",pareamento_unico_por_nome_uf
04596,FARO,PA,faro,1503002,Faro,"UF + nome normalizado (caixa, acentos e espaços)",pareamento_unico_por_nome_uf
04600,NOVA IPIXUNA,PA,nova ipixuna,1504976,Nova Ipixuna,"UF + nome normalizado (caixa, acentos e espaços)",pareamento_unico_por_nome_uf
04618,GURUPÁ,PA,gurupa,1503101,Gurupá,"UF + nome normalizado (caixa, acentos e espaços)",pareamento_unico_por_nome_uf
04626,PLACAS,PA,placas,1505650,Placas,"UF + nome normalizado (caixa, acentos e espaços)",pareamento_unico_por_nome_uf
04634,IGARAPÉ-AÇU,PA,igarape-acu,1503200,Igarapé-Açu,"UF + nome normalizado (caixa, acentos e espaços)",pareamento_unico_por_nome_uf
04642,MARITUBA,PA,marituba,1504422,Marituba,"UF + nome normalizado (caixa, acentos e espaços)",pareamento_unico_por_nome_uf
04650,IGARAPÉ-MIRI,PA,igarape-miri,1503309,Igarapé-Miri,"UF + nome normalizado (caixa, acentos e espaços)",pareamento_unico_por_nome_uf
04669,TRACUATEUA,PA,tracuateua,1508035,Tracuateua,"UF + nome normalizado (caixa, acentos e espaços)",pareamento_unico_por_nome_uf
04677,INHANGAPI,PA,inhangapi,1503408,Inhangapi,"UF + nome normalizado (caixa, acentos e espaços)",pareamento_unico_por_nome_uf
04685,QUATIPURU,PA,quatipuru,1506112,Quatipuru,"UF + nome normalizado (caixa, acentos e espaços)",pareamento_unico_por_nome_uf
04693,IRITUIA,PA,irituia,1503507,Irituia,"UF + nome normalizado (caixa, acentos e espaços)",pareamento_unico_por_nome_uf
04707,CANAÃ DOS CARAJÁS,PA,canaa dos carajas,1502152,Canaã dos Carajás,"UF + nome normalizado (caixa, acentos e espaços)",pareamento_unico_por_nome_uf
04715,ITAITUBA,PA,itaituba,1503606,Itaituba,"UF + nome normalizado (caixa, acentos e espaços)",pareamento_unico_por_nome_uf
04723,ANAPU,PA,anapu,1500859,Anapu,"UF + nome normalizado (caixa, acentos e espaços)",pareamento_unico_por_nome_uf
04731,ITUPIRANGA,PA,itupiranga,1503705,Itupiranga,"UF + nome normalizado (caixa, acentos e espaços)",pareamento_unico_por_nome_uf
04740,CURUÁ,PA,curua,1502855,Curuá,"UF + nome normalizado (caixa, acentos e espaços)",pareamento_unico_por_nome_uf
04758,JACUNDÁ,PA,jacunda,1503804,Jacundá,"UF + nome normalizado (caixa, acentos e espaços)",pareamento_unico_por_nome_uf
04766,CACHOEIRA DO PIRIÁ,PA,cachoeira do piria,1501956,Cachoeira do Piriá,"UF + nome normalizado (caixa, acentos e espaços)",pareamento_unico_por_nome_uf
04774,JURUTI,PA,juruti,1503903,Juruti,"UF + nome normalizado (caixa, acentos e espaços)",pareamento_unico_por_nome_uf
04782,PIÇARRA,PA,picarra,1505635,Piçarra,"UF + nome normalizado (caixa, acentos e espaços)",pareamento_unico_por_nome_uf
04790,LIMOEIRO DO AJURU,PA,limoeiro do ajuru,1504000,Limoeiro do Ajuru,"UF + nome normalizado (caixa, acentos e espaços)",pareamento_unico_por_nome_uf
04804,BELTERRA,PA,belterra,1501451,Belterra,"UF + nome normalizado (caixa, acentos e espaços)",pareamento_unico_por_nome_uf
04812,MAGALHÃES BARATA,PA,magalhaes barata,1504109,Magalhães Barata,"UF + nome normalizado (caixa, acentos e espaços)",pareamento_unico_por_nome_uf
04820,SÃO JOÃO DA PONTA,PA,sao joao da ponta,1507466,São João da Ponta,"UF + nome normalizado (caixa, acentos e espaços)",pareamento_unico_por_nome_uf
04839,MARABÁ,PA,maraba,1504208,Marabá,"UF + nome normalizado (caixa, acentos e espaços)",pareamento_unico_por_nome_uf
04847,SAPUCAIA,PA,sapucaia,1507755,Sapucaia,"UF + nome normalizado (caixa, acentos e espaços)",pareamento_unico_por_nome_uf
04855,MARACANÃ,PA,maracana,1504307,Maracanã,"UF + nome normalizado (caixa, acentos e espaços)",pareamento_unico_por_nome_uf
04863,MOJUÍ DOS CAMPOS,PA,mojui dos campos,1504752,Mojuí dos Campos,"UF + nome normalizado (caixa, acentos e espaços)",pareamento_unico_por_nome_uf
04871,MARAPANIM,PA,marapanim,1504406,Marapanim,"UF + nome normalizado (caixa, acentos e espaços)",pareamento_unico_por_nome_uf
04898,MELGAÇO,PA,melgaco,1504505,Melgaço,"UF + nome normalizado (caixa, acentos e espaços)",pareamento_unico_por_nome_uf
04910,MOCAJUBA,PA,mocajuba,1504604,Mocajuba,"UF + nome normalizado (caixa, acentos e espaços)",pareamento_unico_por_nome_uf
04936,MOJU,PA,moju,1504703,Moju,"UF + nome normalizado (caixa, acentos e espaços)",pareamento_unico_por_nome_uf
04952,MONTE ALEGRE,PA,monte alegre,1504802,Monte Alegre,"UF + nome normalizado (caixa, acentos e espaços)",pareamento_unico_por_nome_uf
04979,MUANÁ,PA,muana,1504901,Muaná,"UF + nome normalizado (caixa, acentos e espaços)",pareamento_unico_por_nome_uf
04995,NOVA TIMBOTEUA,PA,nova timboteua,1505007,Nova Timboteua,"UF + nome normalizado (caixa, acentos e espaços)",pareamento_unico_por_nome_uf
05010,ÓBIDOS,PA,obidos,1505106,Óbidos,"UF + nome normalizado (caixa, acentos e espaços)",pareamento_unico_por_nome_uf
05037,OEIRAS DO PARÁ,PA,oeiras do para,1505205,Oeiras do Pará,"UF + nome normalizado (caixa, acentos e espaços)",pareamento_unico_por_nome_uf
05053,ORIXIMINÁ,PA,oriximina,1505304,Oriximiná,"UF + nome normalizado (caixa, acentos e espaços)",pareamento_unico_por_nome_uf
05070,OURÉM,PA,ourem,1505403,Ourém,"UF + nome normalizado (caixa, acentos e espaços)",pareamento_unico_por_nome_uf
05096,PARAGOMINAS,PA,paragominas,1505502,Paragominas,"UF + nome normalizado (caixa, acentos e espaços)",pareamento_unico_por_nome_uf
05118,PEIXE-BOI,PA,peixe-boi,1505601,Peixe-Boi,"UF + nome normalizado (caixa, acentos e espaços)",pareamento_unico_por_nome_uf
05134,PONTA DE PEDRAS,PA,ponta de pedras,1505700,Ponta de Pedras,"UF + nome normalizado (caixa, acentos e espaços)",pareamento_unico_por_nome_uf
05150,PORTEL,PA,portel,1505809,Portel,"UF + nome normalizado (caixa, acentos e espaços)",pareamento_unico_por_nome_uf
05177,PORTO DE MOZ,PA,porto de moz,1505908,Porto de Moz,"UF + nome normalizado (caixa, acentos e espaços)",pareamento_unico_por_nome_uf
05193,PRAINHA,PA,prainha,1506005,Prainha,"UF + nome normalizado (caixa, acentos e espaços)",pareamento_unico_por_nome_uf
05215,PRIMAVERA,PA,primavera,1506104,Primavera,"UF + nome normalizado (caixa, acentos e espaços)",pareamento_unico_por_nome_uf
05231,SALINÓPOLIS,PA,salinopolis,1506203,Salinópolis,"UF + nome normalizado (caixa, acentos e espaços)",pareamento_unico_por_nome_uf
05258,SALVATERRA,PA,salvaterra,1506302,Salvaterra,"UF + nome normalizado (caixa, acentos e espaços)",pareamento_unico_por_nome_uf
05274,SANTA CRUZ DO ARARI,PA,santa cruz do arari,1506401,Santa Cruz do Arari,"UF + nome normalizado (caixa, acentos e espaços)",pareamento_unico_por_nome_uf
05290,SANTA ISABEL DO PARÁ,PA,santa isabel do para,,,"UF + nome normalizado (caixa, acentos e espaços)",sem_pareamento_exato
05312,SANTA MARIA DO PARÁ,PA,santa maria do para,1506609,Santa Maria do Pará,"UF + nome normalizado (caixa, acentos e espaços)",pareamento_unico_por_nome_uf
05339,SANTANA DO ARAGUAIA,PA,santana do araguaia,1506708,Santana do Araguaia,"UF + nome normalizado (caixa, acentos e espaços)",pareamento_unico_por_nome_uf
05355,SANTARÉM,PA,santarem,1506807,Santarém,"UF + nome normalizado (caixa, acentos e espaços)",pareamento_unico_por_nome_uf
05371,SANTARÉM NOVO,PA,santarem novo,1506906,Santarém Novo,"UF + nome normalizado (caixa, acentos e espaços)",pareamento_unico_por_nome_uf
05398,SANTO ANTÔNIO DO TAUÁ,PA,santo antonio do taua,1507003,Santo Antônio do Tauá,"UF + nome normalizado (caixa, acentos e espaços)",pareamento_unico_por_nome_uf
05410,SÃO CAETANO DE ODIVELAS,PA,sao caetano de odivelas,1507102,São Caetano de Odivelas,"UF + nome normalizado (caixa, acentos e espaços)",pareamento_unico_por_nome_uf
05436,SÃO DOMINGOS DO CAPIM,PA,sao domingos do capim,1507201,São Domingos do Capim,"UF + nome normalizado (caixa, acentos e espaços)",pareamento_unico_por_nome_uf
05452,SÃO FÉLIX DO XINGU,PA,sao felix do xingu,1507300,São Félix do Xingu,"UF + nome normalizado (caixa, acentos e espaços)",pareamento_unico_por_nome_uf
05479,SÃO FRANCISCO DO PARÁ,PA,sao francisco do para,1507409,São Francisco do Pará,"UF + nome normalizado (caixa, acentos e espaços)",pareamento_unico_por_nome_uf
05495,SÃO JOÃO DO ARAGUAIA,PA,sao joao do araguaia,1507508,São João do Araguaia,"UF + nome normalizado (caixa, acentos e espaços)",pareamento_unico_por_nome_uf
05517,SÃO MIGUEL DO GUAMÁ,PA,sao miguel do guama,1507607,São Miguel do Guamá,"UF + nome normalizado (caixa, acentos e espaços)",pareamento_unico_por_nome_uf
05533,SÃO SEBASTIÃO DA BOA VISTA,PA,sao sebastiao da boa vista,1507706,São Sebastião da Boa Vista,"UF + nome normalizado (caixa, acentos e espaços)",pareamento_unico_por_nome_uf
05550,SENADOR JOSÉ PORFÍRIO,PA,senador jose porfirio,1507805,Senador José Porfírio,"UF + nome normalizado (caixa, acentos e espaços)",pareamento_unico_por_nome_uf
05576,SOURE,PA,soure,1507904,Soure,"UF + nome normalizado (caixa, acentos e espaços)",pareamento_unico_por_nome_uf
05592,TOMÉ-AÇU,PA,tome-acu,1508001,Tomé-Açu,"UF + nome normalizado (caixa, acentos e espaços)",pareamento_unico_por_nome_uf
05614,TUCURUÍ,PA,tucurui,1508100,Tucuruí,"UF + nome normalizado (caixa, acentos e espaços)",pareamento_unico_por_nome_uf
05630,VIGIA,PA,vigia,1508209,Vigia,"UF + nome normalizado (caixa, acentos e espaços)",pareamento_unico_por_nome_uf
05657,VISEU,PA,viseu,1508308,Viseu,"UF + nome normalizado (caixa, acentos e espaços)",pareamento_unico_por_nome_uf
05673,REDENÇÃO,PA,redencao,1506138,Redenção,"UF + nome normalizado (caixa, acentos e espaços)",pareamento_unico_por_nome_uf
05690,RIO MARIA,PA,rio maria,1506161,Rio Maria,"UF + nome normalizado (caixa, acentos e espaços)",pareamento_unico_por_nome_uf
05711,XINGUARA,PA,xinguara,1508407,Xinguara,"UF + nome normalizado (caixa, acentos e espaços)",pareamento_unico_por_nome_uf
05738,RONDON DO PARÁ,PA,rondon do para,1506187,Rondon do Pará,"UF + nome normalizado (caixa, acentos e espaços)",pareamento_unico_por_nome_uf
05754,URUARÁ,PA,uruara,1508159,Uruará,"UF + nome normalizado (caixa, acentos e espaços)",pareamento_unico_por_nome_uf
05770,MEDICILÂNDIA,PA,medicilandia,1504455,Medicilândia,"UF + nome normalizado (caixa, acentos e espaços)",pareamento_unico_por_nome_uf
05797,SÃO GERALDO DO ARAGUAIA,PA,sao geraldo do araguaia,1507458,São Geraldo do Araguaia,"UF + nome normalizado (caixa, acentos e espaços)",pareamento_unico_por_nome_uf
05819,CONCÓRDIA DO PARÁ,PA,concordia do para,1502756,Concórdia do Pará,"UF + nome normalizado (caixa, acentos e espaços)",pareamento_unico_por_nome_uf
05835,PARAUAPEBAS,PA,parauapebas,1505536,Parauapebas,"UF + nome normalizado (caixa, acentos e espaços)",pareamento_unico_por_nome_uf
05851,CURIONÓPOLIS,PA,curionopolis,1502772,Curionópolis,"UF + nome normalizado (caixa, acentos e espaços)",pareamento_unico_por_nome_uf
05878,GARRAFÃO DO NORTE,PA,garrafao do norte,1503077,Garrafão do Norte,"UF + nome normalizado (caixa, acentos e espaços)",pareamento_unico_por_nome_uf
05894,RURÓPOLIS,PA,ruropolis,1506195,Rurópolis,"UF + nome normalizado (caixa, acentos e espaços)",pareamento_unico_por_nome_uf
05916,PACAJÁ,PA,pacaja,1505486,Pacajá,"UF + nome normalizado (caixa, acentos e espaços)",pareamento_unico_por_nome_uf
05932,BREJO GRANDE DO ARAGUAIA,PA,brejo grande do araguaia,1501758,Brejo Grande do Araguaia,"UF + nome normalizado (caixa, acentos e espaços)",pareamento_unico_por_nome_uf
05959,OURILÂNDIA DO NORTE,PA,ourilandia do norte,1505437,Ourilândia do Norte,"UF + nome normalizado (caixa, acentos e espaços)",pareamento_unico_por_nome_uf
05975,DOM ELISEU,PA,dom eliseu,1502939,Dom Eliseu,"UF + nome normalizado (caixa, acentos e espaços)",pareamento_unico_por_nome_uf
05991,SANTA MARIA DAS BARREIRAS,PA,santa maria das barreiras,1506583,Santa Maria das Barreiras,"UF + nome normalizado (caixa, acentos e espaços)",pareamento_unico_por_nome_uf
19003,RIACHÃO DO POÇO,PB,riachao do poco,2512762,Riachão do Poço,"UF + nome normalizado (caixa, acentos e espaços)",pareamento_unico_por_nome_uf
19011,ÁGUA BRANCA,PB,agua branca,2500106,Água Branca,"UF + nome normalizado (caixa, acentos e espaços)",pareamento_unico_por_nome_uf
19020,SOBRADO,PB,sobrado,2515971,Sobrado,"UF + nome normalizado (caixa, acentos e espaços)",pareamento_unico_por_nome_uf
19038,AGUIAR,PB,aguiar,2500205,Aguiar,"UF + nome normalizado (caixa, acentos e espaços)",pareamento_unico_por_nome_uf
19046,SÃO JOSÉ DOS RAMOS,PB,sao jose dos ramos,2514453,São José dos Ramos,"UF + nome normalizado (caixa, acentos e espaços)",pareamento_unico_por_nome_uf
19054,ALAGOA GRANDE,PB,alagoa grande,2500304,Alagoa Grande,"UF + nome normalizado (caixa, acentos e espaços)",pareamento_unico_por_nome_uf
19062,CAPIM,PB,capim,2504033,Capim,"UF + nome normalizado (caixa, acentos e espaços)",pareamento_unico_por_nome_uf
19070,ALAGOA NOVA,PB,alagoa nova,2500403,Alagoa Nova,"UF + nome normalizado (caixa, acentos e espaços)",pareamento_unico_por_nome_uf
19089,CUITÉ DE MAMANGUAPE,PB,cuite de mamanguape,2505238,Cuité de Mamanguape,"UF + nome normalizado (caixa, acentos e espaços)",pareamento_unico_por_nome_uf
19097,ALAGOINHA,PB,alagoinha,2500502,Alagoinha,"UF + nome normalizado (caixa, acentos e espaços)",pareamento_unico_por_nome_uf
19100,CURRAL DE CIMA,PB,curral de cima,2505279,Curral de Cima,"UF + nome normalizado (caixa, acentos e espaços)",pareamento_unico_por_nome_uf
19119,ALHANDRA,PB,alhandra,2500601,Alhandra,"UF + nome normalizado (caixa, acentos e espaços)",pareamento_unico_por_nome_uf
19127,RIACHÃO DO BACAMARTE,PB,riachao do bacamarte,2512754,Riachão do Bacamarte,"UF + nome normalizado (caixa, acentos e espaços)",pareamento_unico_por_nome_uf
19135,SÃO JOÃO DO RIO DO PEIXE,PB,sao joao do rio do peixe,2500700,São João do Rio do Peixe,"UF + nome normalizado (caixa, acentos e espaços)",pareamento_unico_por_nome_uf
19143,MATINHAS,PB,matinhas,2509339,Matinhas,"UF + nome normalizado (caixa, acentos e espaços)",pareamento_unico_por_nome_uf
19151,ARAÇAGI,PB,aracagi,2500809,Araçagi,"UF + nome normalizado (caixa, acentos e espaços)",pareamento_unico_por_nome_uf
19160,LOGRADOURO,PB,logradouro,2508554,Logradouro,"UF + nome normalizado (caixa, acentos e espaços)",pareamento_unico_por_nome_uf
19178,ARARA,PB,arara,2500908,Arara,"UF + nome normalizado (caixa, acentos e espaços)",pareamento_unico_por_nome_uf
19186,SERTÃOZINHO,PB,sertaozinho,2515930,Sertãozinho,"UF + nome normalizado (caixa, acentos e espaços)",pareamento_unico_por_nome_uf
19194,ARARUNA,PB,araruna,2501005,Araruna,"UF + nome normalizado (caixa, acentos e espaços)",pareamento_unico_por_nome_uf
19208,RIACHÃO,PB,riachao,2512747,Riachão,"UF + nome normalizado (caixa, acentos e espaços)",pareamento_unico_por_nome_uf
19216,AREIA,PB,areia,2501104,Areia,"UF + nome normalizado (caixa, acentos e espaços)",pareamento_unico_por_nome_uf
19224,SÃO DOMINGOS DO CARIRI,PB,sao domingos do cariri,2513943,São Domingos do Cariri,"UF + nome normalizado (caixa, acentos e espaços)",pareamento_unico_por_nome_uf
19232,AREIAL,PB,areial,2501203,Areial,"UF + nome normalizado (caixa, acentos e espaços)",pareamento_unico_por_nome_uf
19240,CARAÚBAS,PB,caraubas,2504074,Caraúbas,"UF + nome normalizado (caixa, acentos e espaços)",pareamento_unico_por_nome_uf
19259,AROEIRAS,PB,aroeiras,2501302,Aroeiras,"UF + nome normalizado (caixa, acentos e espaços)",pareamento_unico_por_nome_uf
19267,SANTO ANDRÉ,PB,santo andre,2513851,Santo André,"UF + nome normalizado (caixa, acentos e espaços)",pareamento_unico_por_nome_uf
19275,DAMIÃO,PB,damiao,2505352,Damião,"UF + nome normalizado (caixa, acentos e espaços)",pareamento_unico_por_nome_uf
19283,SOSSÊGO,PB,sossego,2516151,Sossêgo,"UF + nome normalizado (caixa, acentos e espaços)",pareamento_unico_por_nome_uf
19291,BAÍA DA TRAIÇÃO,PB,baia da traicao,2501401,Baía da Traição,"UF + nome normalizado (caixa, acentos e espaços)",pareamento_unico_por_nome_uf
19305,BARAÚNA,PB,barauna,2501534,Baraúna,"UF + nome normalizado (caixa, acentos e espaços)",pareamento_unico_por_nome_uf
19313,BANANEIRAS,PB,bananeiras,2501500,Bananeiras,"UF + nome normalizado (caixa, acentos e espaços)",pareamento_unico_por_nome_uf
19321,ASSUNÇÃO,PB,assuncao,2501351,Assunção,"UF + nome normalizado (caixa, acentos e espaços)",pareamento_unico_por_nome_uf
19330,BARRA DE SANTA ROSA,PB,barra de santa rosa,2501609,Barra de Santa Rosa,"UF + nome normalizado (caixa, acentos e espaços)",pareamento_unico_por_nome_uf
19348,ZABELÊ,PB,zabele,2517407,Zabelê,"UF + nome normalizado (caixa, acentos e espaços)",pareamento_unico_por_nome_uf
19356,BARRA DE SÃO MIGUEL,PB,barra de sao miguel,2501708,Barra de São Miguel,"UF + nome normalizado (caixa, acentos e espaços)",pareamento_unico_por_nome_uf
19364,CACIMBAS,PB,cacimbas,2503555,Cacimbas,"UF + nome normalizado (caixa, acentos e espaços)",pareamento_unico_por_nome_uf
19372,BAYEUX,PB,bayeux,2501807,Bayeux,"UF + nome normalizado (caixa, acentos e espaços)",pareamento_unico_por_nome_uf
19380,CAJAZEIRINHAS,PB,cajazeirinhas,2503753,Cajazeirinhas,"UF + nome normalizado (caixa, acentos e espaços)",pareamento_unico_por_nome_uf
19399,BELÉM,PB,belem,2501906,Belém,"UF + nome normalizado (caixa, acentos e espaços)",pareamento_unico_por_nome_uf
19402,SÃO BENTINHO,PB,sao bentinho,2513927,São Bentinho,"UF + nome normalizado (caixa, acentos e espaços)",pareamento_unico_por_nome_uf
19410,BELÉM DO BREJO DO CRUZ,PB,belem do brejo do cruz,2502003,Belém do Brejo do Cruz,"UF + nome normalizado (caixa, acentos e espaços)",pareamento_unico_por_nome_uf
19429,SÃO DOMINGOS,PB,sao domingos,2513968,São Domingos,"UF + nome normalizado (caixa, acentos e espaços)",pareamento_unico_por_nome_uf
19437,BOA VENTURA,PB,boa ventura,2502102,Boa Ventura,"UF + nome normalizado (caixa, acentos e espaços)",pareamento_unico_por_nome_uf
19445,SÃO JOSÉ DE PRINCESA,PB,sao jose de princesa,2514552,São José de Princesa,"UF + nome normalizado (caixa, acentos e espaços)",pareamento_unico_por_nome_uf
19453,BOM JESUS,PB,bom jesus,2502201,Bom Jesus,"UF + nome normalizado (caixa, acentos e espaços)",pareamento_unico_por_nome_uf
19461,MARIZÓPOLIS,PB,marizopolis,2509156,Marizópolis,"UF + nome normalizado (caixa, acentos e espaços)",pareamento_unico_por_nome_uf
19470,BOM SUCESSO,PB,bom sucesso,2502300,Bom Sucesso,"UF + nome normalizado (caixa, acentos e espaços)",pareamento_unico_por_nome_uf
19488,MATO GROSSO,PB,mato grosso,2509370,Mato Grosso,"UF + nome normalizado (caixa, acentos e espaços)",pareamento_unico_por_nome_uf
19496,BONITO DE SANTA FÉ,PB,bonito de santa fe,2502409,Bonito de Santa Fé,"UF + nome normalizado (caixa, acentos e espaços)",pareamento_unico_por_nome_uf
19500,BERNARDINO BATISTA,PB,bernardino batista,2502052,Bernardino Batista,"UF + nome normalizado (caixa, acentos e espaços)",pareamento_unico_por_nome_uf
19518,BOQUEIRÃO,PB,boqueirao,2502508,Boqueirão,"UF + nome normalizado (caixa, acentos e espaços)",pareamento_unico_por_nome_uf
19526,POÇO DE JOSÉ DE MOURA,PB,poco de jose de moura,2512077,Poço de José de Moura,"UF + nome normalizado (caixa, acentos e espaços)",pareamento_unico_por_nome_uf
19534,IGARACY,PB,igaracy,2502607,Igaracy,"UF + nome normalizado (caixa, acentos e espaços)",pareamento_unico_por_nome_uf
19542,SÃO JOSÉ DO BREJO DO CRUZ,PB,sao jose do brejo do cruz,2514651,São José do Brejo do Cruz,"UF + nome normalizado (caixa, acentos e espaços)",pareamento_unico_por_nome_uf
19550,BORBOREMA,PB,borborema,2502706,Borborema,"UF + nome normalizado (caixa, acentos e espaços)",pareamento_unico_por_nome_uf
19569,SANTA INÊS,PB,santa ines,2513356,Santa Inês,"UF + nome normalizado (caixa, acentos e espaços)",pareamento_unico_por_nome_uf
19577,BREJO DO CRUZ,PB,brejo do cruz,2502805,Brejo do Cruz,"UF + nome normalizado (caixa, acentos e espaços)",pareamento_unico_por_nome_uf
19585,AMPARO,PB,amparo,2500734,Amparo,"UF + nome normalizado (caixa, acentos e espaços)",pareamento_unico_por_nome_uf
19593,BREJO DOS SANTOS,PB,brejo dos santos,2502904,Brejo dos Santos,"UF + nome normalizado (caixa, acentos e espaços)",pareamento_unico_por_nome_uf
19607,CASSERENGUE,PB,casserengue,2504157,Casserengue,"UF + nome normalizado (caixa, acentos e espaços)",pareamento_unico_por_nome_uf
19615,CAAPORÃ,PB,caapora,2503001,Caaporã,"UF + nome normalizado (caixa, acentos e espaços)",pareamento_unico_por_nome_uf
19623,GADO BRAVO,PB,gado bravo,2506251,Gado Bravo,"UF + nome normalizado (caixa, acentos e espaços)",pareamento_unico_por_nome_uf
19631,CABACEIRAS,PB,cabaceiras,2503100,Cabaceiras,"UF + nome normalizado (caixa, acentos e espaços)",pareamento_unico_por_nome_uf
19640,POÇO DANTAS,PB,poco dantas,2512036,Poço Dantas,"UF + nome normalizado (caixa, acentos e espaços)",pareamento_unico_por_nome_uf
19658,CABEDELO,PB,cabedelo,2503209,Cabedelo,"UF + nome normalizado (caixa, acentos e espaços)",pareamento_unico_por_nome_uf
19666,JOCA CLAUDINO,PB,joca claudino,2513653,Joca Claudino,"UF + nome normalizado (caixa, acentos e espaços)",pareamento_unico_por_nome_uf
19674,CACHOEIRA DOS ÍNDIOS,PB,cachoeira dos indios,2503308,Cachoeira dos Índios,"UF + nome normalizado (caixa, acentos e espaços)",pareamento_unico_por_nome_uf
19682,TENÓRIO,PB,tenorio,2516755,Tenório,"UF + nome normalizado (caixa, acentos e espaços)",pareamento_unico_por_nome_uf
19690,CACIMBA DE AREIA,PB,cacimba de areia,2503407,Cacimba de Areia,"UF + nome normalizado (caixa, acentos e espaços)",pareamento_unico_por_nome_uf
19704,COXIXOLA,PB,coxixola,2504850,Coxixola,"UF + nome normalizado (caixa, acentos e espaços)",pareamento_unico_por_nome_uf
19712,CACIMBA DE DENTRO,PB,cacimba de dentro,2503506,Cacimba de Dentro,"UF + nome normalizado (caixa, acentos e espaços)",pareamento_unico_por_nome_uf
19720,PARARI,PB,parari,2510659,Parari,"UF + nome normalizado (caixa, acentos e espaços)",pareamento_unico_por_nome_uf
19739,CAIÇARA,PB,caicara,2503605,Caiçara,"UF + nome normalizado (caixa, acentos e espaços)",pareamento_unico_por_nome_uf
19747,PEDRO RÉGIS,PB,pedro regis,2512721,Pedro Régis,"UF + nome normalizado (caixa, acentos e espaços)",pareamento_unico_por_nome_uf
19755,CAJAZEIRAS,PB,cajazeiras,2503704,Cajazeiras,"UF + nome normalizado (caixa, acentos e espaços)",pareamento_unico_por_nome_uf
19763,ALCANTIL,PB,alcantil,2500536,Alcantil,"UF + nome normalizado (caixa, acentos e espaços)",pareamento_unico_por_nome_uf
19771,CALDAS BRANDÃO,PB,caldas brandao,2503803,Caldas Brandão,"UF + nome normalizado (caixa, acentos e espaços)",pareamento_unico_por_nome_uf
19780,BARRA DE SANTANA,PB,barra de santana,2501575,Barra de Santana,"UF + nome normalizado (caixa, acentos e espaços)",pareamento_unico_por_nome_uf
19798,CAMALAÚ,PB,camalau,2503902,Camalaú,"UF + nome normalizado (caixa, acentos e espaços)",pareamento_unico_por_nome_uf
19801,CATURITÉ,PB,caturite,2504355,Caturité,"UF + nome normalizado (caixa, acentos e espaços)",pareamento_unico_por_nome_uf
19810,CAMPINA GRANDE,PB,campina grande,2504009,Campina Grande,"UF + nome normalizado (caixa, acentos e espaços)",pareamento_unico_por_nome_uf
19828,RIACHO DE SANTO ANTÔNIO,PB,riacho de santo antonio,2512788,Riacho de Santo Antônio,"UF + nome normalizado (caixa, acentos e espaços)",pareamento_unico_por_nome_uf
19836,CARRAPATEIRA,PB,carrapateira,2504108,Carrapateira,"UF + nome normalizado (caixa, acentos e espaços)",pareamento_unico_por_nome_uf
19844,APARECIDA,PB,aparecida,2500775,Aparecida,"UF + nome normalizado (caixa, acentos e espaços)",pareamento_unico_por_nome_uf
19852,CATINGUEIRA,PB,catingueira,2504207,Catingueira,"UF + nome normalizado (caixa, acentos e espaços)",pareamento_unico_por_nome_uf
19860,SÃO FRANCISCO,PB,sao francisco,2513984,São Francisco,"UF + nome normalizado (caixa, acentos e espaços)",pareamento_unico_por_nome_uf
19879,CATOLÉ DO ROCHA,PB,catole do rocha,2504306,Catolé do Rocha,"UF + nome normalizado (caixa, acentos e espaços)",pareamento_unico_por_nome_uf
19887,VIEIRÓPOLIS,PB,vieiropolis,2517209,Vieirópolis,"UF + nome normalizado (caixa, acentos e espaços)",pareamento_unico_por_nome_uf
19895,CONCEIÇÃO,PB,conceicao,2504405,Conceição,"UF + nome normalizado (caixa, acentos e espaços)",pareamento_unico_por_nome_uf
19909,AREIA DE BARAÚNAS,PB,areia de baraunas,2501153,Areia de Baraúnas,"UF + nome normalizado (caixa, acentos e espaços)",pareamento_unico_por_nome_uf
19917,CONDADO,PB,condado,2504504,Condado,"UF + nome normalizado (caixa, acentos e espaços)",pareamento_unico_por_nome_uf
19925,ALGODÃO DE JANDAÍRA,PB,algodao de jandaira,2500577,Algodão de Jandaíra,"UF + nome normalizado (caixa, acentos e espaços)",pareamento_unico_por_nome_uf
19933,CONDE,PB,conde,2504603,Conde,"UF + nome normalizado (caixa, acentos e espaços)",pareamento_unico_por_nome_uf
19941,BOA VISTA,PB,boa vista,2502151,Boa Vista,"UF + nome normalizado (caixa, acentos e espaços)",pareamento_unico_por_nome_uf
19950,CONGO,PB,congo,2504702,Congo,"UF + nome normalizado (caixa, acentos e espaços)",pareamento_unico_por_nome_uf
19968,MARCAÇÃO,PB,marcacao,2509057,Marcação,"UF + nome normalizado (caixa, acentos e espaços)",pareamento_unico_por_nome_uf
19976,COREMAS,PB,coremas,2504801,Coremas,"UF + nome normalizado (caixa, acentos e espaços)",pareamento_unico_por_nome_uf
19984,MATURÉIA,PB,matureia,2509396,Maturéia,"UF + nome normalizado (caixa, acentos e espaços)",pareamento_unico_por_nome_uf
19992,CRUZ DO ESPÍRITO SANTO,PB,cruz do espirito santo,2504900,Cruz do Espírito Santo,"UF + nome normalizado (caixa, acentos e espaços)",pareamento_unico_por_nome_uf
20001,SANTA CECÍLIA,PB,santa cecilia,2513158,Santa Cecília,"UF + nome normalizado (caixa, acentos e espaços)",pareamento_unico_por_nome_uf
20010,CUBATI,PB,cubati,2505006,Cubati,"UF + nome normalizado (caixa, acentos e espaços)",pareamento_unico_por_nome_uf
20036,CUITÉ,PB,cuite,2505105,Cuité,"UF + nome normalizado (caixa, acentos e espaços)",pareamento_unico_por_nome_uf
20052,CUITEGI,PB,cuitegi,2505204,Cuitegi,"UF + nome normalizado (caixa, acentos e espaços)",pareamento_unico_por_nome_uf
20079,CURRAL VELHO,PB,curral velho,2505303,Curral Velho,"UF + nome normalizado (caixa, acentos e espaços)",pareamento_unico_por_nome_uf
20095,DESTERRO,PB,desterro,2505402,Desterro,"UF + nome normalizado (caixa, acentos e espaços)",pareamento_unico_por_nome_uf
20117,VISTA SERRANA,PB,vista serrana,2505501,Vista Serrana,"UF + nome normalizado (caixa, acentos e espaços)",pareamento_unico_por_nome_uf
20133,DIAMANTE,PB,diamante,2505600,Diamante,"UF + nome normalizado (caixa, acentos e espaços)",pareamento_unico_por_nome_uf
20150,DONA INÊS,PB,dona ines,2505709,Dona Inês,"UF + nome normalizado (caixa, acentos e espaços)",pareamento_unico_por_nome_uf
20176,DUAS ESTRADAS,PB,duas estradas,2505808,Duas Estradas,"UF + nome normalizado (caixa, acentos e espaços)",pareamento_unico_por_nome_uf
20192,EMAS,PB,emas,2505907,Emas,"UF + nome normalizado (caixa, acentos e espaços)",pareamento_unico_por_nome_uf
20214,ESPERANÇA,PB,esperanca,2506004,Esperança,"UF + nome normalizado (caixa, acentos e espaços)",pareamento_unico_por_nome_uf
20230,FAGUNDES,PB,fagundes,2506103,Fagundes,"UF + nome normalizado (caixa, acentos e espaços)",pareamento_unico_por_nome_uf
20257,FREI MARTINHO,PB,frei martinho,2506202,Frei Martinho,"UF + nome normalizado (caixa, acentos e espaços)",pareamento_unico_por_nome_uf
20273,GUARABIRA,PB,guarabira,2506301,Guarabira,"UF + nome normalizado (caixa, acentos e espaços)",pareamento_unico_por_nome_uf
20290,GURINHÉM,PB,gurinhem,2506400,Gurinhém,"UF + nome normalizado (caixa, acentos e espaços)",pareamento_unico_por_nome_uf
20311,GURJÃO,PB,gurjao,2506509,Gurjão,"UF + nome normalizado (caixa, acentos e espaços)",pareamento_unico_por_nome_uf
20338,IBIARA,PB,ibiara,2506608,Ibiara,"UF + nome normalizado (caixa, acentos e espaços)",pareamento_unico_por_nome_uf
20354,IMACULADA,PB,imaculada,2506707,Imaculada,"UF + nome normalizado (caixa, acentos e espaços)",pareamento_unico_por_nome_uf
20370,INGÁ,PB,inga,2506806,Ingá,"UF + nome normalizado (caixa, acentos e espaços)",pareamento_unico_por_nome_uf
20397,ITABAIANA,PB,itabaiana,2506905,Itabaiana,"UF + nome normalizado (caixa, acentos e espaços)",pareamento_unico_por_nome_uf
20419,ITAPORANGA,PB,itaporanga,2507002,Itaporanga,"UF + nome normalizado (caixa, acentos e espaços)",pareamento_unico_por_nome_uf
20435,ITAPOROROCA,PB,itapororoca,2507101,Itapororoca,"UF + nome normalizado (caixa, acentos e espaços)",pareamento_unico_por_nome_uf
20451,ITATUBA,PB,itatuba,2507200,Itatuba,"UF + nome normalizado (caixa, acentos e espaços)",pareamento_unico_por_nome_uf
20478,JACARAÚ,PB,jacarau,2507309,Jacaraú,"UF + nome normalizado (caixa, acentos e espaços)",pareamento_unico_por_nome_uf
20494,JERICÓ,PB,jerico,2507408,Jericó,"UF + nome normalizado (caixa, acentos e espaços)",pareamento_unico_por_nome_uf
20516,JOÃO PESSOA,PB,joao pessoa,2507507,João Pessoa,"UF + nome normalizado (caixa, acentos e espaços)",pareamento_unico_por_nome_uf
20532,JUAREZ TÁVORA,PB,juarez tavora,2507606,Juarez Távora,"UF + nome normalizado (caixa, acentos e espaços)",pareamento_unico_por_nome_uf
20559,JUAZEIRINHO,PB,juazeirinho,2507705,Juazeirinho,"UF + nome normalizado (caixa, acentos e espaços)",pareamento_unico_por_nome_uf
20575,JUNCO DO SERIDÓ,PB,junco do serido,2507804,Junco do Seridó,"UF + nome normalizado (caixa, acentos e espaços)",pareamento_unico_por_nome_uf
20591,JURIPIRANGA,PB,juripiranga,2507903,Juripiranga,"UF + nome normalizado (caixa, acentos e espaços)",pareamento_unico_por_nome_uf
20613,JURU,PB,juru,2508000,Juru,"UF + nome normalizado (caixa, acentos e espaços)",pareamento_unico_por_nome_uf
20630,LAGOA,PB,lagoa,2508109,Lagoa,"UF + nome normalizado (caixa, acentos e espaços)",pareamento_unico_por_nome_uf
20656,LAGOA DE DENTRO,PB,lagoa de dentro,2508208,Lagoa de Dentro,"UF + nome normalizado (caixa, acentos e espaços)",pareamento_unico_por_nome_uf
20672,LAGOA SECA,PB,lagoa seca,2508307,Lagoa Seca,"UF + nome normalizado (caixa, acentos e espaços)",pareamento_unico_por_nome_uf
20699,LASTRO,PB,lastro,2508406,Lastro,"UF + nome normalizado (caixa, acentos e espaços)",pareamento_unico_por_nome_uf
20710,LIVRAMENTO,PB,livramento,2508505,Livramento,"UF + nome normalizado (caixa, acentos e espaços)",pareamento_unico_por_nome_uf
20737,LUCENA,PB,lucena,2508604,Lucena,"UF + nome normalizado (caixa, acentos e espaços)",pareamento_unico_por_nome_uf
20753,MÃE D ÁGUA,PB,mae d agua,,,"UF + nome normalizado (caixa, acentos e espaços)",sem_pareamento_exato
20770,MALTA,PB,malta,2508802,Malta,"UF + nome normalizado (caixa, acentos e espaços)",pareamento_unico_por_nome_uf
20796,MAMANGUAPE,PB,mamanguape,2508901,Mamanguape,"UF + nome normalizado (caixa, acentos e espaços)",pareamento_unico_por_nome_uf
20818,MANAÍRA,PB,manaira,2509008,Manaíra,"UF + nome normalizado (caixa, acentos e espaços)",pareamento_unico_por_nome_uf
20834,MARI,PB,mari,2509107,Mari,"UF + nome normalizado (caixa, acentos e espaços)",pareamento_unico_por_nome_uf
20850,MASSARANDUBA,PB,massaranduba,2509206,Massaranduba,"UF + nome normalizado (caixa, acentos e espaços)",pareamento_unico_por_nome_uf
20877,MATARACA,PB,mataraca,2509305,Mataraca,"UF + nome normalizado (caixa, acentos e espaços)",pareamento_unico_por_nome_uf
20893,MOGEIRO,PB,mogeiro,2509404,Mogeiro,"UF + nome normalizado (caixa, acentos e espaços)",pareamento_unico_por_nome_uf
20915,MONTADAS,PB,montadas,2509503,Montadas,"UF + nome normalizado (caixa, acentos e espaços)",pareamento_unico_por_nome_uf
20931,MONTE HOREBE,PB,monte horebe,2509602,Monte Horebe,"UF + nome normalizado (caixa, acentos e espaços)",pareamento_unico_por_nome_uf
20958,MONTEIRO,PB,monteiro,2509701,Monteiro,"UF + nome normalizado (caixa, acentos e espaços)",pareamento_unico_por_nome_uf
20974,MULUNGU,PB,mulungu,2509800,Mulungu,"UF + nome normalizado (caixa, acentos e espaços)",pareamento_unico_por_nome_uf
20990,NATUBA,PB,natuba,2509909,Natuba,"UF + nome normalizado (caixa, acentos e espaços)",pareamento_unico_por_nome_uf
21016,NAZAREZINHO,PB,nazarezinho,2510006,Nazarezinho,"UF + nome normalizado (caixa, acentos e espaços)",pareamento_unico_por_nome_uf
21032,NOVA FLORESTA,PB,nova floresta,2510105,Nova Floresta,"UF + nome normalizado (caixa, acentos e espaços)",pareamento_unico_por_nome_uf
21059,NOVA OLINDA,PB,nova olinda,2510204,Nova Olinda,"UF + nome normalizado (caixa, acentos e espaços)",pareamento_unico_por_nome_uf
21075,NOVA PALMEIRA,PB,nova palmeira,2510303,Nova Palmeira,"UF + nome normalizado (caixa, acentos e espaços)",pareamento_unico_por_nome_uf
21091,OLHO D ÁGUA,PB,olho d agua,,,"UF + nome normalizado (caixa, acentos e espaços)",sem_pareamento_exato
21113,OLIVEDOS,PB,olivedos,2510501,Olivedos,"UF + nome normalizado (caixa, acentos e espaços)",pareamento_unico_por_nome_uf
21130,OURO VELHO,PB,ouro velho,2510600,Ouro Velho,"UF + nome normalizado (caixa, acentos e espaços)",pareamento_unico_por_nome_uf
21156,PASSAGEM,PB,passagem,2510709,Passagem,"UF + nome normalizado (caixa, acentos e espaços)",pareamento_unico_por_nome_uf
21172,PATOS,PB,patos,2510808,Patos,"UF + nome normalizado (caixa, acentos e espaços)",pareamento_unico_por_nome_uf
21199,PAULISTA,PB,paulista,2510907,Paulista,"UF + nome normalizado (caixa, acentos e espaços)",pareamento_unico_por_nome_uf
21210,PEDRA BRANCA,PB,pedra branca,2511004,Pedra Branca,"UF + nome normalizado (caixa, acentos e espaços)",pareamento_unico_por_nome_uf
21237,PEDRA LAVRADA,PB,pedra lavrada,2511103,Pedra Lavrada,"UF + nome normalizado (caixa, acentos e espaços)",pareamento_unico_por_nome_uf
21253,PEDRAS DE FOGO,PB,pedras de fogo,2511202,Pedras de Fogo,"UF + nome normalizado (caixa, acentos e espaços)",pareamento_unico_por_nome_uf
21270,PIANCÓ,PB,pianco,2511301,Piancó,"UF + nome normalizado (caixa, acentos e espaços)",pareamento_unico_por_nome_uf
21296,PICUÍ,PB,picui,2511400,Picuí,"UF + nome normalizado (caixa, acentos e espaços)",pareamento_unico_por_nome_uf
21318,PILAR,PB,pilar,2511509,Pilar,"UF + nome normalizado (caixa, acentos e espaços)",pareamento_unico_por_nome_uf
21334,PILÕES,PB,piloes,2511608,Pilões,"UF + nome normalizado (caixa, acentos e espaços)",pareamento_unico_por_nome_uf
21350,PILÕEZINHOS,PB,piloezinhos,2511707,Pilõezinhos,"UF + nome normalizado (caixa, acentos e espaços)",pareamento_unico_por_nome_uf
21377,PIRPIRITUBA,PB,pirpirituba,2511806,Pirpirituba,"UF + nome normalizado (caixa, acentos e espaços)",pareamento_unico_por_nome_uf
21393,PITIMBU,PB,pitimbu,2511905,Pitimbu,"UF + nome normalizado (caixa, acentos e espaços)",pareamento_unico_por_nome_uf
21415,POCINHOS,PB,pocinhos,2512002,Pocinhos,"UF + nome normalizado (caixa, acentos e espaços)",pareamento_unico_por_nome_uf
21431,POMBAL,PB,pombal,2512101,Pombal,"UF + nome normalizado (caixa, acentos e espaços)",pareamento_unico_por_nome_uf
21458,PRATA,PB,prata,2512200,Prata,"UF + nome normalizado (caixa, acentos e espaços)",pareamento_unico_por_nome_uf
21474,PRINCESA ISABEL,PB,princesa isabel,2512309,Princesa Isabel,"UF + nome normalizado (caixa, acentos e espaços)",pareamento_unico_por_nome_uf
21490,PUXINANÃ,PB,puxinana,2512408,Puxinanã,"UF + nome normalizado (caixa, acentos e espaços)",pareamento_unico_por_nome_uf
21512,QUEIMADAS,PB,queimadas,2512507,Queimadas,"UF + nome normalizado (caixa, acentos e espaços)",pareamento_unico_por_nome_uf
21539,QUIXABA,PB,quixaba,2512606,Quixaba,"UF + nome normalizado (caixa, acentos e espaços)",pareamento_unico_por_nome_uf
21555,REMÍGIO,PB,remigio,2512705,Remígio,"UF + nome normalizado (caixa, acentos e espaços)",pareamento_unico_por_nome_uf
21571,RIACHO DOS CAVALOS,PB,riacho dos cavalos,2512804,Riacho dos Cavalos,"UF + nome normalizado (caixa, acentos e espaços)",pareamento_unico_por_nome_uf
21598,RIO TINTO,PB,rio tinto,2512903,Rio Tinto,"UF + nome normalizado (caixa, acentos e espaços)",pareamento_unico_por_nome_uf
21610,SALGADINHO,PB,salgadinho,2513000,Salgadinho,"UF + nome normalizado (caixa, acentos e espaços)",pareamento_unico_por_nome_uf
21636,SALGADO DE SÃO FÉLIX,PB,salgado de sao felix,2513109,Salgado de São Félix,"UF + nome normalizado (caixa, acentos e espaços)",pareamento_unico_por_nome_uf
21652,SANTA CRUZ,PB,santa cruz,2513208,Santa Cruz,"UF + nome normalizado (caixa, acentos e espaços)",pareamento_unico_por_nome_uf
21679,SANTA HELENA,PB,santa helena,2513307,Santa Helena,"UF + nome normalizado (caixa, acentos e espaços)",pareamento_unico_por_nome_uf
21695,SANTA LUZIA,PB,santa luzia,2513406,Santa Luzia,"UF + nome normalizado (caixa, acentos e espaços)",pareamento_unico_por_nome_uf
21717,SANTANA DE MANGUEIRA,PB,santana de mangueira,2513505,Santana de Mangueira,"UF + nome normalizado (caixa, acentos e espaços)",pareamento_unico_por_nome_uf
21733,SANTANA DOS GARROTES,PB,santana dos garrotes,2513604,Santana dos Garrotes,"UF + nome normalizado (caixa, acentos e espaços)",pareamento_unico_por_nome_uf
21750,SANTA RITA,PB,santa rita,2513703,Santa Rita,"UF + nome normalizado (caixa, acentos e espaços)",pareamento_unico_por_nome_uf
21776,SANTA TERESINHA,PB,santa teresinha,2513802,Santa Teresinha,"UF + nome normalizado (caixa, acentos e espaços)",pareamento_unico_por_nome_uf
21792,SÃO BENTO,PB,sao bento,2513901,São Bento,"UF + nome normalizado (caixa, acentos e espaços)",pareamento_unico_por_nome_uf
21814,SÃO JOÃO DO CARIRI,PB,sao joao do cariri,2514008,São João do Cariri,"UF + nome normalizado (caixa, acentos e espaços)",pareamento_unico_por_nome_uf
21830,SÃO JOÃO DO TIGRE,PB,sao joao do tigre,2514107,São João do Tigre,"UF + nome normalizado (caixa, acentos e espaços)",pareamento_unico_por_nome_uf
21857,SÃO JOSÉ DA LAGOA TAPADA,PB,sao jose da lagoa tapada,2514206,São José da Lagoa Tapada,"UF + nome normalizado (caixa, acentos e espaços)",pareamento_unico_por_nome_uf
21873,SÃO JOSÉ DE CAIANA,PB,sao jose de caiana,2514305,São José de Caiana,"UF + nome normalizado (caixa, acentos e espaços)",pareamento_unico_por_nome_uf
21890,SÃO JOSÉ DE ESPINHARAS,PB,sao jose de espinharas,2514404,São José de Espinharas,"UF + nome normalizado (caixa, acentos e espaços)",pareamento_unico_por_nome_uf
21911,SÃO JOSÉ DE PIRANHAS,PB,sao jose de piranhas,2514503,São José de Piranhas,"UF + nome normalizado (caixa, acentos e espaços)",pareamento_unico_por_nome_uf
21938,SÃO JOSÉ DO BONFIM,PB,sao jose do bonfim,2514602,São José do Bonfim,"UF + nome normalizado (caixa, acentos e espaços)",pareamento_unico_por_nome_uf
21954,SÃO JOSÉ DO SABUGI,PB,sao jose do sabugi,2514701,São José do Sabugi,"UF + nome normalizado (caixa, acentos e espaços)",pareamento_unico_por_nome_uf
21970,SÃO JOSÉ DOS CORDEIROS,PB,sao jose dos cordeiros,2514800,São José dos Cordeiros,"UF + nome normalizado (caixa, acentos e espaços)",pareamento_unico_por_nome_uf
21997,SÃO MAMEDE,PB,sao mamede,2514909,São Mamede,"UF + nome normalizado (caixa, acentos e espaços)",pareamento_unico_por_nome_uf
22012,SÃO MIGUEL DE TAIPU,PB,sao miguel de taipu,2515005,São Miguel de Taipu,"UF + nome normalizado (caixa, acentos e espaços)",pareamento_unico_por_nome_uf
22039,SÃO SEBASTIÃO DE LAGOA DE ROÇA,PB,sao sebastiao de lagoa de roca,2515104,São Sebastião de Lagoa de Roça,"UF + nome normalizado (caixa, acentos e espaços)",pareamento_unico_por_nome_uf
22055,SÃO SEBASTIÃO DO UMBUZEIRO,PB,sao sebastiao do umbuzeiro,2515203,São Sebastião do Umbuzeiro,"UF + nome normalizado (caixa, acentos e espaços)",pareamento_unico_por_nome_uf
22071,SAPÉ,PB,sape,2515302,Sapé,"UF + nome normalizado (caixa, acentos e espaços)",pareamento_unico_por_nome_uf
22098,SÃO VICENTE DO SERIDÓ,PB,sao vicente do serido,2515401,São Vicente do Seridó,"UF + nome normalizado (caixa, acentos e espaços)",pareamento_unico_por_nome_uf
22110,SERRA BRANCA,PB,serra branca,2515500,Serra Branca,"UF + nome normalizado (caixa, acentos e espaços)",pareamento_unico_por_nome_uf
22136,SERRA DA RAIZ,PB,serra da raiz,2515609,Serra da Raiz,"UF + nome normalizado (caixa, acentos e espaços)",pareamento_unico_por_nome_uf
22152,SERRA GRANDE,PB,serra grande,2515708,Serra Grande,"UF + nome normalizado (caixa, acentos e espaços)",pareamento_unico_por_nome_uf
22179,SERRA REDONDA,PB,serra redonda,2515807,Serra Redonda,"UF + nome normalizado (caixa, acentos e espaços)",pareamento_unico_por_nome_uf
22195,SERRARIA,PB,serraria,2515906,Serraria,"UF + nome normalizado (caixa, acentos e espaços)",pareamento_unico_por_nome_uf
22217,SOLÂNEA,PB,solanea,2516003,Solânea,"UF + nome normalizado (caixa, acentos e espaços)",pareamento_unico_por_nome_uf
22233,SOLEDADE,PB,soledade,2516102,Soledade,"UF + nome normalizado (caixa, acentos e espaços)",pareamento_unico_por_nome_uf
22250,SOUSA,PB,sousa,2516201,Sousa,"UF + nome normalizado (caixa, acentos e espaços)",pareamento_unico_por_nome_uf
22276,SUMÉ,PB,sume,2516300,Sumé,"UF + nome normalizado (caixa, acentos e espaços)",pareamento_unico_por_nome_uf
22292,TACIMA,PB,tacima,2516409,Tacima,"UF + nome normalizado (caixa, acentos e espaços)",pareamento_unico_por_nome_uf
22314,TAPEROÁ,PB,taperoa,2516508,Taperoá,"UF + nome normalizado (caixa, acentos e espaços)",pareamento_unico_por_nome_uf
22330,TAVARES,PB,tavares,2516607,Tavares,"UF + nome normalizado (caixa, acentos e espaços)",pareamento_unico_por_nome_uf
22357,TEIXEIRA,PB,teixeira,2516706,Teixeira,"UF + nome normalizado (caixa, acentos e espaços)",pareamento_unico_por_nome_uf
22373,TRIUNFO,PB,triunfo,2516805,Triunfo,"UF + nome normalizado (caixa, acentos e espaços)",pareamento_unico_por_nome_uf
22390,UIRAÚNA,PB,uirauna,2516904,Uiraúna,"UF + nome normalizado (caixa, acentos e espaços)",pareamento_unico_por_nome_uf
22411,UMBUZEIRO,PB,umbuzeiro,2517001,Umbuzeiro,"UF + nome normalizado (caixa, acentos e espaços)",pareamento_unico_por_nome_uf
22438,VÁRZEA,PB,varzea,2517100,Várzea,"UF + nome normalizado (caixa, acentos e espaços)",pareamento_unico_por_nome_uf
23000,QUIXABA,PE,quixaba,2611533,Quixaba,"UF + nome normalizado (caixa, acentos e espaços)",pareamento_unico_por_nome_uf
23019,AFOGADOS DA INGAZEIRA,PE,afogados da ingazeira,2600104,Afogados da Ingazeira,"UF + nome normalizado (caixa, acentos e espaços)",pareamento_unico_por_nome_uf
23027,LAGOA DO CARRO,PE,lagoa do carro,2608453,Lagoa do Carro,"UF + nome normalizado (caixa, acentos e espaços)",pareamento_unico_por_nome_uf
23035,AFRÂNIO,PE,afranio,2600203,Afrânio,"UF + nome normalizado (caixa, acentos e espaços)",pareamento_unico_por_nome_uf
23043,SANTA CRUZ DA BAIXA VERDE,PE,santa cruz da baixa verde,2612471,Santa Cruz da Baixa Verde,"UF + nome normalizado (caixa, acentos e espaços)",pareamento_unico_por_nome_uf
23051,AGRESTINA,PE,agrestina,2600302,Agrestina,"UF + nome normalizado (caixa, acentos e espaços)",pareamento_unico_por_nome_uf
23060,XEXÉU,PE,xexeu,2616506,Xexéu,"UF + nome normalizado (caixa, acentos e espaços)",pareamento_unico_por_nome_uf
23078,ÁGUA PRETA,PE,agua preta,2600401,Água Preta,"UF + nome normalizado (caixa, acentos e espaços)",pareamento_unico_por_nome_uf
23086,VERTENTE DO LÉRIO,PE,vertente do lerio,2616183,Vertente do Lério,"UF + nome normalizado (caixa, acentos e espaços)",pareamento_unico_por_nome_uf
23094,ÁGUAS BELAS,PE,aguas belas,2600500,Águas Belas,"UF + nome normalizado (caixa, acentos e espaços)",pareamento_unico_por_nome_uf
23108,SANTA CRUZ,PE,santa cruz,2612455,Santa Cruz,"UF + nome normalizado (caixa, acentos e espaços)",pareamento_unico_por_nome_uf
23116,ALAGOINHA,PE,alagoinha,2600609,Alagoinha,"UF + nome normalizado (caixa, acentos e espaços)",pareamento_unico_por_nome_uf
23124,JUCATI,PE,jucati,2608255,Jucati,"UF + nome normalizado (caixa, acentos e espaços)",pareamento_unico_por_nome_uf
23132,ALIANÇA,PE,alianca,2600708,Aliança,"UF + nome normalizado (caixa, acentos e espaços)",pareamento_unico_por_nome_uf
23140,DORMENTES,PE,dormentes,2605152,Dormentes,"UF + nome normalizado (caixa, acentos e espaços)",pareamento_unico_por_nome_uf
23159,ALTINHO,PE,altinho,2600807,Altinho,"UF + nome normalizado (caixa, acentos e espaços)",pareamento_unico_por_nome_uf
23167,CARNAUBEIRA DA PENHA,PE,carnaubeira da penha,2603926,Carnaubeira da Penha,"UF + nome normalizado (caixa, acentos e espaços)",pareamento_unico_por_nome_uf
23175,AMARAJI,PE,amaraji,2600906,Amaraji,"UF + nome normalizado (caixa, acentos e espaços)",pareamento_unico_por_nome_uf
23183,LAGOA GRANDE,PE,lagoa grande,2608750,Lagoa Grande,"UF + nome normalizado (caixa, acentos e espaços)",pareamento_unico_por_nome_uf
23191,ANGELIM,PE,angelim,2601003,Angelim,"UF + nome normalizado (caixa, acentos e espaços)",pareamento_unico_por_nome_uf
23205,ARAÇOIABA,PE,aracoiaba,2601052,Araçoiaba,"UF + nome normalizado (caixa, acentos e espaços)",pareamento_unico_por_nome_uf
23213,ARARIPINA,PE,araripina,2601102,Araripina,"UF + nome normalizado (caixa, acentos e espaços)",pareamento_unico_por_nome_uf
23221,CASINHAS,PE,casinhas,2604155,Casinhas,"UF + nome normalizado (caixa, acentos e espaços)",pareamento_unico_por_nome_uf
23230,ARCOVERDE,PE,arcoverde,2601201,Arcoverde,"UF + nome normalizado (caixa, acentos e espaços)",pareamento_unico_por_nome_uf
23248,MANARI,PE,manari,2609154,Manari,"UF + nome normalizado (caixa, acentos e espaços)",pareamento_unico_por_nome_uf
23256,BARRA DE GUABIRABA,PE,barra de guabiraba,2601300,Barra de Guabiraba,"UF + nome normalizado (caixa, acentos e espaços)",pareamento_unico_por_nome_uf
23264,JATOBÁ,PE,jatoba,2608057,Jatobá,"UF + nome normalizado (caixa, acentos e espaços)",pareamento_unico_por_nome_uf
23272,BARREIROS,PE,barreiros,2601409,Barreiros,"UF + nome normalizado (caixa, acentos e espaços)",pareamento_unico_por_nome_uf
23280,TAMANDARÉ,PE,tamandare,2614857,Tamandaré,"UF + nome normalizado (caixa, acentos e espaços)",pareamento_unico_por_nome_uf
23299,BELÉM DE MARIA,PE,belem de maria,2601508,Belém de Maria,"UF + nome normalizado (caixa, acentos e espaços)",pareamento_unico_por_nome_uf
23302,JAQUEIRA,PE,jaqueira,2607950,Jaqueira,"UF + nome normalizado (caixa, acentos e espaços)",pareamento_unico_por_nome_uf
23310,BELÉM DO SÃO FRANCISCO,PE,belem do sao francisco,2601607,Belém do São Francisco,"UF + nome normalizado (caixa, acentos e espaços)",pareamento_unico_por_nome_uf
23329,SANTA FILOMENA,PE,santa filomena,2612554,Santa Filomena,"UF + nome normalizado (caixa, acentos e espaços)",pareamento_unico_por_nome_uf
23337,BELO JARDIM,PE,belo jardim,2601706,Belo Jardim,"UF + nome normalizado (caixa, acentos e espaços)",pareamento_unico_por_nome_uf
23353,BETÂNIA,PE,betania,2601805,Betânia,"UF + nome normalizado (caixa, acentos e espaços)",pareamento_unico_por_nome_uf
23370,BEZERROS,PE,bezerros,2601904,Bezerros,"UF + nome normalizado (caixa, acentos e espaços)",pareamento_unico_por_nome_uf
23396,BODOCÓ,PE,bodoco,2602001,Bodocó,"UF + nome normalizado (caixa, acentos e espaços)",pareamento_unico_por_nome_uf
23418,BOM CONSELHO,PE,bom conselho,2602100,Bom Conselho,"UF + nome normalizado (caixa, acentos e espaços)",pareamento_unico_por_nome_uf
23434,BOM JARDIM,PE,bom jardim,2602209,Bom Jardim,"UF + nome normalizado (caixa, acentos e espaços)",pareamento_unico_por_nome_uf
23450,BONITO,PE,bonito,2602308,Bonito,"UF + nome normalizado (caixa, acentos e espaços)",pareamento_unico_por_nome_uf
23477,BREJÃO,PE,brejao,2602407,Brejão,"UF + nome normalizado (caixa, acentos e espaços)",pareamento_unico_por_nome_uf
23493,BREJINHO,PE,brejinho,2602506,Brejinho,"UF + nome normalizado (caixa, acentos e espaços)",pareamento_unico_por_nome_uf
23515,BREJO DA MADRE DE DEUS,PE,brejo da madre de deus,2602605,Brejo da Madre de Deus,"UF + nome normalizado (caixa, acentos e espaços)",pareamento_unico_por_nome_uf
23531,BUENOS AIRES,PE,buenos aires,2602704,Buenos Aires,"UF + nome normalizado (caixa, acentos e espaços)",pareamento_unico_por_nome_uf
23558,BUÍQUE,PE,buique,2602803,Buíque,"UF + nome normalizado (caixa, acentos e espaços)",pareamento_unico_por_nome_uf
23574,CABO DE SANTO AGOSTINHO,PE,cabo de santo agostinho,2602902,Cabo de Santo Agostinho,"UF + nome normalizado (caixa, acentos e espaços)",pareamento_unico_por_nome_uf
23590,CABROBÓ,PE,cabrobo,2603009,Cabrobó,"UF + nome normalizado (caixa, acentos e espaços)",pareamento_unico_por_nome_uf
23612,CACHOEIRINHA,PE,cachoeirinha,2603108,Cachoeirinha,"UF + nome normalizado (caixa, acentos e espaços)",pareamento_unico_por_nome_uf
23639,CAETÉS,PE,caetes,2603207,Caetés,"UF + nome normalizado (caixa, acentos e espaços)",pareamento_unico_por_nome_uf
23655,CALÇADO,PE,calcado,2603306,Calçado,"UF + nome normalizado (caixa, acentos e espaços)",pareamento_unico_por_nome_uf
23671,CALUMBI,PE,calumbi,2603405,Calumbi,"UF + nome normalizado (caixa, acentos e espaços)",pareamento_unico_por_nome_uf
23698,CAMOCIM DE SÃO FÉLIX,PE,camocim de sao felix,2603504,Camocim de São Félix,"UF + nome normalizado (caixa, acentos e espaços)",pareamento_unico_por_nome_uf
23710,CAMUTANGA,PE,camutanga,2603603,Camutanga,"UF + nome normalizado (caixa, acentos e espaços)",pareamento_unico_por_nome_uf
23736,CANHOTINHO,PE,canhotinho,2603702,Canhotinho,"UF + nome normalizado (caixa, acentos e espaços)",pareamento_unico_por_nome_uf
23752,CAPOEIRAS,PE,capoeiras,2603801,Capoeiras,"UF + nome normalizado (caixa, acentos e espaços)",pareamento_unico_por_nome_uf
23779,CARNAÍBA,PE,carnaiba,2603900,Carnaíba,"UF + nome normalizado (caixa, acentos e espaços)",pareamento_unico_por_nome_uf
23795,CARPINA,PE,carpina,2604007,Carpina,"UF + nome normalizado (caixa, acentos e espaços)",pareamento_unico_por_nome_uf
23817,CARUARU,PE,caruaru,2604106,Caruaru,"UF + nome normalizado (caixa, acentos e espaços)",pareamento_unico_por_nome_uf
23833,CATENDE,PE,catende,2604205,Catende,"UF + nome normalizado (caixa, acentos e espaços)",pareamento_unico_por_nome_uf
23850,CEDRO,PE,cedro,2604304,Cedro,"UF + nome normalizado (caixa, acentos e espaços)",pareamento_unico_por_nome_uf
23876,CHÃ DE ALEGRIA,PE,cha de alegria,2604403,Chã de Alegria,"UF + nome normalizado (caixa, acentos e espaços)",pareamento_unico_por_nome_uf
23892,CHÃ GRANDE,PE,cha grande,2604502,Chã Grande,"UF + nome normalizado (caixa, acentos e espaços)",pareamento_unico_por_nome_uf
23914,CONDADO,PE,condado,2604601,Condado,"UF + nome normalizado (caixa, acentos e espaços)",pareamento_unico_por_nome_uf
23930,CORRENTES,PE,correntes,2604700,Correntes,"UF + nome normalizado (caixa, acentos e espaços)",pareamento_unico_por_nome_uf
23957,CORTÊS,PE,cortes,2604809,Cortês,"UF + nome normalizado (caixa, acentos e espaços)",pareamento_unico_por_nome_uf
23973,CUMARU,PE,cumaru,2604908,Cumaru,"UF + nome normalizado (caixa, acentos e espaços)",pareamento_unico_por_nome_uf
23990,CUPIRA,PE,cupira,2605004,Cupira,"UF + nome normalizado (caixa, acentos e espaços)",pareamento_unico_por_nome_uf
24015,CUSTÓDIA,PE,custodia,2605103,Custódia,"UF + nome normalizado (caixa, acentos e espaços)",pareamento_unico_por_nome_uf
24031,ESCADA,PE,escada,2605202,Escada,"UF + nome normalizado (caixa, acentos e espaços)",pareamento_unico_por_nome_uf
24058,EXU,PE,exu,2605301,Exu,"UF + nome normalizado (caixa, acentos e espaços)",pareamento_unico_por_nome_uf
24074,FEIRA NOVA,PE,feira nova,2605400,Feira Nova,"UF + nome normalizado (caixa, acentos e espaços)",pareamento_unico_por_nome_uf
24090,FERREIROS,PE,ferreiros,2605509,Ferreiros,"UF + nome normalizado (caixa, acentos e espaços)",pareamento_unico_por_nome_uf
24112,FLORES,PE,flores,2605608,Flores,"UF + nome normalizado (caixa, acentos e espaços)",pareamento_unico_por_nome_uf
24139,FLORESTA,PE,floresta,2605707,Floresta,"UF + nome normalizado (caixa, acentos e espaços)",pareamento_unico_por_nome_uf
24155,FREI MIGUELINHO,PE,frei miguelinho,2605806,Frei Miguelinho,"UF + nome normalizado (caixa, acentos e espaços)",pareamento_unico_por_nome_uf
24171,GAMELEIRA,PE,gameleira,2605905,Gameleira,"UF + nome normalizado (caixa, acentos e espaços)",pareamento_unico_por_nome_uf
24198,GARANHUNS,PE,garanhuns,2606002,Garanhuns,"UF + nome normalizado (caixa, acentos e espaços)",pareamento_unico_por_nome_uf
24210,GLÓRIA DO GOITÁ,PE,gloria do goita,2606101,Glória do Goitá,"UF + nome normalizado (caixa, acentos e espaços)",pareamento_unico_por_nome_uf
24236,GOIANA,PE,goiana,2606200,Goiana,"UF + nome normalizado (caixa, acentos e espaços)",pareamento_unico_por_nome_uf
24252,GRANITO,PE,granito,2606309,Granito,"UF + nome normalizado (caixa, acentos e espaços)",pareamento_unico_por_nome_uf
24279,GRAVATÁ,PE,gravata,2606408,Gravatá,"UF + nome normalizado (caixa, acentos e espaços)",pareamento_unico_por_nome_uf
24295,IATI,PE,iati,2606507,Iati,"UF + nome normalizado (caixa, acentos e espaços)",pareamento_unico_por_nome_uf
24317,IBIMIRIM,PE,ibimirim,2606606,Ibimirim,"UF + nome normalizado (caixa, acentos e espaços)",pareamento_unico_por_nome_uf
24333,IBIRAJUBA,PE,ibirajuba,2606705,Ibirajuba,"UF + nome normalizado (caixa, acentos e espaços)",pareamento_unico_por_nome_uf
24350,IGARASSU,PE,igarassu,2606804,Igarassu,"UF + nome normalizado (caixa, acentos e espaços)",pareamento_unico_por_nome_uf
24376,IGUARACY,PE,iguaracy,2606903,Iguaracy,"UF + nome normalizado (caixa, acentos e espaços)",pareamento_unico_por_nome_uf
24392,INAJÁ,PE,inaja,2607000,Inajá,"UF + nome normalizado (caixa, acentos e espaços)",pareamento_unico_por_nome_uf
24414,INGAZEIRA,PE,ingazeira,2607109,Ingazeira,"UF + nome normalizado (caixa, acentos e espaços)",pareamento_unico_por_nome_uf
24430,IPOJUCA,PE,ipojuca,2607208,Ipojuca,"UF + nome normalizado (caixa, acentos e espaços)",pareamento_unico_por_nome_uf
24457,IPUBI,PE,ipubi,2607307,Ipubi,"UF + nome normalizado (caixa, acentos e espaços)",pareamento_unico_por_nome_uf
24473,ITACURUBA,PE,itacuruba,2607406,Itacuruba,"UF + nome normalizado (caixa, acentos e espaços)",pareamento_unico_por_nome_uf
24490,ITAÍBA,PE,itaiba,2607505,Itaíba,"UF + nome normalizado (caixa, acentos e espaços)",pareamento_unico_por_nome_uf
24511,ILHA DE ITAMARACÁ,PE,ilha de itamaraca,2607604,Ilha de Itamaracá,"UF + nome normalizado (caixa, acentos e espaços)",pareamento_unico_por_nome_uf
24538,ITAPETIM,PE,itapetim,2607703,Itapetim,"UF + nome normalizado (caixa, acentos e espaços)",pareamento_unico_por_nome_uf
24554,ITAQUITINGA,PE,itaquitinga,2607802,Itaquitinga,"UF + nome normalizado (caixa, acentos e espaços)",pareamento_unico_por_nome_uf
24570,JABOATÃO DOS GUARARAPES,PE,jaboatao dos guararapes,2607901,Jaboatão dos Guararapes,"UF + nome normalizado (caixa, acentos e espaços)",pareamento_unico_por_nome_uf
24597,JATAÚBA,PE,jatauba,2608008,Jataúba,"UF + nome normalizado (caixa, acentos e espaços)",pareamento_unico_por_nome_uf
24619,JOÃO ALFREDO,PE,joao alfredo,2608107,João Alfredo,"UF + nome normalizado (caixa, acentos e espaços)",pareamento_unico_por_nome_uf
24635,JOAQUIM NABUCO,PE,joaquim nabuco,2608206,Joaquim Nabuco,"UF + nome normalizado (caixa, acentos e espaços)",pareamento_unico_por_nome_uf
24651,JUPI,PE,jupi,2608305,Jupi,"UF + nome normalizado (caixa, acentos e espaços)",pareamento_unico_por_nome_uf
24678,JUREMA,PE,jurema,2608404,Jurema,"UF + nome normalizado (caixa, acentos e espaços)",pareamento_unico_por_nome_uf
24694,LAGOA DE ITAENGA,PE,lagoa de itaenga,2608503,Lagoa de Itaenga,"UF + nome normalizado (caixa, acentos e espaços)",pareamento_unico_por_nome_uf
24716,LAGOA DO OURO,PE,lagoa do ouro,2608602,Lagoa do Ouro,"UF + nome normalizado (caixa, acentos e espaços)",pareamento_unico_por_nome_uf
24732,LAGOA DOS GATOS,PE,lagoa dos gatos,2608701,Lagoa dos Gatos,"UF + nome normalizado (caixa, acentos e espaços)",pareamento_unico_por_nome_uf
24759,LAJEDO,PE,lajedo,2608800,Lajedo,"UF + nome normalizado (caixa, acentos e espaços)",pareamento_unico_por_nome_uf
24775,LIMOEIRO,PE,limoeiro,2608909,Limoeiro,"UF + nome normalizado (caixa, acentos e espaços)",pareamento_unico_por_nome_uf
24791,MACAPARANA,PE,macaparana,2609006,Macaparana,"UF + nome normalizado (caixa, acentos e espaços)",pareamento_unico_por_nome_uf
24813,MACHADOS,PE,machados,2609105,Machados,"UF + nome normalizado (caixa, acentos e espaços)",pareamento_unico_por_nome_uf
24830,MARAIAL,PE,maraial,2609204,Maraial,"UF + nome normalizado (caixa, acentos e espaços)",pareamento_unico_por_nome_uf
24856,MIRANDIBA,PE,mirandiba,2609303,Mirandiba,"UF + nome normalizado (caixa, acentos e espaços)",pareamento_unico_por_nome_uf
24872,MORENO,PE,moreno,2609402,Moreno,"UF + nome normalizado (caixa, acentos e espaços)",pareamento_unico_por_nome_uf
24899,NAZARÉ DA MATA,PE,nazare da mata,2609501,Nazaré da Mata,"UF + nome normalizado (caixa, acentos e espaços)",pareamento_unico_por_nome_uf
24910,OLINDA,PE,olinda,2609600,Olinda,"UF + nome normalizado (caixa, acentos e espaços)",pareamento_unico_por_nome_uf
24937,OROBÓ,PE,orobo,2609709,Orobó,"UF + nome normalizado (caixa, acentos e espaços)",pareamento_unico_por_nome_uf
24953,OROCÓ,PE,oroco,2609808,Orocó,"UF + nome normalizado (caixa, acentos e espaços)",pareamento_unico_por_nome_uf
24970,OURICURI,PE,ouricuri,2609907,Ouricuri,"UF + nome normalizado (caixa, acentos e espaços)",pareamento_unico_por_nome_uf
24996,PALMARES,PE,palmares,2610004,Palmares,"UF + nome normalizado (caixa, acentos e espaços)",pareamento_unico_por_nome_uf
25011,PALMEIRINA,PE,palmeirina,2610103,Palmeirina,"UF + nome normalizado (caixa, acentos e espaços)",pareamento_unico_por_nome_uf
25038,PANELAS,PE,panelas,2610202,Panelas,"UF + nome normalizado (caixa, acentos e espaços)",pareamento_unico_por_nome_uf
25054,PARANATAMA,PE,paranatama,2610301,Paranatama,"UF + nome normalizado (caixa, acentos e espaços)",pareamento_unico_por_nome_uf
25070,PARNAMIRIM,PE,parnamirim,2610400,Parnamirim,"UF + nome normalizado (caixa, acentos e espaços)",pareamento_unico_por_nome_uf
25097,PASSIRA,PE,passira,2610509,Passira,"UF + nome normalizado (caixa, acentos e espaços)",pareamento_unico_por_nome_uf
25119,PAUDALHO,PE,paudalho,2610608,Paudalho,"UF + nome normalizado (caixa, acentos e espaços)",pareamento_unico_por_nome_uf
25135,PAULISTA,PE,paulista,2610707,Paulista,"UF + nome normalizado (caixa, acentos e espaços)",pareamento_unico_por_nome_uf
25151,PEDRA,PE,pedra,2610806,Pedra,"UF + nome normalizado (caixa, acentos e espaços)",pareamento_unico_por_nome_uf
25178,PESQUEIRA,PE,pesqueira,2610905,Pesqueira,"UF + nome normalizado (caixa, acentos e espaços)",pareamento_unico_por_nome_uf
25194,PETROLÂNDIA,PE,petrolandia,2611002,Petrolândia,"UF + nome normalizado (caixa, acentos e espaços)",pareamento_unico_por_nome_uf
25216,PETROLINA,PE,petrolina,2611101,Petrolina,"UF + nome normalizado (caixa, acentos e espaços)",pareamento_unico_por_nome_uf
25232,POÇÃO,PE,pocao,2611200,Poção,"UF + nome normalizado (caixa, acentos e espaços)",pareamento_unico_por_nome_uf
25259,POMBOS,PE,pombos,2611309,Pombos,"UF + nome normalizado (caixa, acentos e espaços)",pareamento_unico_por_nome_uf
25275,PRIMAVERA,PE,primavera,2611408,Primavera,"UF + nome normalizado (caixa, acentos e espaços)",pareamento_unico_por_nome_uf
25291,QUIPAPÁ,PE,quipapa,2611507,Quipapá,"UF + nome normalizado (caixa, acentos e espaços)",pareamento_unico_por_nome_uf
25313,RECIFE,PE,recife,2611606,Recife,"UF + nome normalizado (caixa, acentos e espaços)",pareamento_unico_por_nome_uf
25330,RIACHO DAS ALMAS,PE,riacho das almas,2611705,Riacho das Almas,"UF + nome normalizado (caixa, acentos e espaços)",pareamento_unico_por_nome_uf
25356,RIBEIRÃO,PE,ribeirao,2611804,Ribeirão,"UF + nome normalizado (caixa, acentos e espaços)",pareamento_unico_por_nome_uf
25372,RIO FORMOSO,PE,rio formoso,2611903,Rio Formoso,"UF + nome normalizado (caixa, acentos e espaços)",pareamento_unico_por_nome_uf
25399,SAIRÉ,PE,saire,2612000,Sairé,"UF + nome normalizado (caixa, acentos e espaços)",pareamento_unico_por_nome_uf
25410,SALGADINHO,PE,salgadinho,2612109,Salgadinho,"UF + nome normalizado (caixa, acentos e espaços)",pareamento_unico_por_nome_uf
25437,SALGUEIRO,PE,salgueiro,2612208,Salgueiro,"UF + nome normalizado (caixa, acentos e espaços)",pareamento_unico_por_nome_uf
25453,SALOÁ,PE,saloa,2612307,Saloá,"UF + nome normalizado (caixa, acentos e espaços)",pareamento_unico_por_nome_uf
25470,SANHARÓ,PE,sanharo,2612406,Sanharó,"UF + nome normalizado (caixa, acentos e espaços)",pareamento_unico_por_nome_uf
25496,SANTA CRUZ DO CAPIBARIBE,PE,santa cruz do capibaribe,2612505,Santa Cruz do Capibaribe,"UF + nome normalizado (caixa, acentos e espaços)",pareamento_unico_por_nome_uf
25518,SANTA MARIA DA BOA VISTA,PE,santa maria da boa vista,2612604,Santa Maria da Boa Vista,"UF + nome normalizado (caixa, acentos e espaços)",pareamento_unico_por_nome_uf
25534,SANTA MARIA DO CAMBUCÁ,PE,santa maria do cambuca,2612703,Santa Maria do Cambucá,"UF + nome normalizado (caixa, acentos e espaços)",pareamento_unico_por_nome_uf
25550,SANTA TEREZINHA,PE,santa terezinha,2612802,Santa Terezinha,"UF + nome normalizado (caixa, acentos e espaços)",pareamento_unico_por_nome_uf
25577,SÃO BENEDITO DO SUL,PE,sao benedito do sul,2612901,São Benedito do Sul,"UF + nome normalizado (caixa, acentos e espaços)",pareamento_unico_por_nome_uf
25593,SÃO BENTO DO UNA,PE,sao bento do una,2613008,São Bento do Una,"UF + nome normalizado (caixa, acentos e espaços)",pareamento_unico_por_nome_uf
25615,SÃO CAITANO,PE,sao caitano,2613107,São Caitano,"UF + nome normalizado (caixa, acentos e espaços)",pareamento_unico_por_nome_uf
25631,SÃO JOÃO,PE,sao joao,2613206,São João,"UF + nome normalizado (caixa, acentos e espaços)",pareamento_unico_por_nome_uf
25658,SÃO JOAQUIM DO MONTE,PE,sao joaquim do monte,2613305,São Joaquim do Monte,"UF + nome normalizado (caixa, acentos e espaços)",pareamento_unico_por_nome_uf
25674,SÃO JOSÉ DA COROA GRANDE,PE,sao jose da coroa grande,2613404,São José da Coroa Grande,"UF + nome normalizado (caixa, acentos e espaços)",pareamento_unico_por_nome_uf
25690,SÃO JOSÉ DO BELMONTE,PE,sao jose do belmonte,2613503,São José do Belmonte,"UF + nome normalizado (caixa, acentos e espaços)",pareamento_unico_por_nome_uf
25712,SÃO JOSÉ DO EGITO,PE,sao jose do egito,2613602,São José do Egito,"UF + nome normalizado (caixa, acentos e espaços)",pareamento_unico_por_nome_uf
25739,SÃO LOURENÇO DA MATA,PE,sao lourenco da mata,2613701,São Lourenço da Mata,"UF + nome normalizado (caixa, acentos e espaços)",pareamento_unico_por_nome_uf
25755,SÃO VICENTE FÉRRER,PE,sao vicente ferrer,2613800,São Vicente Férrer,"UF + nome normalizado (caixa, acentos e espaços)",pareamento_unico_por_nome_uf
25771,SERRA TALHADA,PE,serra talhada,2613909,Serra Talhada,"UF + nome normalizado (caixa, acentos e espaços)",pareamento_unico_por_nome_uf
25798,SERRITA,PE,serrita,2614006,Serrita,"UF + nome normalizado (caixa, acentos e espaços)",pareamento_unico_por_nome_uf
25810,SERTÂNIA,PE,sertania,2614105,Sertânia,"UF + nome normalizado (caixa, acentos e espaços)",pareamento_unico_por_nome_uf
25836,SIRINHAÉM,PE,sirinhaem,2614204,Sirinhaém,"UF + nome normalizado (caixa, acentos e espaços)",pareamento_unico_por_nome_uf
25852,MOREILÂNDIA,PE,moreilandia,2614303,Moreilândia,"UF + nome normalizado (caixa, acentos e espaços)",pareamento_unico_por_nome_uf
25879,SOLIDÃO,PE,solidao,2614402,Solidão,"UF + nome normalizado (caixa, acentos e espaços)",pareamento_unico_por_nome_uf
25895,SURUBIM,PE,surubim,2614501,Surubim,"UF + nome normalizado (caixa, acentos e espaços)",pareamento_unico_por_nome_uf
25917,TABIRA,PE,tabira,2614600,Tabira,"UF + nome normalizado (caixa, acentos e espaços)",pareamento_unico_por_nome_uf
25933,TACAIMBÓ,PE,tacaimbo,2614709,Tacaimbó,"UF + nome normalizado (caixa, acentos e espaços)",pareamento_unico_por_nome_uf
25950,TACARATU,PE,tacaratu,2614808,Tacaratu,"UF + nome normalizado (caixa, acentos e espaços)",pareamento_unico_por_nome_uf
25976,ITAMBÉ,PE,itambe,2607653,Itambé,"UF + nome normalizado (caixa, acentos e espaços)",pareamento_unico_por_nome_uf
25992,TAQUARITINGA DO NORTE,PE,taquaritinga do norte,2615003,Taquaritinga do Norte,"UF + nome normalizado (caixa, acentos e espaços)",pareamento_unico_por_nome_uf
26018,TEREZINHA,PE,terezinha,2615102,Terezinha,"UF + nome normalizado (caixa, acentos e espaços)",pareamento_unico_por_nome_uf
26034,TERRA NOVA,PE,terra nova,2615201,Terra Nova,"UF + nome normalizado (caixa, acentos e espaços)",pareamento_unico_por_nome_uf
26050,TIMBAÚBA,PE,timbauba,2615300,Timbaúba,"UF + nome normalizado (caixa, acentos e espaços)",pareamento_unico_por_nome_uf
26077,TORITAMA,PE,toritama,2615409,Toritama,"UF + nome normalizado (caixa, acentos e espaços)",pareamento_unico_por_nome_uf
26093,TRACUNHAÉM,PE,tracunhaem,2615508,Tracunhaém,"UF + nome normalizado (caixa, acentos e espaços)",pareamento_unico_por_nome_uf
26115,TRINDADE,PE,trindade,2615607,Trindade,"UF + nome normalizado (caixa, acentos e espaços)",pareamento_unico_por_nome_uf
26131,TRIUNFO,PE,triunfo,2615706,Triunfo,"UF + nome normalizado (caixa, acentos e espaços)",pareamento_unico_por_nome_uf
26158,TUPANATINGA,PE,tupanatinga,2615805,Tupanatinga,"UF + nome normalizado (caixa, acentos e espaços)",pareamento_unico_por_nome_uf
26174,TUPARETAMA,PE,tuparetama,2615904,Tuparetama,"UF + nome normalizado (caixa, acentos e espaços)",pareamento_unico_por_nome_uf
26190,VENTUROSA,PE,venturosa,2616001,Venturosa,"UF + nome normalizado (caixa, acentos e espaços)",pareamento_unico_por_nome_uf
26212,VERDEJANTE,PE,verdejante,2616100,Verdejante,"UF + nome normalizado (caixa, acentos e espaços)",pareamento_unico_por_nome_uf
26239,VERTENTES,PE,vertentes,2616209,Vertentes,"UF + nome normalizado (caixa, acentos e espaços)",pareamento_unico_por_nome_uf
26255,VICÊNCIA,PE,vicencia,2616308,Vicência,"UF + nome normalizado (caixa, acentos e espaços)",pareamento_unico_por_nome_uf
26271,VITÓRIA DE SANTO ANTÃO,PE,vitoria de santo antao,2616407,Vitória de Santo Antão,"UF + nome normalizado (caixa, acentos e espaços)",pareamento_unico_por_nome_uf
26298,CAMARAGIBE,PE,camaragibe,2603454,Camaragibe,"UF + nome normalizado (caixa, acentos e espaços)",pareamento_unico_por_nome_uf
26310,ABREU E LIMA,PE,abreu e lima,2600054,Abreu e Lima,"UF + nome normalizado (caixa, acentos e espaços)",pareamento_unico_por_nome_uf
26336,ITAPISSUMA,PE,itapissuma,2607752,Itapissuma,"UF + nome normalizado (caixa, acentos e espaços)",pareamento_unico_por_nome_uf
30015,FERNANDO DE NORONHA,PE,fernando de noronha,2605459,Fernando de Noronha,"UF + nome normalizado (caixa, acentos e espaços)",pareamento_unico_por_nome_uf
10006,BRASILEIRA,PI,brasileira,2201960,Brasileira,"UF + nome normalizado (caixa, acentos e espaços)",pareamento_unico_por_nome_uf
10014,AGRICOLÂNDIA,PI,agricolandia,2200103,Agricolândia,"UF + nome normalizado (caixa, acentos e espaços)",pareamento_unico_por_nome_uf
10022,ALEGRETE DO PIAUÍ,PI,alegrete do piaui,2200277,Alegrete do Piauí,"UF + nome normalizado (caixa, acentos e espaços)",pareamento_unico_por_nome_uf
10030,ÁGUA BRANCA,PI,agua branca,2200202,Água Branca,"UF + nome normalizado (caixa, acentos e espaços)",pareamento_unico_por_nome_uf
10049,BAIXA GRANDE DO RIBEIRO,PI,baixa grande do ribeiro,2201150,Baixa Grande do Ribeiro,"UF + nome normalizado (caixa, acentos e espaços)",pareamento_unico_por_nome_uf
10057,ALTO LONGÁ,PI,alto longa,2200301,Alto Longá,"UF + nome normalizado (caixa, acentos e espaços)",pareamento_unico_por_nome_uf
10065,BOM PRINCÍPIO DO PIAUÍ,PI,bom principio do piaui,2201919,Bom Princípio do Piauí,"UF + nome normalizado (caixa, acentos e espaços)",pareamento_unico_por_nome_uf
10073,ALTOS,PI,altos,2200400,Altos,"UF + nome normalizado (caixa, acentos e espaços)",pareamento_unico_por_nome_uf
10081,BONFIM DO PIAUÍ,PI,bonfim do piaui,2201929,Bonfim do Piauí,"UF + nome normalizado (caixa, acentos e espaços)",pareamento_unico_por_nome_uf
10090,AMARANTE,PI,amarante,2200509,Amarante,"UF + nome normalizado (caixa, acentos e espaços)",pareamento_unico_por_nome_uf
10103,BURITI DOS MONTES,PI,buriti dos montes,2202026,Buriti dos Montes,"UF + nome normalizado (caixa, acentos e espaços)",pareamento_unico_por_nome_uf
10111,ANGICAL DO PIAUÍ,PI,angical do piaui,2200608,Angical do Piauí,"UF + nome normalizado (caixa, acentos e espaços)",pareamento_unico_por_nome_uf
10120,CABECEIRAS DO PIAUÍ,PI,cabeceiras do piaui,2202059,Cabeceiras do Piauí,"UF + nome normalizado (caixa, acentos e espaços)",pareamento_unico_por_nome_uf
10138,ANÍSIO DE ABREU,PI,anisio de abreu,2200707,Anísio de Abreu,"UF + nome normalizado (caixa, acentos e espaços)",pareamento_unico_por_nome_uf
10146,CALDEIRÃO GRANDE DO PIAUÍ,PI,caldeirao grande do piaui,2202091,Caldeirão Grande do Piauí,"UF + nome normalizado (caixa, acentos e espaços)",pareamento_unico_por_nome_uf
10154,ANTÔNIO ALMEIDA,PI,antonio almeida,2200806,Antônio Almeida,"UF + nome normalizado (caixa, acentos e espaços)",pareamento_unico_por_nome_uf
10162,CANAVIEIRA,PI,canavieira,2202251,Canavieira,"UF + nome normalizado (caixa, acentos e espaços)",pareamento_unico_por_nome_uf
10170,AROAZES,PI,aroazes,2200905,Aroazes,"UF + nome normalizado (caixa, acentos e espaços)",pareamento_unico_por_nome_uf
10189,COIVARAS,PI,coivaras,2202737,Coivaras,"UF + nome normalizado (caixa, acentos e espaços)",pareamento_unico_por_nome_uf
10197,ARRAIAL,PI,arraial,2201002,Arraial,"UF + nome normalizado (caixa, acentos e espaços)",pareamento_unico_por_nome_uf
10200,COLÔNIA DO GURGUÉIA,PI,colonia do gurgueia,2202752,Colônia do Gurguéia,"UF + nome normalizado (caixa, acentos e espaços)",pareamento_unico_por_nome_uf
10219,AVELINO LOPES,PI,avelino lopes,2201101,Avelino Lopes,"UF + nome normalizado (caixa, acentos e espaços)",pareamento_unico_por_nome_uf
10227,COLÔNIA DO PIAUÍ,PI,colonia do piaui,2202778,Colônia do Piauí,"UF + nome normalizado (caixa, acentos e espaços)",pareamento_unico_por_nome_uf
10235,BARRAS,PI,barras,2201200,Barras,"UF + nome normalizado (caixa, acentos e espaços)",pareamento_unico_por_nome_uf
10243,CORONEL JOSÉ DIAS,PI,coronel jose dias,2202851,Coronel José Dias,"UF + nome normalizado (caixa, acentos e espaços)",pareamento_unico_por_nome_uf
10251,BARREIRAS DO PIAUÍ,PI,barreiras do piaui,2201309,Barreiras do Piauí,"UF + nome normalizado (caixa, acentos e espaços)",pareamento_unico_por_nome_uf
10260,FARTURA DO PIAUÍ,PI,fartura do piaui,2203750,Fartura do Piauí,"UF + nome normalizado (caixa, acentos e espaços)",pareamento_unico_por_nome_uf
10278,BARRO DURO,PI,barro duro,2201408,Barro Duro,"UF + nome normalizado (caixa, acentos e espaços)",pareamento_unico_por_nome_uf
10286,JACOBINA DO PIAUÍ,PI,jacobina do piaui,2205151,Jacobina do Piauí,"UF + nome normalizado (caixa, acentos e espaços)",pareamento_unico_por_nome_uf
10294,BATALHA,PI,batalha,2201507,Batalha,"UF + nome normalizado (caixa, acentos e espaços)",pareamento_unico_por_nome_uf
10308,JARDIM DO MULATO,PI,jardim do mulato,2205250,Jardim do Mulato,"UF + nome normalizado (caixa, acentos e espaços)",pareamento_unico_por_nome_uf
10316,BENEDITINOS,PI,beneditinos,2201606,Beneditinos,"UF + nome normalizado (caixa, acentos e espaços)",pareamento_unico_por_nome_uf
10324,LAGOA ALEGRE,PI,lagoa alegre,2205557,Lagoa Alegre,"UF + nome normalizado (caixa, acentos e espaços)",pareamento_unico_por_nome_uf
10332,BERTOLÍNIA,PI,bertolinia,2201705,Bertolínia,"UF + nome normalizado (caixa, acentos e espaços)",pareamento_unico_por_nome_uf
10340,LAGOA DO BARRO DO PIAUÍ,PI,lagoa do barro do piaui,2205565,Lagoa do Barro do Piauí,"UF + nome normalizado (caixa, acentos e espaços)",pareamento_unico_por_nome_uf
10359,BOCAINA,PI,bocaina,2201804,Bocaina,"UF + nome normalizado (caixa, acentos e espaços)",pareamento_unico_por_nome_uf
10367,MARCOLÂNDIA,PI,marcolandia,2205953,Marcolândia,"UF + nome normalizado (caixa, acentos e espaços)",pareamento_unico_por_nome_uf
10375,BOM JESUS,PI,bom jesus,2201903,Bom Jesus,"UF + nome normalizado (caixa, acentos e espaços)",pareamento_unico_por_nome_uf
10383,PATOS DO PIAUÍ,PI,patos do piaui,2207777,Patos do Piauí,"UF + nome normalizado (caixa, acentos e espaços)",pareamento_unico_por_nome_uf
10391,BURITI DOS LOPES,PI,buriti dos lopes,2202000,Buriti dos Lopes,"UF + nome normalizado (caixa, acentos e espaços)",pareamento_unico_por_nome_uf
10405,PASSAGEM FRANCA DO PIAUÍ,PI,passagem franca do piaui,2207751,Passagem Franca do Piauí,"UF + nome normalizado (caixa, acentos e espaços)",pareamento_unico_por_nome_uf
10413,CAMPINAS DO PIAUÍ,PI,campinas do piaui,2202109,Campinas do Piauí,"UF + nome normalizado (caixa, acentos e espaços)",pareamento_unico_por_nome_uf
10421,QUEIMADA NOVA,PI,queimada nova,2208650,Queimada Nova,"UF + nome normalizado (caixa, acentos e espaços)",pareamento_unico_por_nome_uf
10430,CAMPO MAIOR,PI,campo maior,2202208,Campo Maior,"UF + nome normalizado (caixa, acentos e espaços)",pareamento_unico_por_nome_uf
10448,SANTA CRUZ DOS MILAGRES,PI,santa cruz dos milagres,2209153,Santa Cruz dos Milagres,"UF + nome normalizado (caixa, acentos e espaços)",pareamento_unico_por_nome_uf
10456,CANTO DO BURITI,PI,canto do buriti,2202307,Canto do Buriti,"UF + nome normalizado (caixa, acentos e espaços)",pareamento_unico_por_nome_uf
10464,SANTA ROSA DO PIAUÍ,PI,santa rosa do piaui,2209377,Santa Rosa do Piauí,"UF + nome normalizado (caixa, acentos e espaços)",pareamento_unico_por_nome_uf
10472,CAPITÃO DE CAMPOS,PI,capitao de campos,2202406,Capitão de Campos,"UF + nome normalizado (caixa, acentos e espaços)",pareamento_unico_por_nome_uf
10480,SANTANA DO PIAUÍ,PI,santana do piaui,2209351,Santana do Piauí,"UF + nome normalizado (caixa, acentos e espaços)",pareamento_unico_por_nome_uf
10499,CARACOL,PI,caracol,2202505,Caracol,"UF + nome normalizado (caixa, acentos e espaços)",pareamento_unico_por_nome_uf
10502,SÃO BRAZ DO PIAUÍ,PI,sao braz do piaui,2209559,São Braz do Piauí,"UF + nome normalizado (caixa, acentos e espaços)",pareamento_unico_por_nome_uf
10510,CASTELO DO PIAUÍ,PI,castelo do piaui,2202604,Castelo do Piauí,"UF + nome normalizado (caixa, acentos e espaços)",pareamento_unico_por_nome_uf
10529,SÃO JOSÉ DO DIVINO,PI,sao jose do divino,2210052,São José do Divino,"UF + nome normalizado (caixa, acentos e espaços)",pareamento_unico_por_nome_uf
10537,COCAL,PI,cocal,2202703,Cocal,"UF + nome normalizado (caixa, acentos e espaços)",pareamento_unico_por_nome_uf
10545,SIGEFREDO PACHECO,PI,sigefredo pacheco,2210656,Sigefredo Pacheco,"UF + nome normalizado (caixa, acentos e espaços)",pareamento_unico_por_nome_uf
10553,CONCEIÇÃO DO CANINDÉ,PI,conceicao do caninde,2202802,Conceição do Canindé,"UF + nome normalizado (caixa, acentos e espaços)",pareamento_unico_por_nome_uf
10561,SÃO LOURENÇO DO PIAUÍ,PI,sao lourenco do piaui,2210359,São Lourenço do Piauí,"UF + nome normalizado (caixa, acentos e espaços)",pareamento_unico_por_nome_uf
10570,CORRENTE,PI,corrente,2202901,Corrente,"UF + nome normalizado (caixa, acentos e espaços)",pareamento_unico_por_nome_uf
10588,VÁRZEA BRANCA,PI,varzea branca,2211357,Várzea Branca,"UF + nome normalizado (caixa, acentos e espaços)",pareamento_unico_por_nome_uf
10596,CRISTALÂNDIA DO PIAUÍ,PI,cristalandia do piaui,2203008,Cristalândia do Piauí,"UF + nome normalizado (caixa, acentos e espaços)",pareamento_unico_por_nome_uf
10600,BARRA D ALCÂNTARA,PI,barra d alcantara,,,"UF + nome normalizado (caixa, acentos e espaços)",sem_pareamento_exato
10618,CRISTINO CASTRO,PI,cristino castro,2203107,Cristino Castro,"UF + nome normalizado (caixa, acentos e espaços)",pareamento_unico_por_nome_uf
10626,BELA VISTA DO PIAUÍ,PI,bela vista do piaui,2201556,Bela Vista do Piauí,"UF + nome normalizado (caixa, acentos e espaços)",pareamento_unico_por_nome_uf
10634,CURIMATÁ,PI,curimata,2203206,Curimatá,"UF + nome normalizado (caixa, acentos e espaços)",pareamento_unico_por_nome_uf
10642,BREJO DO PIAUÍ,PI,brejo do piaui,2201988,Brejo do Piauí,"UF + nome normalizado (caixa, acentos e espaços)",pareamento_unico_por_nome_uf
10650,DEMERVAL LOBÃO,PI,demerval lobao,2203305,Demerval Lobão,"UF + nome normalizado (caixa, acentos e espaços)",pareamento_unico_por_nome_uf
10669,BOA HORA,PI,boa hora,2201770,Boa Hora,"UF + nome normalizado (caixa, acentos e espaços)",pareamento_unico_por_nome_uf
10677,DOM EXPEDITO LOPES,PI,dom expedito lopes,2203404,Dom Expedito Lopes,"UF + nome normalizado (caixa, acentos e espaços)",pareamento_unico_por_nome_uf
10685,DOM INOCÊNCIO,PI,dom inocencio,2203453,Dom Inocêncio,"UF + nome normalizado (caixa, acentos e espaços)",pareamento_unico_por_nome_uf
10693,ELESBÃO VELOSO,PI,elesbao veloso,2203503,Elesbão Veloso,"UF + nome normalizado (caixa, acentos e espaços)",pareamento_unico_por_nome_uf
10707,CAPITÃO GERVÁSIO OLIVEIRA,PI,capitao gervasio oliveira,2202455,Capitão Gervásio Oliveira,"UF + nome normalizado (caixa, acentos e espaços)",pareamento_unico_por_nome_uf
10715,ELISEU MARTINS,PI,eliseu martins,2203602,Eliseu Martins,"UF + nome normalizado (caixa, acentos e espaços)",pareamento_unico_por_nome_uf
10723,CAMPO GRANDE DO PIAUÍ,PI,campo grande do piaui,2202133,Campo Grande do Piauí,"UF + nome normalizado (caixa, acentos e espaços)",pareamento_unico_por_nome_uf
10731,ESPERANTINA,PI,esperantina,2203701,Esperantina,"UF + nome normalizado (caixa, acentos e espaços)",pareamento_unico_por_nome_uf
10740,CAMPO LARGO DO PIAUÍ,PI,campo largo do piaui,2202174,Campo Largo do Piauí,"UF + nome normalizado (caixa, acentos e espaços)",pareamento_unico_por_nome_uf
10758,FLORES DO PIAUÍ,PI,flores do piaui,2203800,Flores do Piauí,"UF + nome normalizado (caixa, acentos e espaços)",pareamento_unico_por_nome_uf
10766,CURRAIS,PI,currais,2203230,Currais,"UF + nome normalizado (caixa, acentos e espaços)",pareamento_unico_por_nome_uf
10774,FLORIANO,PI,floriano,2203909,Floriano,"UF + nome normalizado (caixa, acentos e espaços)",pareamento_unico_por_nome_uf
10782,GEMINIANO,PI,geminiano,2204352,Geminiano,"UF + nome normalizado (caixa, acentos e espaços)",pareamento_unico_por_nome_uf
10790,FRANCINÓPOLIS,PI,francinopolis,2204006,Francinópolis,"UF + nome normalizado (caixa, acentos e espaços)",pareamento_unico_por_nome_uf
10804,GUARIBAS,PI,guaribas,2204550,Guaribas,"UF + nome normalizado (caixa, acentos e espaços)",pareamento_unico_por_nome_uf
10812,FRANCISCO AYRES,PI,francisco ayres,2204105,Francisco Ayres,"UF + nome normalizado (caixa, acentos e espaços)",pareamento_unico_por_nome_uf
10820,ILHA GRANDE,PI,ilha grande,2204659,Ilha Grande,"UF + nome normalizado (caixa, acentos e espaços)",pareamento_unico_por_nome_uf
10839,FRANCISCO SANTOS,PI,francisco santos,2204204,Francisco Santos,"UF + nome normalizado (caixa, acentos e espaços)",pareamento_unico_por_nome_uf
10847,JUREMA,PI,jurema,2205532,Jurema,"UF + nome normalizado (caixa, acentos e espaços)",pareamento_unico_por_nome_uf
10855,FRONTEIRAS,PI,fronteiras,2204303,Fronteiras,"UF + nome normalizado (caixa, acentos e espaços)",pareamento_unico_por_nome_uf
10863,LAGOA DE SÃO FRANCISCO,PI,lagoa de sao francisco,2205573,Lagoa de São Francisco,"UF + nome normalizado (caixa, acentos e espaços)",pareamento_unico_por_nome_uf
10871,GILBUÉS,PI,gilbues,2204402,Gilbués,"UF + nome normalizado (caixa, acentos e espaços)",pareamento_unico_por_nome_uf
10880,MORRO CABEÇA NO TEMPO,PI,morro cabeca no tempo,2206654,Morro Cabeça no Tempo,"UF + nome normalizado (caixa, acentos e espaços)",pareamento_unico_por_nome_uf
10898,GUADALUPE,PI,guadalupe,2204501,Guadalupe,"UF + nome normalizado (caixa, acentos e espaços)",pareamento_unico_por_nome_uf
10901,NOVO SANTO ANTÔNIO,PI,novo santo antonio,2206951,Novo Santo Antônio,"UF + nome normalizado (caixa, acentos e espaços)",pareamento_unico_por_nome_uf
10910,HUGO NAPOLEÃO,PI,hugo napoleao,2204600,Hugo Napoleão,"UF + nome normalizado (caixa, acentos e espaços)",pareamento_unico_por_nome_uf
10928,NOSSA SENHORA DE NAZARÉ,PI,nossa senhora de nazare,2206753,Nossa Senhora de Nazaré,"UF + nome normalizado (caixa, acentos e espaços)",pareamento_unico_por_nome_uf
10936,INHUMA,PI,inhuma,2204709,Inhuma,"UF + nome normalizado (caixa, acentos e espaços)",pareamento_unico_por_nome_uf
10944,PAQUETÁ,PI,paqueta,2207553,Paquetá,"UF + nome normalizado (caixa, acentos e espaços)",pareamento_unico_por_nome_uf
10952,IPIRANGA DO PIAUÍ,PI,ipiranga do piaui,2204808,Ipiranga do Piauí,"UF + nome normalizado (caixa, acentos e espaços)",pareamento_unico_por_nome_uf
10960,NOVA SANTA RITA,PI,nova santa rita,2207959,Nova Santa Rita,"UF + nome normalizado (caixa, acentos e espaços)",pareamento_unico_por_nome_uf
10979,ISAÍAS COELHO,PI,isaias coelho,2204907,Isaías Coelho,"UF + nome normalizado (caixa, acentos e espaços)",pareamento_unico_por_nome_uf
10987,SÃO JOÃO DO ARRAIAL,PI,sao joao do arraial,2209971,São João do Arraial,"UF + nome normalizado (caixa, acentos e espaços)",pareamento_unico_por_nome_uf
10995,ITAINÓPOLIS,PI,itainopolis,2205003,Itainópolis,"UF + nome normalizado (caixa, acentos e espaços)",pareamento_unico_por_nome_uf
11010,ITAUEIRA,PI,itaueira,2205102,Itaueira,"UF + nome normalizado (caixa, acentos e espaços)",pareamento_unico_por_nome_uf
11037,JAICÓS,PI,jaicos,2205201,Jaicós,"UF + nome normalizado (caixa, acentos e espaços)",pareamento_unico_por_nome_uf
11053,JERUMENHA,PI,jerumenha,2205300,Jerumenha,"UF + nome normalizado (caixa, acentos e espaços)",pareamento_unico_por_nome_uf
11070,JOAQUIM PIRES,PI,joaquim pires,2205409,Joaquim Pires,"UF + nome normalizado (caixa, acentos e espaços)",pareamento_unico_por_nome_uf
11088,SÃO JOÃO DA CANABRAVA,PI,sao joao da canabrava,2209856,São João da Canabrava,"UF + nome normalizado (caixa, acentos e espaços)",pareamento_unico_por_nome_uf
11096,JOSÉ DE FREITAS,PI,jose de freitas,2205508,José de Freitas,"UF + nome normalizado (caixa, acentos e espaços)",pareamento_unico_por_nome_uf
11118,LANDRI SALES,PI,landri sales,2205607,Landri Sales,"UF + nome normalizado (caixa, acentos e espaços)",pareamento_unico_por_nome_uf
11134,LUIS CORREIA,PI,luis correia,2205706,Luís Correia,"UF + nome normalizado (caixa, acentos e espaços)",pareamento_unico_por_nome_uf
11150,LUZILÂNDIA,PI,luzilandia,2205805,Luzilândia,"UF + nome normalizado (caixa, acentos e espaços)",pareamento_unico_por_nome_uf
11177,MANOEL EMÍDIO,PI,manoel emidio,2205904,Manoel Emídio,"UF + nome normalizado (caixa, acentos e espaços)",pareamento_unico_por_nome_uf
11193,MARCOS PARENTE,PI,marcos parente,2206001,Marcos Parente,"UF + nome normalizado (caixa, acentos e espaços)",pareamento_unico_por_nome_uf
11215,MATIAS OLÍMPIO,PI,matias olimpio,2206100,Matias Olímpio,"UF + nome normalizado (caixa, acentos e espaços)",pareamento_unico_por_nome_uf
11231,MIGUEL ALVES,PI,miguel alves,2206209,Miguel Alves,"UF + nome normalizado (caixa, acentos e espaços)",pareamento_unico_por_nome_uf
11258,MIGUEL LEÃO,PI,miguel leao,2206308,Miguel Leão,"UF + nome normalizado (caixa, acentos e espaços)",pareamento_unico_por_nome_uf
11274,MONSENHOR GIL,PI,monsenhor gil,2206407,Monsenhor Gil,"UF + nome normalizado (caixa, acentos e espaços)",pareamento_unico_por_nome_uf
11290,MONSENHOR HIPÓLITO,PI,monsenhor hipolito,2206506,Monsenhor Hipólito,"UF + nome normalizado (caixa, acentos e espaços)",pareamento_unico_por_nome_uf
11312,MONTE ALEGRE DO PIAUÍ,PI,monte alegre do piaui,2206605,Monte Alegre do Piauí,"UF + nome normalizado (caixa, acentos e espaços)",pareamento_unico_por_nome_uf
11339,NAZARÉ DO PIAUÍ,PI,nazare do piaui,2206704,Nazaré do Piauí,"UF + nome normalizado (caixa, acentos e espaços)",pareamento_unico_por_nome_uf
11355,NOSSA SENHORA DOS REMÉDIOS,PI,nossa senhora dos remedios,2206803,Nossa Senhora dos Remédios,"UF + nome normalizado (caixa, acentos e espaços)",pareamento_unico_por_nome_uf
11371,NOVO ORIENTE DO PIAUÍ,PI,novo oriente do piaui,2206902,Novo Oriente do Piauí,"UF + nome normalizado (caixa, acentos e espaços)",pareamento_unico_por_nome_uf
11398,OEIRAS,PI,oeiras,2207009,Oeiras,"UF + nome normalizado (caixa, acentos e espaços)",pareamento_unico_por_nome_uf
11410,DOMINGOS MOURÃO,PI,domingos mourao,2203420,Domingos Mourão,"UF + nome normalizado (caixa, acentos e espaços)",pareamento_unico_por_nome_uf
11436,PADRE MARCOS,PI,padre marcos,2207207,Padre Marcos,"UF + nome normalizado (caixa, acentos e espaços)",pareamento_unico_por_nome_uf
11452,PAES LANDIM,PI,paes landim,2207306,Paes Landim,"UF + nome normalizado (caixa, acentos e espaços)",pareamento_unico_por_nome_uf
11479,PALMEIRA DO PIAUÍ,PI,palmeira do piaui,2207405,Palmeira do Piauí,"UF + nome normalizado (caixa, acentos e espaços)",pareamento_unico_por_nome_uf
11495,PALMEIRAIS,PI,palmeirais,2207504,Palmeirais,"UF + nome normalizado (caixa, acentos e espaços)",pareamento_unico_por_nome_uf
11517,PARNAGUÁ,PI,parnagua,2207603,Parnaguá,"UF + nome normalizado (caixa, acentos e espaços)",pareamento_unico_por_nome_uf
11533,PARNAÍBA,PI,parnaiba,2207702,Parnaíba,"UF + nome normalizado (caixa, acentos e espaços)",pareamento_unico_por_nome_uf
11550,PAULISTANA,PI,paulistana,2207801,Paulistana,"UF + nome normalizado (caixa, acentos e espaços)",pareamento_unico_por_nome_uf
11576,PEDRO II,PI,pedro ii,2207900,Pedro II,"UF + nome normalizado (caixa, acentos e espaços)",pareamento_unico_por_nome_uf
11592,PICOS,PI,picos,2208007,Picos,"UF + nome normalizado (caixa, acentos e espaços)",pareamento_unico_por_nome_uf
11614,PIMENTEIRAS,PI,pimenteiras,2208106,Pimenteiras,"UF + nome normalizado (caixa, acentos e espaços)",pareamento_unico_por_nome_uf
11630,PIO IX,PI,pio ix,2208205,Pio IX,"UF + nome normalizado (caixa, acentos e espaços)",pareamento_unico_por_nome_uf
11657,PIRACURUCA,PI,piracuruca,2208304,Piracuruca,"UF + nome normalizado (caixa, acentos e espaços)",pareamento_unico_por_nome_uf
11673,PIRIPIRI,PI,piripiri,2208403,Piripiri,"UF + nome normalizado (caixa, acentos e espaços)",pareamento_unico_por_nome_uf
11690,PORTO,PI,porto,2208502,Porto,"UF + nome normalizado (caixa, acentos e espaços)",pareamento_unico_por_nome_uf
11711,PRATA DO PIAUÍ,PI,prata do piaui,2208601,Prata do Piauí,"UF + nome normalizado (caixa, acentos e espaços)",pareamento_unico_por_nome_uf
11738,REDENÇÃO DO GURGUÉIA,PI,redencao do gurgueia,2208700,Redenção do Gurguéia,"UF + nome normalizado (caixa, acentos e espaços)",pareamento_unico_por_nome_uf
11754,REGENERAÇÃO,PI,regeneracao,2208809,Regeneração,"UF + nome normalizado (caixa, acentos e espaços)",pareamento_unico_por_nome_uf
11770,RIBEIRO GONÇALVES,PI,ribeiro goncalves,2208908,Ribeiro Gonçalves,"UF + nome normalizado (caixa, acentos e espaços)",pareamento_unico_por_nome_uf
11797,RIO GRANDE DO PIAUÍ,PI,rio grande do piaui,2209005,Rio Grande do Piauí,"UF + nome normalizado (caixa, acentos e espaços)",pareamento_unico_por_nome_uf
11819,SANTA CRUZ DO PIAUÍ,PI,santa cruz do piaui,2209104,Santa Cruz do Piauí,"UF + nome normalizado (caixa, acentos e espaços)",pareamento_unico_por_nome_uf
11835,SANTA FILOMENA,PI,santa filomena,2209203,Santa Filomena,"UF + nome normalizado (caixa, acentos e espaços)",pareamento_unico_por_nome_uf
11851,SANTA LUZ,PI,santa luz,2209302,Santa Luz,"UF + nome normalizado (caixa, acentos e espaços)",pareamento_unico_por_nome_uf
11878,SANTO ANTÔNIO DE LISBOA,PI,santo antonio de lisboa,2209401,Santo Antônio de Lisboa,"UF + nome normalizado (caixa, acentos e espaços)",pareamento_unico_por_nome_uf
11894,SANTO INÁCIO DO PIAUÍ,PI,santo inacio do piaui,2209500,Santo Inácio do Piauí,"UF + nome normalizado (caixa, acentos e espaços)",pareamento_unico_por_nome_uf
11916,SÃO FÉLIX DO PIAUÍ,PI,sao felix do piaui,2209609,São Félix do Piauí,"UF + nome normalizado (caixa, acentos e espaços)",pareamento_unico_por_nome_uf
11932,SÃO FRANCISCO DO PIAUÍ,PI,sao francisco do piaui,2209708,São Francisco do Piauí,"UF + nome normalizado (caixa, acentos e espaços)",pareamento_unico_por_nome_uf
11959,SÃO GONÇALO DO PIAUÍ,PI,sao goncalo do piaui,2209807,São Gonçalo do Piauí,"UF + nome normalizado (caixa, acentos e espaços)",pareamento_unico_por_nome_uf
11975,SÃO JOÃO DA SERRA,PI,sao joao da serra,2209906,São João da Serra,"UF + nome normalizado (caixa, acentos e espaços)",pareamento_unico_por_nome_uf
11991,SÃO JOÃO DO PIAUÍ,PI,sao joao do piaui,2210003,São João do Piauí,"UF + nome normalizado (caixa, acentos e espaços)",pareamento_unico_por_nome_uf
12009,SÃO JOÃO DA FRONTEIRA,PI,sao joao da fronteira,2209872,São João da Fronteira,"UF + nome normalizado (caixa, acentos e espaços)",pareamento_unico_por_nome_uf
12017,SÃO JOSÉ DO PEIXE,PI,sao jose do peixe,2210102,São José do Peixe,"UF + nome normalizado (caixa, acentos e espaços)",pareamento_unico_por_nome_uf
12025,SÃO JOÃO DA VARJOTA,PI,sao joao da varjota,2209955,São João da Varjota,"UF + nome normalizado (caixa, acentos e espaços)",pareamento_unico_por_nome_uf
12033,SÃO JOSÉ DO PIAUÍ,PI,sao jose do piaui,2210201,São José do Piauí,"UF + nome normalizado (caixa, acentos e espaços)",pareamento_unico_por_nome_uf
12041,SEBASTIÃO BARROS,PI,sebastiao barros,2210623,Sebastião Barros,"UF + nome normalizado (caixa, acentos e espaços)",pareamento_unico_por_nome_uf
12050,SÃO JULIÃO,PI,sao juliao,2210300,São Julião,"UF + nome normalizado (caixa, acentos e espaços)",pareamento_unico_por_nome_uf
12068,SEBASTIÃO LEAL,PI,sebastiao leal,2210631,Sebastião Leal,"UF + nome normalizado (caixa, acentos e espaços)",pareamento_unico_por_nome_uf
12076,SÃO MIGUEL DO TAPUIO,PI,sao miguel do tapuio,2210409,São Miguel do Tapuio,"UF + nome normalizado (caixa, acentos e espaços)",pareamento_unico_por_nome_uf
12084,ALVORADA DO GURGUÉIA,PI,alvorada do gurgueia,2200459,Alvorada do Gurguéia,"UF + nome normalizado (caixa, acentos e espaços)",pareamento_unico_por_nome_uf
12092,SÃO PEDRO DO PIAUÍ,PI,sao pedro do piaui,2210508,São Pedro do Piauí,"UF + nome normalizado (caixa, acentos e espaços)",pareamento_unico_por_nome_uf
12106,ASSUNÇÃO DO PIAUÍ,PI,assuncao do piaui,2201051,Assunção do Piauí,"UF + nome normalizado (caixa, acentos e espaços)",pareamento_unico_por_nome_uf
12114,SÃO RAIMUNDO NONATO,PI,sao raimundo nonato,2210607,São Raimundo Nonato,"UF + nome normalizado (caixa, acentos e espaços)",pareamento_unico_por_nome_uf
12122,BETÂNIA DO PIAUÍ,PI,betania do piaui,2201739,Betânia do Piauí,"UF + nome normalizado (caixa, acentos e espaços)",pareamento_unico_por_nome_uf
12130,SIMÕES,PI,simoes,2210706,Simões,"UF + nome normalizado (caixa, acentos e espaços)",pareamento_unico_por_nome_uf
12149,BOQUEIRÃO DO PIAUÍ,PI,boqueirao do piaui,2201945,Boqueirão do Piauí,"UF + nome normalizado (caixa, acentos e espaços)",pareamento_unico_por_nome_uf
12157,SIMPLÍCIO MENDES,PI,simplicio mendes,2210805,Simplício Mendes,"UF + nome normalizado (caixa, acentos e espaços)",pareamento_unico_por_nome_uf
12165,CARIDADE DO PIAUÍ,PI,caridade do piaui,2202554,Caridade do Piauí,"UF + nome normalizado (caixa, acentos e espaços)",pareamento_unico_por_nome_uf
12173,SOCORRO DO PIAUÍ,PI,socorro do piaui,2210904,Socorro do Piauí,"UF + nome normalizado (caixa, acentos e espaços)",pareamento_unico_por_nome_uf
12181,CURRAL NOVO DO PIAUÍ,PI,curral novo do piaui,2203271,Curral Novo do Piauí,"UF + nome normalizado (caixa, acentos e espaços)",pareamento_unico_por_nome_uf
12190,TERESINA,PI,teresina,2211001,Teresina,"UF + nome normalizado (caixa, acentos e espaços)",pareamento_unico_por_nome_uf
12203,JÚLIO BORGES,PI,julio borges,2205524,Júlio Borges,"UF + nome normalizado (caixa, acentos e espaços)",pareamento_unico_por_nome_uf
12211,UNIÃO,PI,uniao,2211100,União,"UF + nome normalizado (caixa, acentos e espaços)",pareamento_unico_por_nome_uf
12220,LAGOA DO SÍTIO,PI,lagoa do sitio,2205599,Lagoa do Sítio,"UF + nome normalizado (caixa, acentos e espaços)",pareamento_unico_por_nome_uf
12238,URUÇUÍ,PI,urucui,2211209,Uruçuí,"UF + nome normalizado (caixa, acentos e espaços)",pareamento_unico_por_nome_uf
12246,MILTON BRANDÃO,PI,milton brandao,2206357,Milton Brandão,"UF + nome normalizado (caixa, acentos e espaços)",pareamento_unico_por_nome_uf
12254,VALENÇA DO PIAUÍ,PI,valenca do piaui,2211308,Valença do Piauí,"UF + nome normalizado (caixa, acentos e espaços)",pareamento_unico_por_nome_uf
12262,PAJEÚ DO PIAUÍ,PI,pajeu do piaui,2207355,Pajeú do Piauí,"UF + nome normalizado (caixa, acentos e espaços)",pareamento_unico_por_nome_uf
12270,VÁRZEA GRANDE,PI,varzea grande,2211407,Várzea Grande,"UF + nome normalizado (caixa, acentos e espaços)",pareamento_unico_por_nome_uf
12289,PAVUSSU,PI,pavussu,2207850,Pavussu,"UF + nome normalizado (caixa, acentos e espaços)",pareamento_unico_por_nome_uf
12297,DIRCEU ARCOVERDE,PI,dirceu arcoverde,2203354,Dirceu Arcoverde,"UF + nome normalizado (caixa, acentos e espaços)",pareamento_unico_por_nome_uf
12300,RIACHO FRIO,PI,riacho frio,2208858,Riacho Frio,"UF + nome normalizado (caixa, acentos e espaços)",pareamento_unico_por_nome_uf
12319,ALAGOINHA DO PIAUÍ,PI,alagoinha do piaui,2200251,Alagoinha do Piauí,"UF + nome normalizado (caixa, acentos e espaços)",pareamento_unico_por_nome_uf
12327,ACAUÃ,PI,acaua,2200053,Acauã,"UF + nome normalizado (caixa, acentos e espaços)",pareamento_unico_por_nome_uf
12335,BELÉM DO PIAUÍ,PI,belem do piaui,2201572,Belém do Piauí,"UF + nome normalizado (caixa, acentos e espaços)",pareamento_unico_por_nome_uf
12343,CAJAZEIRAS DO PIAUÍ,PI,cajazeiras do piaui,2202075,Cajazeiras do Piauí,"UF + nome normalizado (caixa, acentos e espaços)",pareamento_unico_por_nome_uf
12351,CAMPO ALEGRE DO FIDALGO,PI,campo alegre do fidalgo,2202117,Campo Alegre do Fidalgo,"UF + nome normalizado (caixa, acentos e espaços)",pareamento_unico_por_nome_uf
12360,COCAL DE TELHA,PI,cocal de telha,2202711,Cocal de Telha,"UF + nome normalizado (caixa, acentos e espaços)",pareamento_unico_por_nome_uf
12378,FRANCISCO MACEDO,PI,francisco macedo,2204154,Francisco Macedo,"UF + nome normalizado (caixa, acentos e espaços)",pareamento_unico_por_nome_uf
12386,JOÃO COSTA,PI,joao costa,2205359,João Costa,"UF + nome normalizado (caixa, acentos e espaços)",pareamento_unico_por_nome_uf
12394,JATOBÁ DO PIAUÍ,PI,jatoba do piaui,2205276,Jatobá do Piauí,"UF + nome normalizado (caixa, acentos e espaços)",pareamento_unico_por_nome_uf
12408,JOCA MARQUES,PI,joca marques,2205458,Joca Marques,"UF + nome normalizado (caixa, acentos e espaços)",pareamento_unico_por_nome_uf
12416,JUAZEIRO DO PIAUÍ,PI,juazeiro do piaui,2205516,Juazeiro do Piauí,"UF + nome normalizado (caixa, acentos e espaços)",pareamento_unico_por_nome_uf
12424,LAGOA DO PIAUÍ,PI,lagoa do piaui,2205581,Lagoa do Piauí,"UF + nome normalizado (caixa, acentos e espaços)",pareamento_unico_por_nome_uf
12432,LAGOINHA DO PIAUÍ,PI,lagoinha do piaui,2205540,Lagoinha do Piauí,"UF + nome normalizado (caixa, acentos e espaços)",pareamento_unico_por_nome_uf
12440,MADEIRO,PI,madeiro,2205854,Madeiro,"UF + nome normalizado (caixa, acentos e espaços)",pareamento_unico_por_nome_uf
12459,MORRO DO CHAPÉU DO PIAUÍ,PI,morro do chapeu do piaui,2206670,Morro do Chapéu do Piauí,"UF + nome normalizado (caixa, acentos e espaços)",pareamento_unico_por_nome_uf
12467,MASSAPÊ DO PIAUÍ,PI,massape do piaui,2206050,Massapê do Piauí,"UF + nome normalizado (caixa, acentos e espaços)",pareamento_unico_por_nome_uf
12475,MURICI DOS PORTELAS,PI,murici dos portelas,2206696,Murici dos Portelas,"UF + nome normalizado (caixa, acentos e espaços)",pareamento_unico_por_nome_uf
12483,OLHO D ÁGUA DO PIAUÍ,PI,olho d agua do piaui,,,"UF + nome normalizado (caixa, acentos e espaços)",sem_pareamento_exato
12491,PEDRO LAURENTINO,PI,pedro laurentino,2207934,Pedro Laurentino,"UF + nome normalizado (caixa, acentos e espaços)",pareamento_unico_por_nome_uf
12505,SÃO FRANCISCO DE ASSIS DO PIAUÍ,PI,sao francisco de assis do piaui,2209658,São Francisco de Assis do Piauí,"UF + nome normalizado (caixa, acentos e espaços)",pareamento_unico_por_nome_uf
12513,SUSSUAPARA,PI,sussuapara,2210938,Sussuapara,"UF + nome normalizado (caixa, acentos e espaços)",pareamento_unico_por_nome_uf
12521,TANQUE DO PIAUÍ,PI,tanque do piaui,2210979,Tanque do Piauí,"UF + nome normalizado (caixa, acentos e espaços)",pareamento_unico_por_nome_uf
12530,TAMBORIL DO PIAUÍ,PI,tamboril do piaui,2210953,Tamboril do Piauí,"UF + nome normalizado (caixa, acentos e espaços)",pareamento_unico_por_nome_uf
12548,VILA NOVA DO PIAUÍ,PI,vila nova do piaui,2211605,Vila Nova do Piauí,"UF + nome normalizado (caixa, acentos e espaços)",pareamento_unico_por_nome_uf
12556,VERA MENDES,PI,vera mendes,2211506,Vera Mendes,"UF + nome normalizado (caixa, acentos e espaços)",pareamento_unico_por_nome_uf
12564,WALL FERRAZ,PI,wall ferraz,2211704,Wall Ferraz,"UF + nome normalizado (caixa, acentos e espaços)",pareamento_unico_por_nome_uf
12572,CAJUEIRO DA PRAIA,PI,cajueiro da praia,2202083,Cajueiro da Praia,"UF + nome normalizado (caixa, acentos e espaços)",pareamento_unico_por_nome_uf
12580,CURRALINHOS,PI,curralinhos,2203255,Curralinhos,"UF + nome normalizado (caixa, acentos e espaços)",pareamento_unico_por_nome_uf
12599,PORTO ALEGRE DO PIAUÍ,PI,porto alegre do piaui,2208551,Porto Alegre do Piauí,"UF + nome normalizado (caixa, acentos e espaços)",pareamento_unico_por_nome_uf
12602,RIBEIRA DO PIAUÍ,PI,ribeira do piaui,2208874,Ribeira do Piauí,"UF + nome normalizado (caixa, acentos e espaços)",pareamento_unico_por_nome_uf
12610,SÃO GONÇALO DO GURGUÉIA,PI,sao goncalo do gurgueia,2209757,São Gonçalo do Gurguéia,"UF + nome normalizado (caixa, acentos e espaços)",pareamento_unico_por_nome_uf
12629,SÃO LUIS DO PIAUÍ,PI,sao luis do piaui,2210375,São Luis do Piauí,"UF + nome normalizado (caixa, acentos e espaços)",pareamento_unico_por_nome_uf
12637,FLORESTA DO PIAUÍ,PI,floresta do piaui,2203859,Floresta do Piauí,"UF + nome normalizado (caixa, acentos e espaços)",pareamento_unico_por_nome_uf
12653,SANTO ANTÔNIO DOS MILAGRES,PI,santo antonio dos milagres,2209450,Santo Antônio dos Milagres,"UF + nome normalizado (caixa, acentos e espaços)",pareamento_unico_por_nome_uf
12661,SÃO MIGUEL DA BAIXA GRANDE,PI,sao miguel da baixa grande,2210383,São Miguel da Baixa Grande,"UF + nome normalizado (caixa, acentos e espaços)",pareamento_unico_por_nome_uf
12670,CARAÚBAS DO PIAUÍ,PI,caraubas do piaui,2202539,Caraúbas do Piauí,"UF + nome normalizado (caixa, acentos e espaços)",pareamento_unico_por_nome_uf
12688,CAXINGÓ,PI,caxingo,2202653,Caxingó,"UF + nome normalizado (caixa, acentos e espaços)",pareamento_unico_por_nome_uf
12696,COCAL DOS ALVES,PI,cocal dos alves,2202729,Cocal dos Alves,"UF + nome normalizado (caixa, acentos e espaços)",pareamento_unico_por_nome_uf
12700,SÃO MIGUEL DO FIDALGO,PI,sao miguel do fidalgo,2210391,São Miguel do Fidalgo,"UF + nome normalizado (caixa, acentos e espaços)",pareamento_unico_por_nome_uf
12718,PAU D ARCO DO PIAUÍ,PI,pau d arco do piaui,,,"UF + nome normalizado (caixa, acentos e espaços)",sem_pareamento_exato
12726,NAZÁRIA,PI,nazaria,2206720,Nazária,"UF + nome normalizado (caixa, acentos e espaços)",pareamento_unico_por_nome_uf
12734,AROEIRAS DO ITAIM,PI,aroeiras do itaim,2200954,Aroeiras do Itaim,"UF + nome normalizado (caixa, acentos e espaços)",pareamento_unico_por_nome_uf
74004,GODOY MOREIRA,PR,godoy moreira,4108551,Godoy Moreira,"UF + nome normalizado (caixa, acentos e espaços)",pareamento_unico_por_nome_uf
74012,ABATIÁ,PR,abatia,4100103,Abatiá,"UF + nome normalizado (caixa, acentos e espaços)",pareamento_unico_por_nome_uf
74020,IBEMA,PR,ibema,4109757,Ibema,"UF + nome normalizado (caixa, acentos e espaços)",pareamento_unico_por_nome_uf
74039,ADRIANÓPOLIS,PR,adrianopolis,4100202,Adrianópolis,"UF + nome normalizado (caixa, acentos e espaços)",pareamento_unico_por_nome_uf
74047,LINDOESTE,PR,lindoeste,4113452,Lindoeste,"UF + nome normalizado (caixa, acentos e espaços)",pareamento_unico_por_nome_uf
74055,AGUDOS DO SUL,PR,agudos do sul,4100301,Agudos do Sul,"UF + nome normalizado (caixa, acentos e espaços)",pareamento_unico_por_nome_uf
74063,OURO VERDE DO OESTE,PR,ouro verde do oeste,4117453,Ouro Verde do Oeste,"UF + nome normalizado (caixa, acentos e espaços)",pareamento_unico_por_nome_uf
74071,ALMIRANTE TAMANDARÉ,PR,almirante tamandare,4100400,Almirante Tamandaré,"UF + nome normalizado (caixa, acentos e espaços)",pareamento_unico_por_nome_uf
74080,SANTA TEREZA DO OESTE,PR,santa tereza do oeste,4124020,Santa Tereza do Oeste,"UF + nome normalizado (caixa, acentos e espaços)",pareamento_unico_por_nome_uf
74098,ALTO PARANÁ,PR,alto parana,4100608,Alto Paraná,"UF + nome normalizado (caixa, acentos e espaços)",pareamento_unico_por_nome_uf
74101,ANAHY,PR,anahy,4101051,Anahy,"UF + nome normalizado (caixa, acentos e espaços)",pareamento_unico_por_nome_uf
74110,ALTO PIQUIRI,PR,alto piquiri,4100707,Alto Piquiri,"UF + nome normalizado (caixa, acentos e espaços)",pareamento_unico_por_nome_uf
74128,ÂNGULO,PR,angulo,4101150,Ângulo,"UF + nome normalizado (caixa, acentos e espaços)",pareamento_unico_por_nome_uf
74136,ALVORADA DO SUL,PR,alvorada do sul,4100806,Alvorada do Sul,"UF + nome normalizado (caixa, acentos e espaços)",pareamento_unico_por_nome_uf
74144,BOA ESPERANÇA DO IGUAÇU,PR,boa esperanca do iguacu,4103024,Boa Esperança do Iguaçu,"UF + nome normalizado (caixa, acentos e espaços)",pareamento_unico_por_nome_uf
74152,AMAPORÃ,PR,amapora,4100905,Amaporã,"UF + nome normalizado (caixa, acentos e espaços)",pareamento_unico_por_nome_uf
74160,BOM SUCESSO DO SUL,PR,bom sucesso do sul,4103222,Bom Sucesso do Sul,"UF + nome normalizado (caixa, acentos e espaços)",pareamento_unico_por_nome_uf
74179,AMPÉRE,PR,ampere,4101002,Ampére,"UF + nome normalizado (caixa, acentos e espaços)",pareamento_unico_por_nome_uf
74187,BRASILÂNDIA DO SUL,PR,brasilandia do sul,4103370,Brasilândia do Sul,"UF + nome normalizado (caixa, acentos e espaços)",pareamento_unico_por_nome_uf
74195,ANDIRÁ,PR,andira,4101101,Andirá,"UF + nome normalizado (caixa, acentos e espaços)",pareamento_unico_por_nome_uf
74209,CAFEZAL DO SUL,PR,cafezal do sul,4103479,Cafezal do Sul,"UF + nome normalizado (caixa, acentos e espaços)",pareamento_unico_por_nome_uf
74217,ANTONINA,PR,antonina,4101200,Antonina,"UF + nome normalizado (caixa, acentos e espaços)",pareamento_unico_por_nome_uf
74225,CANDÓI,PR,candoi,4104428,Candói,"UF + nome normalizado (caixa, acentos e espaços)",pareamento_unico_por_nome_uf
74233,ANTONIO OLINTO,PR,antonio olinto,4101309,Antônio Olinto,"UF + nome normalizado (caixa, acentos e espaços)",pareamento_unico_por_nome_uf
74241,CRUZEIRO DO IGUAÇU,PR,cruzeiro do iguacu,4106571,Cruzeiro do Iguaçu,"UF + nome normalizado (caixa, acentos e espaços)",pareamento_unico_por_nome_uf
74250,APUCARANA,PR,apucarana,4101408,Apucarana,"UF + nome normalizado (caixa, acentos e espaços)",pareamento_unico_por_nome_uf
74268,DIAMANTE DO SUL,PR,diamante do sul,4107124,Diamante do Sul,"UF + nome normalizado (caixa, acentos e espaços)",pareamento_unico_por_nome_uf
74276,ARAPONGAS,PR,arapongas,4101507,Arapongas,"UF + nome normalizado (caixa, acentos e espaços)",pareamento_unico_por_nome_uf
74284,ENTRE RIOS DO OESTE,PR,entre rios do oeste,4107538,Entre Rios do Oeste,"UF + nome normalizado (caixa, acentos e espaços)",pareamento_unico_por_nome_uf
74292,ARAPOTI,PR,arapoti,4101606,Arapoti,"UF + nome normalizado (caixa, acentos e espaços)",pareamento_unico_por_nome_uf
74306,FAROL,PR,farol,4107553,Farol,"UF + nome normalizado (caixa, acentos e espaços)",pareamento_unico_por_nome_uf
74314,ARARUNA,PR,araruna,4101705,Araruna,"UF + nome normalizado (caixa, acentos e espaços)",pareamento_unico_por_nome_uf
74322,FAZENDA RIO GRANDE,PR,fazenda rio grande,4107652,Fazenda Rio Grande,"UF + nome normalizado (caixa, acentos e espaços)",pareamento_unico_por_nome_uf
74330,MARILÂNDIA DO SUL,PR,marilandia do sul,4114906,Marilândia do Sul,"UF + nome normalizado (caixa, acentos e espaços)",pareamento_unico_por_nome_uf
74349,FLOR DA SERRA DO SUL,PR,flor da serra do sul,4107850,Flor da Serra do Sul,"UF + nome normalizado (caixa, acentos e espaços)",pareamento_unico_por_nome_uf
74357,ARAUCÁRIA,PR,araucaria,4101804,Araucária,"UF + nome normalizado (caixa, acentos e espaços)",pareamento_unico_por_nome_uf
74365,HONÓRIO SERPA,PR,honorio serpa,4109658,Honório Serpa,"UF + nome normalizado (caixa, acentos e espaços)",pareamento_unico_por_nome_uf
74373,ASSAÍ,PR,assai,4101903,Assaí,"UF + nome normalizado (caixa, acentos e espaços)",pareamento_unico_por_nome_uf
74381,IGUATU,PR,iguatu,4110052,Iguatu,"UF + nome normalizado (caixa, acentos e espaços)",pareamento_unico_por_nome_uf
74390,ASTORGA,PR,astorga,4102109,Astorga,"UF + nome normalizado (caixa, acentos e espaços)",pareamento_unico_por_nome_uf
74403,IRACEMA DO OESTE,PR,iracema do oeste,4110656,Iracema do Oeste,"UF + nome normalizado (caixa, acentos e espaços)",pareamento_unico_por_nome_uf
74411,ATALAIA,PR,atalaia,4102208,Atalaia,"UF + nome normalizado (caixa, acentos e espaços)",pareamento_unico_por_nome_uf
74420,NOVO ITACOLOMI,PR,novo itacolomi,4117297,Novo Itacolomi,"UF + nome normalizado (caixa, acentos e espaços)",pareamento_unico_por_nome_uf
74438,BALSA NOVA,PR,balsa nova,4102307,Balsa Nova,"UF + nome normalizado (caixa, acentos e espaços)",pareamento_unico_por_nome_uf
74446,ITAPERUÇU,PR,itaperucu,4111258,Itaperuçu,"UF + nome normalizado (caixa, acentos e espaços)",pareamento_unico_por_nome_uf
74454,BANDEIRANTES,PR,bandeirantes,4102406,Bandeirantes,"UF + nome normalizado (caixa, acentos e espaços)",pareamento_unico_por_nome_uf
74462,IVATÉ,PR,ivate,4111555,Ivaté,"UF + nome normalizado (caixa, acentos e espaços)",pareamento_unico_por_nome_uf
74470,BARBOSA FERRAZ,PR,barbosa ferraz,4102505,Barbosa Ferraz,"UF + nome normalizado (caixa, acentos e espaços)",pareamento_unico_por_nome_uf
74489,LIDIANÓPOLIS,PR,lidianopolis,4113429,Lidianópolis,"UF + nome normalizado (caixa, acentos e espaços)",pareamento_unico_por_nome_uf
74497,BARRACÃO,PR,barracao,4102604,Barracão,"UF + nome normalizado (caixa, acentos e espaços)",pareamento_unico_por_nome_uf
74500,MARIPÁ,PR,maripa,4115358,Maripá,"UF + nome normalizado (caixa, acentos e espaços)",pareamento_unico_por_nome_uf
74519,BARRA DO JACARÉ,PR,barra do jacare,4102703,Barra do Jacaré,"UF + nome normalizado (caixa, acentos e espaços)",pareamento_unico_por_nome_uf
74527,MATO RICO,PR,mato rico,4115739,Mato Rico,"UF + nome normalizado (caixa, acentos e espaços)",pareamento_unico_por_nome_uf
74535,BELA VISTA DO PARAÍSO,PR,bela vista do paraiso,4102802,Bela Vista do Paraíso,"UF + nome normalizado (caixa, acentos e espaços)",pareamento_unico_por_nome_uf
74543,MAUÁ DA SERRA,PR,maua da serra,4115754,Mauá da Serra,"UF + nome normalizado (caixa, acentos e espaços)",pareamento_unico_por_nome_uf
74551,BITURUNA,PR,bituruna,4102901,Bituruna,"UF + nome normalizado (caixa, acentos e espaços)",pareamento_unico_por_nome_uf
74560,MERCEDES,PR,mercedes,4115853,Mercedes,"UF + nome normalizado (caixa, acentos e espaços)",pareamento_unico_por_nome_uf
74578,BOA ESPERANÇA,PR,boa esperanca,4103008,Boa Esperança,"UF + nome normalizado (caixa, acentos e espaços)",pareamento_unico_por_nome_uf
74586,NOVA LARANJEIRAS,PR,nova laranjeiras,4117057,Nova Laranjeiras,"UF + nome normalizado (caixa, acentos e espaços)",pareamento_unico_por_nome_uf
74594,BOCAIÚVA DO SUL,PR,bocaiuva do sul,4103107,Bocaiúva do Sul,"UF + nome normalizado (caixa, acentos e espaços)",pareamento_unico_por_nome_uf
74608,NOVA SANTA BÁRBARA,PR,nova santa barbara,4117214,Nova Santa Bárbara,"UF + nome normalizado (caixa, acentos e espaços)",pareamento_unico_por_nome_uf
74616,BOM SUCESSO,PR,bom sucesso,4103206,Bom Sucesso,"UF + nome normalizado (caixa, acentos e espaços)",pareamento_unico_por_nome_uf
74624,PATO BRAGADO,PR,pato bragado,4118451,Pato Bragado,"UF + nome normalizado (caixa, acentos e espaços)",pareamento_unico_por_nome_uf
74632,BORRAZÓPOLIS,PR,borrazopolis,4103305,Borrazópolis,"UF + nome normalizado (caixa, acentos e espaços)",pareamento_unico_por_nome_uf
74640,PINHAL DE SÃO BENTO,PR,pinhal de sao bento,4119251,Pinhal de São Bento,"UF + nome normalizado (caixa, acentos e espaços)",pareamento_unico_por_nome_uf
74659,CAFEARA,PR,cafeara,4103404,Cafeara,"UF + nome normalizado (caixa, acentos e espaços)",pareamento_unico_por_nome_uf
74667,PITANGUEIRAS,PR,pitangueiras,4119657,Pitangueiras,"UF + nome normalizado (caixa, acentos e espaços)",pareamento_unico_por_nome_uf
74675,CALIFÓRNIA,PR,california,4103503,Califórnia,"UF + nome normalizado (caixa, acentos e espaços)",pareamento_unico_por_nome_uf
74683,QUATRO PONTES,PR,quatro pontes,4120853,Quatro Pontes,"UF + nome normalizado (caixa, acentos e espaços)",pareamento_unico_por_nome_uf
74691,CAMBARÁ,PR,cambara,4103602,Cambará,"UF + nome normalizado (caixa, acentos e espaços)",pareamento_unico_por_nome_uf
74705,RAMILÂNDIA,PR,ramilandia,4121257,Ramilândia,"UF + nome normalizado (caixa, acentos e espaços)",pareamento_unico_por_nome_uf
74713,CAMBÉ,PR,cambe,4103701,Cambé,"UF + nome normalizado (caixa, acentos e espaços)",pareamento_unico_por_nome_uf
74721,RANCHO ALEGRE D OESTE,PR,rancho alegre d oeste,,,"UF + nome normalizado (caixa, acentos e espaços)",sem_pareamento_exato
74730,CAMBIRA,PR,cambira,4103800,Cambira,"UF + nome normalizado (caixa, acentos e espaços)",pareamento_unico_por_nome_uf
74748,RIO BONITO DO IGUAÇU,PR,rio bonito do iguacu,4122156,Rio Bonito do Iguaçu,"UF + nome normalizado (caixa, acentos e espaços)",pareamento_unico_por_nome_uf
74756,CAMPINA DA LAGOA,PR,campina da lagoa,4103909,Campina da Lagoa,"UF + nome normalizado (caixa, acentos e espaços)",pareamento_unico_por_nome_uf
74764,SANTA LÚCIA,PR,santa lucia,4123824,Santa Lúcia,"UF + nome normalizado (caixa, acentos e espaços)",pareamento_unico_por_nome_uf
74772,CAMPINA GRANDE DO SUL,PR,campina grande do sul,4104006,Campina Grande do Sul,"UF + nome normalizado (caixa, acentos e espaços)",pareamento_unico_por_nome_uf
74780,CAMPO BONITO,PR,campo bonito,4104055,Campo Bonito,"UF + nome normalizado (caixa, acentos e espaços)",pareamento_unico_por_nome_uf
74799,CAMPO DO TENENTE,PR,campo do tenente,4104105,Campo do Tenente,"UF + nome normalizado (caixa, acentos e espaços)",pareamento_unico_por_nome_uf
74802,SANTA MARIA DO OESTE,PR,santa maria do oeste,4123857,Santa Maria do Oeste,"UF + nome normalizado (caixa, acentos e espaços)",pareamento_unico_por_nome_uf
74810,CAMPO LARGO,PR,campo largo,4104204,Campo Largo,"UF + nome normalizado (caixa, acentos e espaços)",pareamento_unico_por_nome_uf
74829,SANTA MÔNICA,PR,santa monica,4123956,Santa Mônica,"UF + nome normalizado (caixa, acentos e espaços)",pareamento_unico_por_nome_uf
74837,CAMPO MOURÃO,PR,campo mourao,4104303,Campo Mourão,"UF + nome normalizado (caixa, acentos e espaços)",pareamento_unico_por_nome_uf
74845,SÃO MANOEL DO PARANÁ,PR,sao manoel do parana,4125555,São Manoel do Paraná,"UF + nome normalizado (caixa, acentos e espaços)",pareamento_unico_por_nome_uf
74853,CÂNDIDO DE ABREU,PR,candido de abreu,4104402,Cândido de Abreu,"UF + nome normalizado (caixa, acentos e espaços)",pareamento_unico_por_nome_uf
74861,SÃO PEDRO DO IGUAÇU,PR,sao pedro do iguacu,4125753,São Pedro do Iguaçu,"UF + nome normalizado (caixa, acentos e espaços)",pareamento_unico_por_nome_uf
74870,CAPANEMA,PR,capanema,4104501,Capanema,"UF + nome normalizado (caixa, acentos e espaços)",pareamento_unico_por_nome_uf
74888,TUNAS DO PARANÁ,PR,tunas do parana,4127882,Tunas do Paraná,"UF + nome normalizado (caixa, acentos e espaços)",pareamento_unico_por_nome_uf
74896,CAPITÃO LEÔNIDAS MARQUES,PR,capitao leonidas marques,4104600,Capitão Leônidas Marques,"UF + nome normalizado (caixa, acentos e espaços)",pareamento_unico_por_nome_uf
74900,VENTANIA,PR,ventania,4128534,Ventania,"UF + nome normalizado (caixa, acentos e espaços)",pareamento_unico_por_nome_uf
74918,CARLÓPOLIS,PR,carlopolis,4104709,Carlópolis,"UF + nome normalizado (caixa, acentos e espaços)",pareamento_unico_por_nome_uf
74926,ALTO PARAÍSO,PR,alto paraiso,4128625,Alto Paraíso,"UF + nome normalizado (caixa, acentos e espaços)",pareamento_unico_por_nome_uf
74934,CASCAVEL,PR,cascavel,4104808,Cascavel,"UF + nome normalizado (caixa, acentos e espaços)",pareamento_unico_por_nome_uf
74942,DOUTOR ULYSSES,PR,doutor ulysses,4128633,Doutor Ulysses,"UF + nome normalizado (caixa, acentos e espaços)",pareamento_unico_por_nome_uf
74950,CASTRO,PR,castro,4104907,Castro,"UF + nome normalizado (caixa, acentos e espaços)",pareamento_unico_por_nome_uf
74969,VIRMOND,PR,virmond,4128658,Virmond,"UF + nome normalizado (caixa, acentos e espaços)",pareamento_unico_por_nome_uf
74977,CATANDUVAS,PR,catanduvas,4105003,Catanduvas,"UF + nome normalizado (caixa, acentos e espaços)",pareamento_unico_por_nome_uf
74985,LARANJAL,PR,laranjal,4113254,Laranjal,"UF + nome normalizado (caixa, acentos e espaços)",pareamento_unico_por_nome_uf
74993,CENTENÁRIO DO SUL,PR,centenario do sul,4105102,Centenário do Sul,"UF + nome normalizado (caixa, acentos e espaços)",pareamento_unico_por_nome_uf
75000,ITAIPULÂNDIA,PR,itaipulandia,4110953,Itaipulândia,"UF + nome normalizado (caixa, acentos e espaços)",pareamento_unico_por_nome_uf
75019,CERRO AZUL,PR,cerro azul,4105201,Cerro Azul,"UF + nome normalizado (caixa, acentos e espaços)",pareamento_unico_por_nome_uf
75027,NOVA ESPERANÇA DO SUDOESTE,PR,nova esperanca do sudoeste,4116950,Nova Esperança do Sudoeste,"UF + nome normalizado (caixa, acentos e espaços)",pareamento_unico_por_nome_uf
75035,CHOPINZINHO,PR,chopinzinho,4105409,Chopinzinho,"UF + nome normalizado (caixa, acentos e espaços)",pareamento_unico_por_nome_uf
75043,PINHAIS,PR,pinhais,4119152,Pinhais,"UF + nome normalizado (caixa, acentos e espaços)",pareamento_unico_por_nome_uf
75051,CIANORTE,PR,cianorte,4105508,Cianorte,"UF + nome normalizado (caixa, acentos e espaços)",pareamento_unico_por_nome_uf
75060,SAUDADE DO IGUAÇU,PR,saudade do iguacu,4126272,Saudade do Iguaçu,"UF + nome normalizado (caixa, acentos e espaços)",pareamento_unico_por_nome_uf
75078,CIDADE GAÚCHA,PR,cidade gaucha,4105607,Cidade Gaúcha,"UF + nome normalizado (caixa, acentos e espaços)",pareamento_unico_por_nome_uf
75086,ARIRANHA DO IVAÍ,PR,ariranha do ivai,4101853,Ariranha do Ivaí,"UF + nome normalizado (caixa, acentos e espaços)",pareamento_unico_por_nome_uf
75094,CLEVELÂNDIA,PR,clevelandia,4105706,Clevelândia,"UF + nome normalizado (caixa, acentos e espaços)",pareamento_unico_por_nome_uf
75108,ARAPUÃ,PR,arapua,4101655,Arapuã,"UF + nome normalizado (caixa, acentos e espaços)",pareamento_unico_por_nome_uf
75116,MANGUEIRINHA,PR,mangueirinha,4114401,Mangueirinha,"UF + nome normalizado (caixa, acentos e espaços)",pareamento_unico_por_nome_uf
75124,BELA VISTA DA CAROBA,PR,bela vista da caroba,4102752,Bela Vista da Caroba,"UF + nome normalizado (caixa, acentos e espaços)",pareamento_unico_por_nome_uf
75132,COLOMBO,PR,colombo,4105805,Colombo,"UF + nome normalizado (caixa, acentos e espaços)",pareamento_unico_por_nome_uf
75140,BOA VENTURA DE SÃO ROQUE,PR,boa ventura de sao roque,4103040,Boa Ventura de São Roque,"UF + nome normalizado (caixa, acentos e espaços)",pareamento_unico_por_nome_uf
75159,COLORADO,PR,colorado,4105904,Colorado,"UF + nome normalizado (caixa, acentos e espaços)",pareamento_unico_por_nome_uf
75167,BOM JESUS DO SUL,PR,bom jesus do sul,4103156,Bom Jesus do Sul,"UF + nome normalizado (caixa, acentos e espaços)",pareamento_unico_por_nome_uf
75175,CONGONHINHAS,PR,congonhinhas,4106001,Congonhinhas,"UF + nome normalizado (caixa, acentos e espaços)",pareamento_unico_por_nome_uf
75183,CAMPINA DO SIMÃO,PR,campina do simao,4103958,Campina do Simão,"UF + nome normalizado (caixa, acentos e espaços)",pareamento_unico_por_nome_uf
75191,CONSELHEIRO MAIRINCK,PR,conselheiro mairinck,4106100,Conselheiro Mairinck,"UF + nome normalizado (caixa, acentos e espaços)",pareamento_unico_por_nome_uf
75205,CAMPO MAGRO,PR,campo magro,4104253,Campo Magro,"UF + nome normalizado (caixa, acentos e espaços)",pareamento_unico_por_nome_uf
75213,CONTENDA,PR,contenda,4106209,Contenda,"UF + nome normalizado (caixa, acentos e espaços)",pareamento_unico_por_nome_uf
75221,CARAMBEÍ,PR,carambei,4104659,Carambeí,"UF + nome normalizado (caixa, acentos e espaços)",pareamento_unico_por_nome_uf
75230,CORBÉLIA,PR,corbelia,4106308,Corbélia,"UF + nome normalizado (caixa, acentos e espaços)",pareamento_unico_por_nome_uf
75248,CORONEL DOMINGOS SOARES,PR,coronel domingos soares,4106456,Coronel Domingos Soares,"UF + nome normalizado (caixa, acentos e espaços)",pareamento_unico_por_nome_uf
75256,CORNÉLIO PROCÓPIO,PR,cornelio procopio,4106407,Cornélio Procópio,"UF + nome normalizado (caixa, acentos e espaços)",pareamento_unico_por_nome_uf
75264,CRUZMALTINA,PR,cruzmaltina,4106852,Cruzmaltina,"UF + nome normalizado (caixa, acentos e espaços)",pareamento_unico_por_nome_uf
75272,CORONEL VIVIDA,PR,coronel vivida,4106506,Coronel Vivida,"UF + nome normalizado (caixa, acentos e espaços)",pareamento_unico_por_nome_uf
75280,CORUMBATAÍ DO SUL,PR,corumbatai do sul,4106555,Corumbataí do Sul,"UF + nome normalizado (caixa, acentos e espaços)",pareamento_unico_por_nome_uf
75299,CRUZEIRO DO OESTE,PR,cruzeiro do oeste,4106605,Cruzeiro do Oeste,"UF + nome normalizado (caixa, acentos e espaços)",pareamento_unico_por_nome_uf
75302,ESPERANÇA NOVA,PR,esperanca nova,4107520,Esperança Nova,"UF + nome normalizado (caixa, acentos e espaços)",pareamento_unico_por_nome_uf
75310,CRUZEIRO DO SUL,PR,cruzeiro do sul,4106704,Cruzeiro do Sul,"UF + nome normalizado (caixa, acentos e espaços)",pareamento_unico_por_nome_uf
75329,ESPIGÃO ALTO DO IGUAÇU,PR,espigao alto do iguacu,4107546,Espigão Alto do Iguaçu,"UF + nome normalizado (caixa, acentos e espaços)",pareamento_unico_por_nome_uf
75337,CRUZ MACHADO,PR,cruz machado,4106803,Cruz Machado,"UF + nome normalizado (caixa, acentos e espaços)",pareamento_unico_por_nome_uf
75345,FERNANDES PINHEIRO,PR,fernandes pinheiro,4107736,Fernandes Pinheiro,"UF + nome normalizado (caixa, acentos e espaços)",pareamento_unico_por_nome_uf
75353,CURITIBA,PR,curitiba,4106902,Curitiba,"UF + nome normalizado (caixa, acentos e espaços)",pareamento_unico_por_nome_uf
75361,FOZ DO JORDÃO,PR,foz do jordao,4108452,Foz do Jordão,"UF + nome normalizado (caixa, acentos e espaços)",pareamento_unico_por_nome_uf
75370,CURIÚVA,PR,curiuva,4107009,Curiúva,"UF + nome normalizado (caixa, acentos e espaços)",pareamento_unico_por_nome_uf
75388,GOIOXIM,PR,goioxim,4108650,Goioxim,"UF + nome normalizado (caixa, acentos e espaços)",pareamento_unico_por_nome_uf
75396,DIAMANTE DO NORTE,PR,diamante do norte,4107108,Diamante do Norte,"UF + nome normalizado (caixa, acentos e espaços)",pareamento_unico_por_nome_uf
75400,DIAMANTE D OESTE,PR,diamante d oeste,,,"UF + nome normalizado (caixa, acentos e espaços)",sem_pareamento_exato
75418,DOIS VIZINHOS,PR,dois vizinhos,4107207,Dois Vizinhos,"UF + nome normalizado (caixa, acentos e espaços)",pareamento_unico_por_nome_uf
75426,GUAMIRANGA,PR,guamiranga,4108957,Guamiranga,"UF + nome normalizado (caixa, acentos e espaços)",pareamento_unico_por_nome_uf
75434,DOUTOR CAMARGO,PR,doutor camargo,4107306,Doutor Camargo,"UF + nome normalizado (caixa, acentos e espaços)",pareamento_unico_por_nome_uf
75442,IMBAÚ,PR,imbau,4110078,Imbaú,"UF + nome normalizado (caixa, acentos e espaços)",pareamento_unico_por_nome_uf
75450,ENÉAS MARQUES,PR,eneas marques,4107405,Enéas Marques,"UF + nome normalizado (caixa, acentos e espaços)",pareamento_unico_por_nome_uf
75469,MANFRINÓPOLIS,PR,manfrinopolis,4114351,Manfrinópolis,"UF + nome normalizado (caixa, acentos e espaços)",pareamento_unico_por_nome_uf
75477,ENGENHEIRO BELTRÃO,PR,engenheiro beltrao,4107504,Engenheiro Beltrão,"UF + nome normalizado (caixa, acentos e espaços)",pareamento_unico_por_nome_uf
75485,MARQUINHO,PR,marquinho,4115457,Marquinho,"UF + nome normalizado (caixa, acentos e espaços)",pareamento_unico_por_nome_uf
75493,FAXINAL,PR,faxinal,4107603,Faxinal,"UF + nome normalizado (caixa, acentos e espaços)",pareamento_unico_por_nome_uf
75507,PEROBAL,PR,perobal,4118857,Perobal,"UF + nome normalizado (caixa, acentos e espaços)",pareamento_unico_por_nome_uf
75515,FÊNIX,PR,fenix,4107702,Fênix,"UF + nome normalizado (caixa, acentos e espaços)",pareamento_unico_por_nome_uf
75523,PONTAL DO PARANÁ,PR,pontal do parana,4119954,Pontal do Paraná,"UF + nome normalizado (caixa, acentos e espaços)",pareamento_unico_por_nome_uf
75531,FLORAÍ,PR,florai,4107801,Floraí,"UF + nome normalizado (caixa, acentos e espaços)",pareamento_unico_por_nome_uf
75540,PORTO BARREIRO,PR,porto barreiro,4120150,Porto Barreiro,"UF + nome normalizado (caixa, acentos e espaços)",pareamento_unico_por_nome_uf
75558,FLORESTA,PR,floresta,4107900,Floresta,"UF + nome normalizado (caixa, acentos e espaços)",pareamento_unico_por_nome_uf
75566,PRADO FERREIRA,PR,prado ferreira,4120333,Prado Ferreira,"UF + nome normalizado (caixa, acentos e espaços)",pareamento_unico_por_nome_uf
75574,FLORESTÓPOLIS,PR,florestopolis,4108007,Florestópolis,"UF + nome normalizado (caixa, acentos e espaços)",pareamento_unico_por_nome_uf
75582,QUARTO CENTENÁRIO,PR,quarto centenario,4120655,Quarto Centenário,"UF + nome normalizado (caixa, acentos e espaços)",pareamento_unico_por_nome_uf
75590,FLÓRIDA,PR,florida,4108106,Flórida,"UF + nome normalizado (caixa, acentos e espaços)",pareamento_unico_por_nome_uf
75604,RESERVA DO IGUAÇU,PR,reserva do iguacu,4121752,Reserva do Iguaçu,"UF + nome normalizado (caixa, acentos e espaços)",pareamento_unico_por_nome_uf
75612,FORMOSA DO OESTE,PR,formosa do oeste,4108205,Formosa do Oeste,"UF + nome normalizado (caixa, acentos e espaços)",pareamento_unico_por_nome_uf
75620,RIO BRANCO DO IVAÍ,PR,rio branco do ivai,4122172,Rio Branco do Ivaí,"UF + nome normalizado (caixa, acentos e espaços)",pareamento_unico_por_nome_uf
75639,FOZ DO IGUAÇU,PR,foz do iguacu,4108304,Foz do Iguaçu,"UF + nome normalizado (caixa, acentos e espaços)",pareamento_unico_por_nome_uf
75647,SERRANÓPOLIS DO IGUAÇU,PR,serranopolis do iguacu,4126355,Serranópolis do Iguaçu,"UF + nome normalizado (caixa, acentos e espaços)",pareamento_unico_por_nome_uf
75655,FRANCISCO BELTRÃO,PR,francisco beltrao,4108403,Francisco Beltrão,"UF + nome normalizado (caixa, acentos e espaços)",pareamento_unico_por_nome_uf
75663,TAMARANA,PR,tamarana,4126678,Tamarana,"UF + nome normalizado (caixa, acentos e espaços)",pareamento_unico_por_nome_uf
75671,GENERAL CARNEIRO,PR,general carneiro,4108502,General Carneiro,"UF + nome normalizado (caixa, acentos e espaços)",pareamento_unico_por_nome_uf
75698,GOIOERÊ,PR,goioere,4108601,Goioerê,"UF + nome normalizado (caixa, acentos e espaços)",pareamento_unico_por_nome_uf
75710,GUAÍRA,PR,guaira,4108809,Guaíra,"UF + nome normalizado (caixa, acentos e espaços)",pareamento_unico_por_nome_uf
75736,GUAIRAÇÁ,PR,guairaca,4108908,Guairaçá,"UF + nome normalizado (caixa, acentos e espaços)",pareamento_unico_por_nome_uf
75744,ROSÁRIO DO IVAÍ,PR,rosario do ivai,4122651,Rosário do Ivaí,"UF + nome normalizado (caixa, acentos e espaços)",pareamento_unico_por_nome_uf
75752,GUAPIRAMA,PR,guapirama,4109005,Guapirama,"UF + nome normalizado (caixa, acentos e espaços)",pareamento_unico_por_nome_uf
75760,NOVA TEBAS,PR,nova tebas,4117271,Nova Tebas,"UF + nome normalizado (caixa, acentos e espaços)",pareamento_unico_por_nome_uf
75779,GUAPOREMA,PR,guaporema,4109104,Guaporema,"UF + nome normalizado (caixa, acentos e espaços)",pareamento_unico_por_nome_uf
75787,SULINA,PR,sulina,4126652,Sulina,"UF + nome normalizado (caixa, acentos e espaços)",pareamento_unico_por_nome_uf
75795,GUARACI,PR,guaraci,4109203,Guaraci,"UF + nome normalizado (caixa, acentos e espaços)",pareamento_unico_por_nome_uf
75809,LUIZIANA,PR,luiziana,4113734,Luiziana,"UF + nome normalizado (caixa, acentos e espaços)",pareamento_unico_por_nome_uf
75817,GUARANIAÇU,PR,guaraniacu,4109302,Guaraniaçu,"UF + nome normalizado (caixa, acentos e espaços)",pareamento_unico_por_nome_uf
75833,GUARAPUAVA,PR,guarapuava,4109401,Guarapuava,"UF + nome normalizado (caixa, acentos e espaços)",pareamento_unico_por_nome_uf
75850,GUARAQUEÇABA,PR,guaraquecaba,4109500,Guaraqueçaba,"UF + nome normalizado (caixa, acentos e espaços)",pareamento_unico_por_nome_uf
75876,GUARATUBA,PR,guaratuba,4109609,Guaratuba,"UF + nome normalizado (caixa, acentos e espaços)",pareamento_unico_por_nome_uf
75892,IBAITI,PR,ibaiti,4109708,Ibaiti,"UF + nome normalizado (caixa, acentos e espaços)",pareamento_unico_por_nome_uf
75914,IBIPORÃ,PR,ibipora,4109807,Ibiporã,"UF + nome normalizado (caixa, acentos e espaços)",pareamento_unico_por_nome_uf
75930,ICARAÍMA,PR,icaraima,4109906,Icaraíma,"UF + nome normalizado (caixa, acentos e espaços)",pareamento_unico_por_nome_uf
75957,IGUARAÇU,PR,iguaracu,4110003,Iguaraçu,"UF + nome normalizado (caixa, acentos e espaços)",pareamento_unico_por_nome_uf
75973,IMBITUVA,PR,imbituva,4110102,Imbituva,"UF + nome normalizado (caixa, acentos e espaços)",pareamento_unico_por_nome_uf
75990,INÁCIO MARTINS,PR,inacio martins,4110201,Inácio Martins,"UF + nome normalizado (caixa, acentos e espaços)",pareamento_unico_por_nome_uf
76015,INAJÁ,PR,inaja,4110300,Inajá,"UF + nome normalizado (caixa, acentos e espaços)",pareamento_unico_por_nome_uf
76031,IPIRANGA,PR,ipiranga,4110508,Ipiranga,"UF + nome normalizado (caixa, acentos e espaços)",pareamento_unico_por_nome_uf
76058,IPORÃ,PR,ipora,4110607,Iporã,"UF + nome normalizado (caixa, acentos e espaços)",pareamento_unico_por_nome_uf
76074,IRATI,PR,irati,4110706,Irati,"UF + nome normalizado (caixa, acentos e espaços)",pareamento_unico_por_nome_uf
76090,IRETAMA,PR,iretama,4110805,Iretama,"UF + nome normalizado (caixa, acentos e espaços)",pareamento_unico_por_nome_uf
76112,ITAGUAJÉ,PR,itaguaje,4110904,Itaguajé,"UF + nome normalizado (caixa, acentos e espaços)",pareamento_unico_por_nome_uf
76139,ITAMBARACÁ,PR,itambaraca,4111001,Itambaracá,"UF + nome normalizado (caixa, acentos e espaços)",pareamento_unico_por_nome_uf
76155,ITAMBÉ,PR,itambe,4111100,Itambé,"UF + nome normalizado (caixa, acentos e espaços)",pareamento_unico_por_nome_uf
76171,ITAPEJARA D OESTE,PR,itapejara d oeste,,,"UF + nome normalizado (caixa, acentos e espaços)",sem_pareamento_exato
76198,ITAÚNA DO SUL,PR,itauna do sul,4111308,Itaúna do Sul,"UF + nome normalizado (caixa, acentos e espaços)",pareamento_unico_por_nome_uf
76210,IVAÍ,PR,ivai,4111407,Ivaí,"UF + nome normalizado (caixa, acentos e espaços)",pareamento_unico_por_nome_uf
76236,IVAIPORÃ,PR,ivaipora,4111506,Ivaiporã,"UF + nome normalizado (caixa, acentos e espaços)",pareamento_unico_por_nome_uf
76252,IVATUBA,PR,ivatuba,4111605,Ivatuba,"UF + nome normalizado (caixa, acentos e espaços)",pareamento_unico_por_nome_uf
76279,JABOTI,PR,jaboti,4111704,Jaboti,"UF + nome normalizado (caixa, acentos e espaços)",pareamento_unico_por_nome_uf
76295,JACAREZINHO,PR,jacarezinho,4111803,Jacarezinho,"UF + nome normalizado (caixa, acentos e espaços)",pareamento_unico_por_nome_uf
76317,JAGUAPITÃ,PR,jaguapita,4111902,Jaguapitã,"UF + nome normalizado (caixa, acentos e espaços)",pareamento_unico_por_nome_uf
76333,JAGUARIAÍVA,PR,jaguariaiva,4112009,Jaguariaíva,"UF + nome normalizado (caixa, acentos e espaços)",pareamento_unico_por_nome_uf
76350,JANDAIA DO SUL,PR,jandaia do sul,4112108,Jandaia do Sul,"UF + nome normalizado (caixa, acentos e espaços)",pareamento_unico_por_nome_uf
76376,JANIÓPOLIS,PR,janiopolis,4112207,Janiópolis,"UF + nome normalizado (caixa, acentos e espaços)",pareamento_unico_por_nome_uf
76392,JAPIRA,PR,japira,4112306,Japira,"UF + nome normalizado (caixa, acentos e espaços)",pareamento_unico_por_nome_uf
76414,JAPURÁ,PR,japura,4112405,Japurá,"UF + nome normalizado (caixa, acentos e espaços)",pareamento_unico_por_nome_uf
76430,JARDIM ALEGRE,PR,jardim alegre,4112504,Jardim Alegre,"UF + nome normalizado (caixa, acentos e espaços)",pareamento_unico_por_nome_uf
76457,JARDIM OLINDA,PR,jardim olinda,4112603,Jardim Olinda,"UF + nome normalizado (caixa, acentos e espaços)",pareamento_unico_por_nome_uf
76473,JATAIZINHO,PR,jataizinho,4112702,Jataizinho,"UF + nome normalizado (caixa, acentos e espaços)",pareamento_unico_por_nome_uf
76490,JOAQUIM TÁVORA,PR,joaquim tavora,4112801,Joaquim Távora,"UF + nome normalizado (caixa, acentos e espaços)",pareamento_unico_por_nome_uf
76511,JUNDIAÍ DO SUL,PR,jundiai do sul,4112900,Jundiaí do Sul,"UF + nome normalizado (caixa, acentos e espaços)",pareamento_unico_por_nome_uf
76538,JUSSARA,PR,jussara,4113007,Jussara,"UF + nome normalizado (caixa, acentos e espaços)",pareamento_unico_por_nome_uf
76554,KALORÉ,PR,kalore,4113106,Kaloré,"UF + nome normalizado (caixa, acentos e espaços)",pareamento_unico_por_nome_uf
76570,LAPA,PR,lapa,4113205,Lapa,"UF + nome normalizado (caixa, acentos e espaços)",pareamento_unico_por_nome_uf
76597,LARANJEIRAS DO SUL,PR,laranjeiras do sul,4113304,Laranjeiras do Sul,"UF + nome normalizado (caixa, acentos e espaços)",pareamento_unico_por_nome_uf
76619,LEÓPOLIS,PR,leopolis,4113403,Leópolis,"UF + nome normalizado (caixa, acentos e espaços)",pareamento_unico_por_nome_uf
76635,LOANDA,PR,loanda,4113502,Loanda,"UF + nome normalizado (caixa, acentos e espaços)",pareamento_unico_por_nome_uf
76651,LOBATO,PR,lobato,4113601,Lobato,"UF + nome normalizado (caixa, acentos e espaços)",pareamento_unico_por_nome_uf
76678,LONDRINA,PR,londrina,4113700,Londrina,"UF + nome normalizado (caixa, acentos e espaços)",pareamento_unico_por_nome_uf
76694,LUPIONÓPOLIS,PR,lupionopolis,4113809,Lupionópolis,"UF + nome normalizado (caixa, acentos e espaços)",pareamento_unico_por_nome_uf
76716,MALLET,PR,mallet,4113908,Mallet,"UF + nome normalizado (caixa, acentos e espaços)",pareamento_unico_por_nome_uf
76732,MAMBORÊ,PR,mambore,4114005,Mamborê,"UF + nome normalizado (caixa, acentos e espaços)",pareamento_unico_por_nome_uf
76759,MANDAGUAÇU,PR,mandaguacu,4114104,Mandaguaçu,"UF + nome normalizado (caixa, acentos e espaços)",pareamento_unico_por_nome_uf
76775,MANDAGUARI,PR,mandaguari,4114203,Mandaguari,"UF + nome normalizado (caixa, acentos e espaços)",pareamento_unico_por_nome_uf
76791,MANDIRITUBA,PR,mandirituba,4114302,Mandirituba,"UF + nome normalizado (caixa, acentos e espaços)",pareamento_unico_por_nome_uf
76813,MANOEL RIBAS,PR,manoel ribas,4114500,Manoel Ribas,"UF + nome normalizado (caixa, acentos e espaços)",pareamento_unico_por_nome_uf
76830,MARECHAL CÂNDIDO RONDON,PR,marechal candido rondon,4114609,Marechal Cândido Rondon,"UF + nome normalizado (caixa, acentos e espaços)",pareamento_unico_por_nome_uf
76856,MARIA HELENA,PR,maria helena,4114708,Maria Helena,"UF + nome normalizado (caixa, acentos e espaços)",pareamento_unico_por_nome_uf
76872,MARIALVA,PR,marialva,4114807,Marialva,"UF + nome normalizado (caixa, acentos e espaços)",pareamento_unico_por_nome_uf
76899,MARILUZ,PR,mariluz,4115101,Mariluz,"UF + nome normalizado (caixa, acentos e espaços)",pareamento_unico_por_nome_uf
76910,MARINGÁ,PR,maringa,4115200,Maringá,"UF + nome normalizado (caixa, acentos e espaços)",pareamento_unico_por_nome_uf
76937,MARIÓPOLIS,PR,mariopolis,4115309,Mariópolis,"UF + nome normalizado (caixa, acentos e espaços)",pareamento_unico_por_nome_uf
76953,MARMELEIRO,PR,marmeleiro,4115408,Marmeleiro,"UF + nome normalizado (caixa, acentos e espaços)",pareamento_unico_por_nome_uf
76970,MARUMBI,PR,marumbi,4115507,Marumbi,"UF + nome normalizado (caixa, acentos e espaços)",pareamento_unico_por_nome_uf
76996,MATELÂNDIA,PR,matelandia,4115606,Matelândia,"UF + nome normalizado (caixa, acentos e espaços)",pareamento_unico_por_nome_uf
77011,MEDIANEIRA,PR,medianeira,4115804,Medianeira,"UF + nome normalizado (caixa, acentos e espaços)",pareamento_unico_por_nome_uf
77038,MIRADOR,PR,mirador,4115903,Mirador,"UF + nome normalizado (caixa, acentos e espaços)",pareamento_unico_por_nome_uf
77054,MIRASELVA,PR,miraselva,4116000,Miraselva,"UF + nome normalizado (caixa, acentos e espaços)",pareamento_unico_por_nome_uf
77070,MOREIRA SALES,PR,moreira sales,4116109,Moreira Sales,"UF + nome normalizado (caixa, acentos e espaços)",pareamento_unico_por_nome_uf
77097,MORRETES,PR,morretes,4116208,Morretes,"UF + nome normalizado (caixa, acentos e espaços)",pareamento_unico_por_nome_uf
77119,MUNHOZ DE MELO,PR,munhoz de melo,4116307,Munhoz de Melo,"UF + nome normalizado (caixa, acentos e espaços)",pareamento_unico_por_nome_uf
77135,NOSSA SENHORA DAS GRAÇAS,PR,nossa senhora das gracas,4116406,Nossa Senhora das Graças,"UF + nome normalizado (caixa, acentos e espaços)",pareamento_unico_por_nome_uf
77151,NOVA ALIANÇA DO IVAÍ,PR,nova alianca do ivai,4116505,Nova Aliança do Ivaí,"UF + nome normalizado (caixa, acentos e espaços)",pareamento_unico_por_nome_uf
77178,NOVA AMÉRICA DA COLINA,PR,nova america da colina,4116604,Nova América da Colina,"UF + nome normalizado (caixa, acentos e espaços)",pareamento_unico_por_nome_uf
77194,NOVA CANTU,PR,nova cantu,4116802,Nova Cantu,"UF + nome normalizado (caixa, acentos e espaços)",pareamento_unico_por_nome_uf
77216,NOVA ESPERANÇA,PR,nova esperanca,4116901,Nova Esperança,"UF + nome normalizado (caixa, acentos e espaços)",pareamento_unico_por_nome_uf
77232,NOVA FÁTIMA,PR,nova fatima,4117008,Nova Fátima,"UF + nome normalizado (caixa, acentos e espaços)",pareamento_unico_por_nome_uf
77259,NOVA LONDRINA,PR,nova londrina,4117107,Nova Londrina,"UF + nome normalizado (caixa, acentos e espaços)",pareamento_unico_por_nome_uf
77275,ORTIGUEIRA,PR,ortigueira,4117305,Ortigueira,"UF + nome normalizado (caixa, acentos e espaços)",pareamento_unico_por_nome_uf
77291,OURIZONA,PR,ourizona,4117404,Ourizona,"UF + nome normalizado (caixa, acentos e espaços)",pareamento_unico_por_nome_uf
77313,PAIÇANDU,PR,paicandu,4117503,Paiçandu,"UF + nome normalizado (caixa, acentos e espaços)",pareamento_unico_por_nome_uf
77330,PALMAS,PR,palmas,4117602,Palmas,"UF + nome normalizado (caixa, acentos e espaços)",pareamento_unico_por_nome_uf
77356,PALMEIRA,PR,palmeira,4117701,Palmeira,"UF + nome normalizado (caixa, acentos e espaços)",pareamento_unico_por_nome_uf
77372,PALMITAL,PR,palmital,4117800,Palmital,"UF + nome normalizado (caixa, acentos e espaços)",pareamento_unico_por_nome_uf
77399,PALOTINA,PR,palotina,4117909,Palotina,"UF + nome normalizado (caixa, acentos e espaços)",pareamento_unico_por_nome_uf
77410,PARAÍSO DO NORTE,PR,paraiso do norte,4118006,Paraíso do Norte,"UF + nome normalizado (caixa, acentos e espaços)",pareamento_unico_por_nome_uf
77437,PARANACITY,PR,paranacity,4118105,Paranacity,"UF + nome normalizado (caixa, acentos e espaços)",pareamento_unico_por_nome_uf
77453,PARANAGUÁ,PR,paranagua,4118204,Paranaguá,"UF + nome normalizado (caixa, acentos e espaços)",pareamento_unico_por_nome_uf
77470,PARANAPOEMA,PR,paranapoema,4118303,Paranapoema,"UF + nome normalizado (caixa, acentos e espaços)",pareamento_unico_por_nome_uf
77496,PARANAVAÍ,PR,paranavai,4118402,Paranavaí,"UF + nome normalizado (caixa, acentos e espaços)",pareamento_unico_por_nome_uf
77518,PATO BRANCO,PR,pato branco,4118501,Pato Branco,"UF + nome normalizado (caixa, acentos e espaços)",pareamento_unico_por_nome_uf
77534,PAULA FREITAS,PR,paula freitas,4118600,Paula Freitas,"UF + nome normalizado (caixa, acentos e espaços)",pareamento_unico_por_nome_uf
77550,PAULO FRONTIN,PR,paulo frontin,4118709,Paulo Frontin,"UF + nome normalizado (caixa, acentos e espaços)",pareamento_unico_por_nome_uf
77577,PEABIRU,PR,peabiru,4118808,Peabiru,"UF + nome normalizado (caixa, acentos e espaços)",pareamento_unico_por_nome_uf
77593,PÉROLA D OESTE,PR,perola d oeste,,,"UF + nome normalizado (caixa, acentos e espaços)",sem_pareamento_exato
77615,PIÊN,PR,pien,4119103,Piên,"UF + nome normalizado (caixa, acentos e espaços)",pareamento_unico_por_nome_uf
77631,PINHALÃO,PR,pinhalao,4119202,Pinhalão,"UF + nome normalizado (caixa, acentos e espaços)",pareamento_unico_por_nome_uf
77658,PINHÃO,PR,pinhao,4119301,Pinhão,"UF + nome normalizado (caixa, acentos e espaços)",pareamento_unico_por_nome_uf
77674,PIRAÍ DO SUL,PR,pirai do sul,4119400,Piraí do Sul,"UF + nome normalizado (caixa, acentos e espaços)",pareamento_unico_por_nome_uf
77690,PIRAQUARA,PR,piraquara,4119509,Piraquara,"UF + nome normalizado (caixa, acentos e espaços)",pareamento_unico_por_nome_uf
77712,PITANGA,PR,pitanga,4119608,Pitanga,"UF + nome normalizado (caixa, acentos e espaços)",pareamento_unico_por_nome_uf
77739,PLANALTINA DO PARANÁ,PR,planaltina do parana,4119707,Planaltina do Paraná,"UF + nome normalizado (caixa, acentos e espaços)",pareamento_unico_por_nome_uf
77755,PLANALTO,PR,planalto,4119806,Planalto,"UF + nome normalizado (caixa, acentos e espaços)",pareamento_unico_por_nome_uf
77771,PONTA GROSSA,PR,ponta grossa,4119905,Ponta Grossa,"UF + nome normalizado (caixa, acentos e espaços)",pareamento_unico_por_nome_uf
77798,PORECATU,PR,porecatu,4120002,Porecatu,"UF + nome normalizado (caixa, acentos e espaços)",pareamento_unico_por_nome_uf
77810,PORTO AMAZONAS,PR,porto amazonas,4120101,Porto Amazonas,"UF + nome normalizado (caixa, acentos e espaços)",pareamento_unico_por_nome_uf
77836,PORTO RICO,PR,porto rico,4120200,Porto Rico,"UF + nome normalizado (caixa, acentos e espaços)",pareamento_unico_por_nome_uf
77852,PORTO VITÓRIA,PR,porto vitoria,4120309,Porto Vitória,"UF + nome normalizado (caixa, acentos e espaços)",pareamento_unico_por_nome_uf
77879,PRESIDENTE CASTELO BRANCO,PR,presidente castelo branco,4120408,Presidente Castelo Branco,"UF + nome normalizado (caixa, acentos e espaços)",pareamento_unico_por_nome_uf
77895,PRIMEIRO DE MAIO,PR,primeiro de maio,4120507,Primeiro de Maio,"UF + nome normalizado (caixa, acentos e espaços)",pareamento_unico_por_nome_uf
77917,PRUDENTÓPOLIS,PR,prudentopolis,4120606,Prudentópolis,"UF + nome normalizado (caixa, acentos e espaços)",pareamento_unico_por_nome_uf
77933,QUATIGUÁ,PR,quatigua,4120705,Quatiguá,"UF + nome normalizado (caixa, acentos e espaços)",pareamento_unico_por_nome_uf
77950,QUATRO BARRAS,PR,quatro barras,4120804,Quatro Barras,"UF + nome normalizado (caixa, acentos e espaços)",pareamento_unico_por_nome_uf
77976,QUERÊNCIA DO NORTE,PR,querencia do norte,4121000,Querência do Norte,"UF + nome normalizado (caixa, acentos e espaços)",pareamento_unico_por_nome_uf
77992,QUINTA DO SOL,PR,quinta do sol,4121109,Quinta do Sol,"UF + nome normalizado (caixa, acentos e espaços)",pareamento_unico_por_nome_uf
78018,QUITANDINHA,PR,quitandinha,4121208,Quitandinha,"UF + nome normalizado (caixa, acentos e espaços)",pareamento_unico_por_nome_uf
78034,RANCHO ALEGRE,PR,rancho alegre,4121307,Rancho Alegre,"UF + nome normalizado (caixa, acentos e espaços)",pareamento_unico_por_nome_uf
78050,REALEZA,PR,realeza,4121406,Realeza,"UF + nome normalizado (caixa, acentos e espaços)",pareamento_unico_por_nome_uf
78077,REBOUÇAS,PR,reboucas,4121505,Rebouças,"UF + nome normalizado (caixa, acentos e espaços)",pareamento_unico_por_nome_uf
78093,RENASCENÇA,PR,renascenca,4121604,Renascença,"UF + nome normalizado (caixa, acentos e espaços)",pareamento_unico_por_nome_uf
78115,RESERVA,PR,reserva,4121703,Reserva,"UF + nome normalizado (caixa, acentos e espaços)",pareamento_unico_por_nome_uf
78131,RIBEIRÃO CLARO,PR,ribeirao claro,4121802,Ribeirão Claro,"UF + nome normalizado (caixa, acentos e espaços)",pareamento_unico_por_nome_uf
78158,RIBEIRÃO DO PINHAL,PR,ribeirao do pinhal,4121901,Ribeirão do Pinhal,"UF + nome normalizado (caixa, acentos e espaços)",pareamento_unico_por_nome_uf
78174,RIO AZUL,PR,rio azul,4122008,Rio Azul,"UF + nome normalizado (caixa, acentos e espaços)",pareamento_unico_por_nome_uf
78190,RIO BOM,PR,rio bom,4122107,Rio Bom,"UF + nome normalizado (caixa, acentos e espaços)",pareamento_unico_por_nome_uf
78212,RIO BRANCO DO SUL,PR,rio branco do sul,4122206,Rio Branco do Sul,"UF + nome normalizado (caixa, acentos e espaços)",pareamento_unico_por_nome_uf
78239,RIO NEGRO,PR,rio negro,4122305,Rio Negro,"UF + nome normalizado (caixa, acentos e espaços)",pareamento_unico_por_nome_uf
78255,ROLÂNDIA,PR,rolandia,4122404,Rolândia,"UF + nome normalizado (caixa, acentos e espaços)",pareamento_unico_por_nome_uf
78271,RONCADOR,PR,roncador,4122503,Roncador,"UF + nome normalizado (caixa, acentos e espaços)",pareamento_unico_por_nome_uf
78298,RONDON,PR,rondon,4122602,Rondon,"UF + nome normalizado (caixa, acentos e espaços)",pareamento_unico_por_nome_uf
78310,SABÁUDIA,PR,sabaudia,4122701,Sabáudia,"UF + nome normalizado (caixa, acentos e espaços)",pareamento_unico_por_nome_uf
78336,SALGADO FILHO,PR,salgado filho,4122800,Salgado Filho,"UF + nome normalizado (caixa, acentos e espaços)",pareamento_unico_por_nome_uf
78352,SALTO DO ITARARÉ,PR,salto do itarare,4122909,Salto do Itararé,"UF + nome normalizado (caixa, acentos e espaços)",pareamento_unico_por_nome_uf
78379,SALTO DO LONTRA,PR,salto do lontra,4123006,Salto do Lontra,"UF + nome normalizado (caixa, acentos e espaços)",pareamento_unico_por_nome_uf
78395,SANTA AMÉLIA,PR,santa amelia,4123105,Santa Amélia,"UF + nome normalizado (caixa, acentos e espaços)",pareamento_unico_por_nome_uf
78417,SANTA CECÍLIA DO PAVÃO,PR,santa cecilia do pavao,4123204,Santa Cecília do Pavão,"UF + nome normalizado (caixa, acentos e espaços)",pareamento_unico_por_nome_uf
78433,SANTA CRUZ DE MONTE CASTELO,PR,santa cruz de monte castelo,4123303,Santa Cruz de Monte Castelo,"UF + nome normalizado (caixa, acentos e espaços)",pareamento_unico_por_nome_uf
78450,SANTA FÉ,PR,santa fe,4123402,Santa Fé,"UF + nome normalizado (caixa, acentos e espaços)",pareamento_unico_por_nome_uf
78476,SANTA INÊS,PR,santa ines,4123600,Santa Inês,"UF + nome normalizado (caixa, acentos e espaços)",pareamento_unico_por_nome_uf
78492,SANTA ISABEL DO IVAÍ,PR,santa isabel do ivai,4123709,Santa Isabel do Ivaí,"UF + nome normalizado (caixa, acentos e espaços)",pareamento_unico_por_nome_uf
78514,SANTA IZABEL DO OESTE,PR,santa izabel do oeste,4123808,Santa Izabel do Oeste,"UF + nome normalizado (caixa, acentos e espaços)",pareamento_unico_por_nome_uf
78530,SANTA MARIANA,PR,santa mariana,4123907,Santa Mariana,"UF + nome normalizado (caixa, acentos e espaços)",pareamento_unico_por_nome_uf
78557,SANTANA DO ITARARÉ,PR,santana do itarare,4124004,Santana do Itararé,"UF + nome normalizado (caixa, acentos e espaços)",pareamento_unico_por_nome_uf
78573,SANTO ANTÔNIO DO SUDOESTE,PR,santo antonio do sudoeste,4124400,Santo Antônio do Sudoeste,"UF + nome normalizado (caixa, acentos e espaços)",pareamento_unico_por_nome_uf
78590,SANTO ANTÔNIO DA PLATINA,PR,santo antonio da platina,4124103,Santo Antônio da Platina,"UF + nome normalizado (caixa, acentos e espaços)",pareamento_unico_por_nome_uf
78611,SANTO ANTONIO DO CAIUÁ,PR,santo antonio do caiua,4124202,Santo Antônio do Caiuá,"UF + nome normalizado (caixa, acentos e espaços)",pareamento_unico_por_nome_uf
78638,SANTO ANTÔNIO DO PARAÍSO,PR,santo antonio do paraiso,4124301,Santo Antônio do Paraíso,"UF + nome normalizado (caixa, acentos e espaços)",pareamento_unico_por_nome_uf
78654,SANTO INÁCIO,PR,santo inacio,4124509,Santo Inácio,"UF + nome normalizado (caixa, acentos e espaços)",pareamento_unico_por_nome_uf
78670,SÃO CARLOS DO IVAÍ,PR,sao carlos do ivai,4124608,São Carlos do Ivaí,"UF + nome normalizado (caixa, acentos e espaços)",pareamento_unico_por_nome_uf
78697,SÃO JERÔNIMO DA SERRA,PR,sao jeronimo da serra,4124707,São Jerônimo da Serra,"UF + nome normalizado (caixa, acentos e espaços)",pareamento_unico_por_nome_uf
78719,SÃO JOÃO,PR,sao joao,4124806,São João,"UF + nome normalizado (caixa, acentos e espaços)",pareamento_unico_por_nome_uf
78735,SÃO JOÃO DO CAIUÁ,PR,sao joao do caiua,4124905,São João do Caiuá,"UF + nome normalizado (caixa, acentos e espaços)",pareamento_unico_por_nome_uf
78751,SÃO JOÃO DO IVAÍ,PR,sao joao do ivai,4125001,São João do Ivaí,"UF + nome normalizado (caixa, acentos e espaços)",pareamento_unico_por_nome_uf
78778,SÃO JOÃO DO TRIUNFO,PR,sao joao do triunfo,4125100,São João do Triunfo,"UF + nome normalizado (caixa, acentos e espaços)",pareamento_unico_por_nome_uf
78794,SÃO JORGE DO IVAÍ,PR,sao jorge do ivai,4125308,São Jorge do Ivaí,"UF + nome normalizado (caixa, acentos e espaços)",pareamento_unico_por_nome_uf
78816,SÃO JORGE D OESTE,PR,sao jorge d oeste,,,"UF + nome normalizado (caixa, acentos e espaços)",sem_pareamento_exato
78832,SÃO JOSÉ DA BOA VISTA,PR,sao jose da boa vista,4125407,São José da Boa Vista,"UF + nome normalizado (caixa, acentos e espaços)",pareamento_unico_por_nome_uf
78859,SÃO JOSÉ DOS PINHAIS,PR,sao jose dos pinhais,4125506,São José dos Pinhais,"UF + nome normalizado (caixa, acentos e espaços)",pareamento_unico_por_nome_uf
78875,SÃO MATEUS DO SUL,PR,sao mateus do sul,4125605,São Mateus do Sul,"UF + nome normalizado (caixa, acentos e espaços)",pareamento_unico_por_nome_uf
78891,SÃO MIGUEL DO IGUAÇU,PR,sao miguel do iguacu,4125704,São Miguel do Iguaçu,"UF + nome normalizado (caixa, acentos e espaços)",pareamento_unico_por_nome_uf
78913,SÃO PEDRO DO IVAÍ,PR,sao pedro do ivai,4125803,São Pedro do Ivaí,"UF + nome normalizado (caixa, acentos e espaços)",pareamento_unico_por_nome_uf
78930,SÃO PEDRO DO PARANÁ,PR,sao pedro do parana,4125902,São Pedro do Paraná,"UF + nome normalizado (caixa, acentos e espaços)",pareamento_unico_por_nome_uf
78956,SÃO SEBASTIÃO DA AMOREIRA,PR,sao sebastiao da amoreira,4126009,São Sebastião da Amoreira,"UF + nome normalizado (caixa, acentos e espaços)",pareamento_unico_por_nome_uf
78972,SÃO TOMÉ,PR,sao tome,4126108,São Tomé,"UF + nome normalizado (caixa, acentos e espaços)",pareamento_unico_por_nome_uf
78999,SAPOPEMA,PR,sapopema,4126207,Sapopema,"UF + nome normalizado (caixa, acentos e espaços)",pareamento_unico_por_nome_uf
79014,SENGÉS,PR,senges,4126306,Sengés,"UF + nome normalizado (caixa, acentos e espaços)",pareamento_unico_por_nome_uf
79030,SERTANEJA,PR,sertaneja,4126405,Sertaneja,"UF + nome normalizado (caixa, acentos e espaços)",pareamento_unico_por_nome_uf
79057,SERTANÓPOLIS,PR,sertanopolis,4126504,Sertanópolis,"UF + nome normalizado (caixa, acentos e espaços)",pareamento_unico_por_nome_uf
79073,SIQUEIRA CAMPOS,PR,siqueira campos,4126603,Siqueira Campos,"UF + nome normalizado (caixa, acentos e espaços)",pareamento_unico_por_nome_uf
79090,TAMBOARA,PR,tamboara,4126702,Tamboara,"UF + nome normalizado (caixa, acentos e espaços)",pareamento_unico_por_nome_uf
79111,TAPEJARA,PR,tapejara,4126801,Tapejara,"UF + nome normalizado (caixa, acentos e espaços)",pareamento_unico_por_nome_uf
79138,TEIXEIRA SOARES,PR,teixeira soares,4127007,Teixeira Soares,"UF + nome normalizado (caixa, acentos e espaços)",pareamento_unico_por_nome_uf
79154,TELÊMACO BORBA,PR,telemaco borba,4127106,Telêmaco Borba,"UF + nome normalizado (caixa, acentos e espaços)",pareamento_unico_por_nome_uf
79170,TERRA BOA,PR,terra boa,4127205,Terra Boa,"UF + nome normalizado (caixa, acentos e espaços)",pareamento_unico_por_nome_uf
79197,TERRA RICA,PR,terra rica,4127304,Terra Rica,"UF + nome normalizado (caixa, acentos e espaços)",pareamento_unico_por_nome_uf
79219,TERRA ROXA,PR,terra roxa,4127403,Terra Roxa,"UF + nome normalizado (caixa, acentos e espaços)",pareamento_unico_por_nome_uf
79235,TIBAGI,PR,tibagi,4127502,Tibagi,"UF + nome normalizado (caixa, acentos e espaços)",pareamento_unico_por_nome_uf
79251,TIJUCAS DO SUL,PR,tijucas do sul,4127601,Tijucas do Sul,"UF + nome normalizado (caixa, acentos e espaços)",pareamento_unico_por_nome_uf
79278,TOLEDO,PR,toledo,4127700,Toledo,"UF + nome normalizado (caixa, acentos e espaços)",pareamento_unico_por_nome_uf
79294,TOMAZINA,PR,tomazina,4127809,Tomazina,"UF + nome normalizado (caixa, acentos e espaços)",pareamento_unico_por_nome_uf
79316,TUNEIRAS DO OESTE,PR,tuneiras do oeste,4127908,Tuneiras do Oeste,"UF + nome normalizado (caixa, acentos e espaços)",pareamento_unico_por_nome_uf
79332,UBIRATÃ,PR,ubirata,4128005,Ubiratã,"UF + nome normalizado (caixa, acentos e espaços)",pareamento_unico_por_nome_uf
79359,UMUARAMA,PR,umuarama,4128104,Umuarama,"UF + nome normalizado (caixa, acentos e espaços)",pareamento_unico_por_nome_uf
79375,UNIÃO DA VITÓRIA,PR,uniao da vitoria,4128203,União da Vitória,"UF + nome normalizado (caixa, acentos e espaços)",pareamento_unico_por_nome_uf
79391,UNIFLOR,PR,uniflor,4128302,Uniflor,"UF + nome normalizado (caixa, acentos e espaços)",pareamento_unico_por_nome_uf
79413,URAÍ,PR,urai,4128401,Uraí,"UF + nome normalizado (caixa, acentos e espaços)",pareamento_unico_por_nome_uf
79430,WENCESLAU BRAZ,PR,wenceslau braz,4128500,Wenceslau Braz,"UF + nome normalizado (caixa, acentos e espaços)",pareamento_unico_por_nome_uf
79456,VERÊ,PR,vere,4128609,Verê,"UF + nome normalizado (caixa, acentos e espaços)",pareamento_unico_por_nome_uf
79472,VITORINO,PR,vitorino,4128708,Vitorino,"UF + nome normalizado (caixa, acentos e espaços)",pareamento_unico_por_nome_uf
79499,XAMBRÊ,PR,xambre,4128807,Xambrê,"UF + nome normalizado (caixa, acentos e espaços)",pareamento_unico_por_nome_uf
79510,ALTÔNIA,PR,altonia,4100509,Altônia,"UF + nome normalizado (caixa, acentos e espaços)",pareamento_unico_por_nome_uf
79537,ASSIS CHATEAUBRIAND,PR,assis chateaubriand,4102000,Assis Chateaubriand,"UF + nome normalizado (caixa, acentos e espaços)",pareamento_unico_por_nome_uf
79553,QUEDAS DO IGUAÇU,PR,quedas do iguacu,4120903,Quedas do Iguaçu,"UF + nome normalizado (caixa, acentos e espaços)",pareamento_unico_por_nome_uf
79570,CÉU AZUL,PR,ceu azul,4105300,Céu Azul,"UF + nome normalizado (caixa, acentos e espaços)",pareamento_unico_por_nome_uf
79596,GRANDES RIOS,PR,grandes rios,4108700,Grandes Rios,"UF + nome normalizado (caixa, acentos e espaços)",pareamento_unico_por_nome_uf
79618,INDIANÓPOLIS,PR,indianopolis,4110409,Indianópolis,"UF + nome normalizado (caixa, acentos e espaços)",pareamento_unico_por_nome_uf
79634,MATINHOS,PR,matinhos,4115705,Matinhos,"UF + nome normalizado (caixa, acentos e espaços)",pareamento_unico_por_nome_uf
79650,NOVA AURORA,PR,nova aurora,4116703,Nova Aurora,"UF + nome normalizado (caixa, acentos e espaços)",pareamento_unico_por_nome_uf
79677,NOVA OLÍMPIA,PR,nova olimpia,4117206,Nova Olímpia,"UF + nome normalizado (caixa, acentos e espaços)",pareamento_unico_por_nome_uf
79693,PÉROLA,PR,perola,4118907,Pérola,"UF + nome normalizado (caixa, acentos e espaços)",pareamento_unico_por_nome_uf
79715,SANTA HELENA,PR,santa helena,4123501,Santa Helena,"UF + nome normalizado (caixa, acentos e espaços)",pareamento_unico_por_nome_uf
79731,TAPIRA,PR,tapira,4126900,Tapira,"UF + nome normalizado (caixa, acentos e espaços)",pareamento_unico_por_nome_uf
79758,MARILENA,PR,marilena,4115002,Marilena,"UF + nome normalizado (caixa, acentos e espaços)",pareamento_unico_por_nome_uf
79774,FRANCISCO ALVES,PR,francisco alves,4108320,Francisco Alves,"UF + nome normalizado (caixa, acentos e espaços)",pareamento_unico_por_nome_uf
79790,NOVA SANTA ROSA,PR,nova santa rosa,4117222,Nova Santa Rosa,"UF + nome normalizado (caixa, acentos e espaços)",pareamento_unico_por_nome_uf
79812,BOA VISTA DA APARECIDA,PR,boa vista da aparecida,4103057,Boa Vista da Aparecida,"UF + nome normalizado (caixa, acentos e espaços)",pareamento_unico_por_nome_uf
79839,BRAGANEY,PR,braganey,4103354,Braganey,"UF + nome normalizado (caixa, acentos e espaços)",pareamento_unico_por_nome_uf
79855,CAFELÂNDIA,PR,cafelandia,4103453,Cafelândia,"UF + nome normalizado (caixa, acentos e espaços)",pareamento_unico_por_nome_uf
79871,TRÊS BARRAS DO PARANÁ,PR,tres barras do parana,4127858,Três Barras do Paraná,"UF + nome normalizado (caixa, acentos e espaços)",pareamento_unico_por_nome_uf
79898,VERA CRUZ DO OESTE,PR,vera cruz do oeste,4128559,Vera Cruz do Oeste,"UF + nome normalizado (caixa, acentos e espaços)",pareamento_unico_por_nome_uf
79910,PRANCHITA,PR,pranchita,4120358,Pranchita,"UF + nome normalizado (caixa, acentos e espaços)",pareamento_unico_por_nome_uf
79936,TUPÃSSI,PR,tupassi,4127957,Tupãssi,"UF + nome normalizado (caixa, acentos e espaços)",pareamento_unico_por_nome_uf
79952,NOVA PRATA DO IGUAÇU,PR,nova prata do iguacu,4117255,Nova Prata do Iguaçu,"UF + nome normalizado (caixa, acentos e espaços)",pareamento_unico_por_nome_uf
79979,JESUÍTAS,PR,jesuitas,4112751,Jesuítas,"UF + nome normalizado (caixa, acentos e espaços)",pareamento_unico_por_nome_uf
79995,SÃO JORGE DO PATROCÍNIO,PR,sao jorge do patrocinio,4125357,São Jorge do Patrocínio,"UF + nome normalizado (caixa, acentos e espaços)",pareamento_unico_por_nome_uf
84514,CANTAGALO,PR,cantagalo,4104451,Cantagalo,"UF + nome normalizado (caixa, acentos e espaços)",pareamento_unico_por_nome_uf
84530,TURVO,PR,turvo,4127965,Turvo,"UF + nome normalizado (caixa, acentos e espaços)",pareamento_unico_por_nome_uf
84557,ALTAMIRA DO PARANÁ,PR,altamira do parana,4100459,Altamira do Paraná,"UF + nome normalizado (caixa, acentos e espaços)",pareamento_unico_por_nome_uf
84573,FIGUEIRA,PR,figueira,4107751,Figueira,"UF + nome normalizado (caixa, acentos e espaços)",pareamento_unico_por_nome_uf
84590,LUNARDELLI,PR,lunardelli,4113759,Lunardelli,"UF + nome normalizado (caixa, acentos e espaços)",pareamento_unico_por_nome_uf
84611,SARANDI,PR,sarandi,4126256,Sarandi,"UF + nome normalizado (caixa, acentos e espaços)",pareamento_unico_por_nome_uf
84638,JURANDA,PR,juranda,4112959,Juranda,"UF + nome normalizado (caixa, acentos e espaços)",pareamento_unico_por_nome_uf
84654,DOURADINA,PR,douradina,4107256,Douradina,"UF + nome normalizado (caixa, acentos e espaços)",pareamento_unico_por_nome_uf
84670,SANTA TEREZINHA DE ITAIPU,PR,santa terezinha de itaipu,4124053,Santa Terezinha de Itaipu,"UF + nome normalizado (caixa, acentos e espaços)",pareamento_unico_por_nome_uf
84697,MISSAL,PR,missal,4116059,Missal,"UF + nome normalizado (caixa, acentos e espaços)",pareamento_unico_por_nome_uf
84719,SÃO JOSÉ DAS PALMEIRAS,PR,sao jose das palmeiras,4125456,São José das Palmeiras,"UF + nome normalizado (caixa, acentos e espaços)",pareamento_unico_por_nome_uf
58009,QUISSAMÃ,RJ,quissama,3304151,Quissamã,"UF + nome normalizado (caixa, acentos e espaços)",pareamento_unico_por_nome_uf
58017,ANGRA DOS REIS,RJ,angra dos reis,3300100,Angra dos Reis,"UF + nome normalizado (caixa, acentos e espaços)",pareamento_unico_por_nome_uf
58025,QUATIS,RJ,quatis,3304128,Quatis,"UF + nome normalizado (caixa, acentos e espaços)",pareamento_unico_por_nome_uf
58033,ARARUAMA,RJ,araruama,3300209,Araruama,"UF + nome normalizado (caixa, acentos e espaços)",pareamento_unico_por_nome_uf
58041,BELFORD ROXO,RJ,belford roxo,3300456,Belford Roxo,"UF + nome normalizado (caixa, acentos e espaços)",pareamento_unico_por_nome_uf
58050,BARRA DO PIRAÍ,RJ,barra do pirai,3300308,Barra do Piraí,"UF + nome normalizado (caixa, acentos e espaços)",pareamento_unico_por_nome_uf
58068,CARDOSO MOREIRA,RJ,cardoso moreira,3301157,Cardoso Moreira,"UF + nome normalizado (caixa, acentos e espaços)",pareamento_unico_por_nome_uf
58076,BARRA MANSA,RJ,barra mansa,3300407,Barra Mansa,"UF + nome normalizado (caixa, acentos e espaços)",pareamento_unico_por_nome_uf
58084,VARRE-SAI,RJ,varre-sai,3306156,Varre-Sai,"UF + nome normalizado (caixa, acentos e espaços)",pareamento_unico_por_nome_uf
58092,BOM JARDIM,RJ,bom jardim,3300506,Bom Jardim,"UF + nome normalizado (caixa, acentos e espaços)",pareamento_unico_por_nome_uf
58106,GUAPIMIRIM,RJ,guapimirim,3301850,Guapimirim,"UF + nome normalizado (caixa, acentos e espaços)",pareamento_unico_por_nome_uf
58114,BOM JESUS DO ITABAPOANA,RJ,bom jesus do itabapoana,3300605,Bom Jesus do Itabapoana,"UF + nome normalizado (caixa, acentos e espaços)",pareamento_unico_por_nome_uf
58122,QUEIMADOS,RJ,queimados,3304144,Queimados,"UF + nome normalizado (caixa, acentos e espaços)",pareamento_unico_por_nome_uf
58130,CABO FRIO,RJ,cabo frio,3300704,Cabo Frio,"UF + nome normalizado (caixa, acentos e espaços)",pareamento_unico_por_nome_uf
58149,JAPERI,RJ,japeri,3302270,Japeri,"UF + nome normalizado (caixa, acentos e espaços)",pareamento_unico_por_nome_uf
58157,CACHOEIRAS DE MACACU,RJ,cachoeiras de macacu,3300803,Cachoeiras de Macacu,"UF + nome normalizado (caixa, acentos e espaços)",pareamento_unico_por_nome_uf
58165,COMENDADOR LEVY GASPARIAN,RJ,comendador levy gasparian,3300951,Comendador Levy Gasparian,"UF + nome normalizado (caixa, acentos e espaços)",pareamento_unico_por_nome_uf
58173,CAMBUCI,RJ,cambuci,3300902,Cambuci,"UF + nome normalizado (caixa, acentos e espaços)",pareamento_unico_por_nome_uf
58181,APERIBÉ,RJ,aperibe,3300159,Aperibé,"UF + nome normalizado (caixa, acentos e espaços)",pareamento_unico_por_nome_uf
58190,CAMPOS DOS GOYTACAZES,RJ,campos dos goytacazes,3301009,Campos dos Goytacazes,"UF + nome normalizado (caixa, acentos e espaços)",pareamento_unico_por_nome_uf
58203,RIO DAS OSTRAS,RJ,rio das ostras,3304524,Rio das Ostras,"UF + nome normalizado (caixa, acentos e espaços)",pareamento_unico_por_nome_uf
58211,CANTAGALO,RJ,cantagalo,3301108,Cantagalo,"UF + nome normalizado (caixa, acentos e espaços)",pareamento_unico_por_nome_uf
58220,AREAL,RJ,areal,3300225,Areal,"UF + nome normalizado (caixa, acentos e espaços)",pareamento_unico_por_nome_uf
58238,CARMO,RJ,carmo,3301207,Carmo,"UF + nome normalizado (caixa, acentos e espaços)",pareamento_unico_por_nome_uf
58246,PINHEIRAL,RJ,pinheiral,3303955,Pinheiral,"UF + nome normalizado (caixa, acentos e espaços)",pareamento_unico_por_nome_uf
58254,CASIMIRO DE ABREU,RJ,casimiro de abreu,3301306,Casimiro de Abreu,"UF + nome normalizado (caixa, acentos e espaços)",pareamento_unico_por_nome_uf
58262,IGUABA GRANDE,RJ,iguaba grande,3301876,Iguaba Grande,"UF + nome normalizado (caixa, acentos e espaços)",pareamento_unico_por_nome_uf
58270,CONCEIÇÃO DE MACABU,RJ,conceicao de macabu,3301405,Conceição de Macabu,"UF + nome normalizado (caixa, acentos e espaços)",pareamento_unico_por_nome_uf
58289,SÃO FRANCISCO DE ITABAPOANA,RJ,sao francisco de itabapoana,3304755,São Francisco de Itabapoana,"UF + nome normalizado (caixa, acentos e espaços)",pareamento_unico_por_nome_uf
58297,CORDEIRO,RJ,cordeiro,3301504,Cordeiro,"UF + nome normalizado (caixa, acentos e espaços)",pareamento_unico_por_nome_uf
58300,CARAPEBUS,RJ,carapebus,3300936,Carapebus,"UF + nome normalizado (caixa, acentos e espaços)",pareamento_unico_por_nome_uf
58319,DUAS BARRAS,RJ,duas barras,3301603,Duas Barras,"UF + nome normalizado (caixa, acentos e espaços)",pareamento_unico_por_nome_uf
58327,PORTO REAL,RJ,porto real,3304110,Porto Real,"UF + nome normalizado (caixa, acentos e espaços)",pareamento_unico_por_nome_uf
58335,DUQUE DE CAXIAS,RJ,duque de caxias,3301702,Duque de Caxias,"UF + nome normalizado (caixa, acentos e espaços)",pareamento_unico_por_nome_uf
58343,SÃO JOSÉ DE UBÁ,RJ,sao jose de uba,3305133,São José de Ubá,"UF + nome normalizado (caixa, acentos e espaços)",pareamento_unico_por_nome_uf
58351,ENGENHEIRO PAULO DE FRONTIN,RJ,engenheiro paulo de frontin,3301801,Engenheiro Paulo de Frontin,"UF + nome normalizado (caixa, acentos e espaços)",pareamento_unico_por_nome_uf
58360,TANGUÁ,RJ,tangua,3305752,Tanguá,"UF + nome normalizado (caixa, acentos e espaços)",pareamento_unico_por_nome_uf
58378,ITABORAÍ,RJ,itaborai,3301900,Itaboraí,"UF + nome normalizado (caixa, acentos e espaços)",pareamento_unico_por_nome_uf
58386,MACUCO,RJ,macuco,3302452,Macuco,"UF + nome normalizado (caixa, acentos e espaços)",pareamento_unico_por_nome_uf
58394,ITAGUAÍ,RJ,itaguai,3302007,Itaguaí,"UF + nome normalizado (caixa, acentos e espaços)",pareamento_unico_por_nome_uf
58408,ARMAÇÃO DOS BÚZIOS,RJ,armacao dos buzios,3300233,Armação dos Búzios,"UF + nome normalizado (caixa, acentos e espaços)",pareamento_unico_por_nome_uf
58416,ITAOCARA,RJ,itaocara,3302106,Itaocara,"UF + nome normalizado (caixa, acentos e espaços)",pareamento_unico_por_nome_uf
58424,SEROPÉDICA,RJ,seropedica,3305554,Seropédica,"UF + nome normalizado (caixa, acentos e espaços)",pareamento_unico_por_nome_uf
58432,ITAPERUNA,RJ,itaperuna,3302205,Itaperuna,"UF + nome normalizado (caixa, acentos e espaços)",pareamento_unico_por_nome_uf
58440,ITATIAIA,RJ,itatiaia,3302254,Itatiaia,"UF + nome normalizado (caixa, acentos e espaços)",pareamento_unico_por_nome_uf
58459,LAJE DO MURIAÉ,RJ,laje do muriae,3302304,Laje do Muriaé,"UF + nome normalizado (caixa, acentos e espaços)",pareamento_unico_por_nome_uf
58467,MESQUITA,RJ,mesquita,3302858,Mesquita,"UF + nome normalizado (caixa, acentos e espaços)",pareamento_unico_por_nome_uf
58475,MACAÉ,RJ,macae,3302403,Macaé,"UF + nome normalizado (caixa, acentos e espaços)",pareamento_unico_por_nome_uf
58491,MAGÉ,RJ,mage,3302502,Magé,"UF + nome normalizado (caixa, acentos e espaços)",pareamento_unico_por_nome_uf
58513,MANGARATIBA,RJ,mangaratiba,3302601,Mangaratiba,"UF + nome normalizado (caixa, acentos e espaços)",pareamento_unico_por_nome_uf
58530,MARICÁ,RJ,marica,3302700,Maricá,"UF + nome normalizado (caixa, acentos e espaços)",pareamento_unico_por_nome_uf
58556,MENDES,RJ,mendes,3302809,Mendes,"UF + nome normalizado (caixa, acentos e espaços)",pareamento_unico_por_nome_uf
58572,MIGUEL PEREIRA,RJ,miguel pereira,3302908,Miguel Pereira,"UF + nome normalizado (caixa, acentos e espaços)",pareamento_unico_por_nome_uf
58599,MIRACEMA,RJ,miracema,3303005,Miracema,"UF + nome normalizado (caixa, acentos e espaços)",pareamento_unico_por_nome_uf
58610,NATIVIDADE,RJ,natividade,3303104,Natividade,"UF + nome normalizado (caixa, acentos e espaços)",pareamento_unico_por_nome_uf
58637,NILÓPOLIS,RJ,nilopolis,3303203,Nilópolis,"UF + nome normalizado (caixa, acentos e espaços)",pareamento_unico_por_nome_uf
58653,NITERÓI,RJ,niteroi,3303302,Niterói,"UF + nome normalizado (caixa, acentos e espaços)",pareamento_unico_por_nome_uf
58670,NOVA FRIBURGO,RJ,nova friburgo,3303401,Nova Friburgo,"UF + nome normalizado (caixa, acentos e espaços)",pareamento_unico_por_nome_uf
58696,NOVA IGUAÇU,RJ,nova iguacu,3303500,Nova Iguaçu,"UF + nome normalizado (caixa, acentos e espaços)",pareamento_unico_por_nome_uf
58718,PARACAMBI,RJ,paracambi,3303609,Paracambi,"UF + nome normalizado (caixa, acentos e espaços)",pareamento_unico_por_nome_uf
58734,PARAÍBA DO SUL,RJ,paraiba do sul,3303708,Paraíba do Sul,"UF + nome normalizado (caixa, acentos e espaços)",pareamento_unico_por_nome_uf
58750,PARATY,RJ,paraty,3303807,Paraty,"UF + nome normalizado (caixa, acentos e espaços)",pareamento_unico_por_nome_uf
58777,PETRÓPOLIS,RJ,petropolis,3303906,Petrópolis,"UF + nome normalizado (caixa, acentos e espaços)",pareamento_unico_por_nome_uf
58793,PIRAÍ,RJ,pirai,3304003,Piraí,"UF + nome normalizado (caixa, acentos e espaços)",pareamento_unico_por_nome_uf
58815,PORCIÚNCULA,RJ,porciuncula,3304102,Porciúncula,"UF + nome normalizado (caixa, acentos e espaços)",pareamento_unico_por_nome_uf
58831,RESENDE,RJ,resende,3304201,Resende,"UF + nome normalizado (caixa, acentos e espaços)",pareamento_unico_por_nome_uf
58858,RIO BONITO,RJ,rio bonito,3304300,Rio Bonito,"UF + nome normalizado (caixa, acentos e espaços)",pareamento_unico_por_nome_uf
58874,RIO CLARO,RJ,rio claro,3304409,Rio Claro,"UF + nome normalizado (caixa, acentos e espaços)",pareamento_unico_por_nome_uf
58890,RIO DAS FLORES,RJ,rio das flores,3304508,Rio das Flores,"UF + nome normalizado (caixa, acentos e espaços)",pareamento_unico_por_nome_uf
58912,SANTA MARIA MADALENA,RJ,santa maria madalena,3304607,Santa Maria Madalena,"UF + nome normalizado (caixa, acentos e espaços)",pareamento_unico_por_nome_uf
58939,SANTO ANTÔNIO DE PÁDUA,RJ,santo antonio de padua,3304706,Santo Antônio de Pádua,"UF + nome normalizado (caixa, acentos e espaços)",pareamento_unico_por_nome_uf
58955,SÃO FIDÉLIS,RJ,sao fidelis,3304805,São Fidélis,"UF + nome normalizado (caixa, acentos e espaços)",pareamento_unico_por_nome_uf
58971,SÃO GONÇALO,RJ,sao goncalo,3304904,São Gonçalo,"UF + nome normalizado (caixa, acentos e espaços)",pareamento_unico_por_nome_uf
58998,SÃO JOÃO DA BARRA,RJ,sao joao da barra,3305000,São João da Barra,"UF + nome normalizado (caixa, acentos e espaços)",pareamento_unico_por_nome_uf
59013,SÃO JOÃO DE MERITI,RJ,sao joao de meriti,3305109,São João de Meriti,"UF + nome normalizado (caixa, acentos e espaços)",pareamento_unico_por_nome_uf
59030,SÃO PEDRO DA ALDEIA,RJ,sao pedro da aldeia,3305208,São Pedro da Aldeia,"UF + nome normalizado (caixa, acentos e espaços)",pareamento_unico_por_nome_uf
59056,SÃO SEBASTIÃO DO ALTO,RJ,sao sebastiao do alto,3305307,São Sebastião do Alto,"UF + nome normalizado (caixa, acentos e espaços)",pareamento_unico_por_nome_uf
59072,SAPUCAIA,RJ,sapucaia,3305406,Sapucaia,"UF + nome normalizado (caixa, acentos e espaços)",pareamento_unico_por_nome_uf
59099,SAQUAREMA,RJ,saquarema,3305505,Saquarema,"UF + nome normalizado (caixa, acentos e espaços)",pareamento_unico_por_nome_uf
59110,SILVA JARDIM,RJ,silva jardim,3305604,Silva Jardim,"UF + nome normalizado (caixa, acentos e espaços)",pareamento_unico_por_nome_uf
59137,SUMIDOURO,RJ,sumidouro,3305703,Sumidouro,"UF + nome normalizado (caixa, acentos e espaços)",pareamento_unico_por_nome_uf
59153,TERESÓPOLIS,RJ,teresopolis,3305802,Teresópolis,"UF + nome normalizado (caixa, acentos e espaços)",pareamento_unico_por_nome_uf
59170,TRAJANO DE MORAES,RJ,trajano de moraes,3305901,Trajano de Moraes,"UF + nome normalizado (caixa, acentos e espaços)",pareamento_unico_por_nome_uf
59196,TRÊS RIOS,RJ,tres rios,3306008,Três Rios,"UF + nome normalizado (caixa, acentos e espaços)",pareamento_unico_por_nome_uf
59218,VALENÇA,RJ,valenca,3306107,Valença,"UF + nome normalizado (caixa, acentos e espaços)",pareamento_unico_por_nome_uf
59234,VASSOURAS,RJ,vassouras,3306206,Vassouras,"UF + nome normalizado (caixa, acentos e espaços)",pareamento_unico_por_nome_uf
59250,VOLTA REDONDA,RJ,volta redonda,3306305,Volta Redonda,"UF + nome normalizado (caixa, acentos e espaços)",pareamento_unico_por_nome_uf
59277,ARRAIAL DO CABO,RJ,arraial do cabo,3300258,Arraial do Cabo,"UF + nome normalizado (caixa, acentos e espaços)",pareamento_unico_por_nome_uf
59293,ITALVA,RJ,italva,3302056,Italva,"UF + nome normalizado (caixa, acentos e espaços)",pareamento_unico_por_nome_uf
59315,PATY DO ALFERES,RJ,paty do alferes,3303856,Paty do Alferes,"UF + nome normalizado (caixa, acentos e espaços)",pareamento_unico_por_nome_uf
59331,SÃO JOSÉ DO VALE DO RIO PRETO,RJ,sao jose do vale do rio preto,3305158,São José do Vale do Rio Preto,"UF + nome normalizado (caixa, acentos e espaços)",pareamento_unico_por_nome_uf
60011,RIO DE JANEIRO,RJ,rio de janeiro,3304557,Rio de Janeiro,"UF + nome normalizado (caixa, acentos e espaços)",pareamento_unico_por_nome_uf
16004,TENENTE LAURENTINO CRUZ,RN,tenente laurentino cruz,2414159,Tenente Laurentino Cruz,"UF + nome normalizado (caixa, acentos e espaços)",pareamento_unico_por_nome_uf
16012,ACARI,RN,acari,2400109,Acari,"UF + nome normalizado (caixa, acentos e espaços)",pareamento_unico_por_nome_uf
16020,SERRA DO MEL,RN,serra do mel,2413359,Serra do Mel,"UF + nome normalizado (caixa, acentos e espaços)",pareamento_unico_por_nome_uf
16039,ASSÚ,RN,assu,2400208,Assú,"UF + nome normalizado (caixa, acentos e espaços)",pareamento_unico_por_nome_uf
16047,CAIÇARA DO NORTE,RN,caicara do norte,2401859,Caiçara do Norte,"UF + nome normalizado (caixa, acentos e espaços)",pareamento_unico_por_nome_uf
16055,AFONSO BEZERRA,RN,afonso bezerra,2400307,Afonso Bezerra,"UF + nome normalizado (caixa, acentos e espaços)",pareamento_unico_por_nome_uf
16063,SÃO MIGUEL DO GOSTOSO,RN,sao miguel do gostoso,2412559,São Miguel do Gostoso,"UF + nome normalizado (caixa, acentos e espaços)",pareamento_unico_por_nome_uf
16071,ÁGUA NOVA,RN,agua nova,2400406,Água Nova,"UF + nome normalizado (caixa, acentos e espaços)",pareamento_unico_por_nome_uf
16080,ITAJÁ,RN,itaja,2404853,Itajá,"UF + nome normalizado (caixa, acentos e espaços)",pareamento_unico_por_nome_uf
16098,ALEXANDRIA,RN,alexandria,2400505,Alexandria,"UF + nome normalizado (caixa, acentos e espaços)",pareamento_unico_por_nome_uf
16101,BODÓ,RN,bodo,2401651,Bodó,"UF + nome normalizado (caixa, acentos e espaços)",pareamento_unico_por_nome_uf
16110,ALMINO AFONSO,RN,almino afonso,2400604,Almino Afonso,"UF + nome normalizado (caixa, acentos e espaços)",pareamento_unico_por_nome_uf
16128,TRIUNFO POTIGUAR,RN,triunfo potiguar,2414456,Triunfo Potiguar,"UF + nome normalizado (caixa, acentos e espaços)",pareamento_unico_por_nome_uf
16136,ALTO DO RODRIGUES,RN,alto do rodrigues,2400703,Alto do Rodrigues,"UF + nome normalizado (caixa, acentos e espaços)",pareamento_unico_por_nome_uf
16144,FERNANDO PEDROZA,RN,fernando pedroza,2403756,Fernando Pedroza,"UF + nome normalizado (caixa, acentos e espaços)",pareamento_unico_por_nome_uf
16152,ANGICOS,RN,angicos,2400802,Angicos,"UF + nome normalizado (caixa, acentos e espaços)",pareamento_unico_por_nome_uf
16160,MAJOR SALES,RN,major sales,2407252,Major Sales,"UF + nome normalizado (caixa, acentos e espaços)",pareamento_unico_por_nome_uf
16179,ANTÔNIO MARTINS,RN,antonio martins,2400901,Antônio Martins,"UF + nome normalizado (caixa, acentos e espaços)",pareamento_unico_por_nome_uf
16187,VENHA-VER,RN,venha-ver,2414753,Venha-Ver,"UF + nome normalizado (caixa, acentos e espaços)",pareamento_unico_por_nome_uf
16195,APODI,RN,apodi,2401008,Apodi,"UF + nome normalizado (caixa, acentos e espaços)",pareamento_unico_por_nome_uf
16209,SERRINHA DOS PINTOS,RN,serrinha dos pintos,2413557,Serrinha dos Pintos,"UF + nome normalizado (caixa, acentos e espaços)",pareamento_unico_por_nome_uf
16217,AREIA BRANCA,RN,areia branca,2401107,Areia Branca,"UF + nome normalizado (caixa, acentos e espaços)",pareamento_unico_por_nome_uf
16225,TIBAU,RN,tibau,2411056,Tibau,"UF + nome normalizado (caixa, acentos e espaços)",pareamento_unico_por_nome_uf
16233,AREZ,RN,arez,2401206,Arez,"UF + nome normalizado (caixa, acentos e espaços)",pareamento_unico_por_nome_uf
16241,SANTA MARIA,RN,santa maria,2409332,Santa Maria,"UF + nome normalizado (caixa, acentos e espaços)",pareamento_unico_por_nome_uf
16250,CAMPO GRANDE,RN,campo grande,2401305,Campo Grande,"UF + nome normalizado (caixa, acentos e espaços)",pareamento_unico_por_nome_uf
16268,RIO DO FOGO,RN,rio do fogo,2408953,Rio do Fogo,"UF + nome normalizado (caixa, acentos e espaços)",pareamento_unico_por_nome_uf
16276,BAÍA FORMOSA,RN,baia formosa,2401404,Baía Formosa,"UF + nome normalizado (caixa, acentos e espaços)",pareamento_unico_por_nome_uf
16284,PORTO DO MANGUE,RN,porto do mangue,2410256,Porto do Mangue,"UF + nome normalizado (caixa, acentos e espaços)",pareamento_unico_por_nome_uf
16292,BARCELONA,RN,barcelona,2401503,Barcelona,"UF + nome normalizado (caixa, acentos e espaços)",pareamento_unico_por_nome_uf
16306,JUNDIÁ,RN,jundia,2406155,Jundiá,"UF + nome normalizado (caixa, acentos e espaços)",pareamento_unico_por_nome_uf
16314,BENTO FERNANDES,RN,bento fernandes,2401602,Bento Fernandes,"UF + nome normalizado (caixa, acentos e espaços)",pareamento_unico_por_nome_uf
16330,BOM JESUS,RN,bom jesus,2401701,Bom Jesus,"UF + nome normalizado (caixa, acentos e espaços)",pareamento_unico_por_nome_uf
16357,BREJINHO,RN,brejinho,2401800,Brejinho,"UF + nome normalizado (caixa, acentos e espaços)",pareamento_unico_por_nome_uf
16373,CAIÇARA DO RIO DO VENTO,RN,caicara do rio do vento,2401909,Caiçara do Rio do Vento,"UF + nome normalizado (caixa, acentos e espaços)",pareamento_unico_por_nome_uf
16390,CAICÓ,RN,caico,2402006,Caicó,"UF + nome normalizado (caixa, acentos e espaços)",pareamento_unico_por_nome_uf
16411,CAMPO REDONDO,RN,campo redondo,2402105,Campo Redondo,"UF + nome normalizado (caixa, acentos e espaços)",pareamento_unico_por_nome_uf
16438,CANGUARETAMA,RN,canguaretama,2402204,Canguaretama,"UF + nome normalizado (caixa, acentos e espaços)",pareamento_unico_por_nome_uf
16454,CARAÚBAS,RN,caraubas,2402303,Caraúbas,"UF + nome normalizado (caixa, acentos e espaços)",pareamento_unico_por_nome_uf
16470,CARNAÚBA DOS DANTAS,RN,carnauba dos dantas,2402402,Carnaúba dos Dantas,"UF + nome normalizado (caixa, acentos e espaços)",pareamento_unico_por_nome_uf
16497,CARNAUBAIS,RN,carnaubais,2402501,Carnaubais,"UF + nome normalizado (caixa, acentos e espaços)",pareamento_unico_por_nome_uf
16519,CEARÁ-MIRIM,RN,ceara-mirim,2402600,Ceará-Mirim,"UF + nome normalizado (caixa, acentos e espaços)",pareamento_unico_por_nome_uf
16535,CERRO CORÁ,RN,cerro cora,2402709,Cerro Corá,"UF + nome normalizado (caixa, acentos e espaços)",pareamento_unico_por_nome_uf
16551,CORONEL EZEQUIEL,RN,coronel ezequiel,2402808,Coronel Ezequiel,"UF + nome normalizado (caixa, acentos e espaços)",pareamento_unico_por_nome_uf
16578,CORONEL JOÃO PESSOA,RN,coronel joao pessoa,2402907,Coronel João Pessoa,"UF + nome normalizado (caixa, acentos e espaços)",pareamento_unico_por_nome_uf
16594,CRUZETA,RN,cruzeta,2403004,Cruzeta,"UF + nome normalizado (caixa, acentos e espaços)",pareamento_unico_por_nome_uf
16616,CURRAIS NOVOS,RN,currais novos,2403103,Currais Novos,"UF + nome normalizado (caixa, acentos e espaços)",pareamento_unico_por_nome_uf
16632,DOUTOR SEVERIANO,RN,doutor severiano,2403202,Doutor Severiano,"UF + nome normalizado (caixa, acentos e espaços)",pareamento_unico_por_nome_uf
16659,ENCANTO,RN,encanto,2403301,Encanto,"UF + nome normalizado (caixa, acentos e espaços)",pareamento_unico_por_nome_uf
16675,EQUADOR,RN,equador,2403400,Equador,"UF + nome normalizado (caixa, acentos e espaços)",pareamento_unico_por_nome_uf
16691,ESPÍRITO SANTO,RN,espirito santo,2403509,Espírito Santo,"UF + nome normalizado (caixa, acentos e espaços)",pareamento_unico_por_nome_uf
16713,EXTREMOZ,RN,extremoz,2403608,Extremoz,"UF + nome normalizado (caixa, acentos e espaços)",pareamento_unico_por_nome_uf
16730,FELIPE GUERRA,RN,felipe guerra,2403707,Felipe Guerra,"UF + nome normalizado (caixa, acentos e espaços)",pareamento_unico_por_nome_uf
16756,FLORÂNIA,RN,florania,2403806,Florânia,"UF + nome normalizado (caixa, acentos e espaços)",pareamento_unico_por_nome_uf
16772,FRANCISCO DANTAS,RN,francisco dantas,2403905,Francisco Dantas,"UF + nome normalizado (caixa, acentos e espaços)",pareamento_unico_por_nome_uf
16799,GALINHOS,RN,galinhos,2404101,Galinhos,"UF + nome normalizado (caixa, acentos e espaços)",pareamento_unico_por_nome_uf
16810,GOIANINHA,RN,goianinha,2404200,Goianinha,"UF + nome normalizado (caixa, acentos e espaços)",pareamento_unico_por_nome_uf
16837,GOVERNADOR DIX-SEPT ROSADO,RN,governador dix-sept rosado,2404309,Governador Dix-Sept Rosado,"UF + nome normalizado (caixa, acentos e espaços)",pareamento_unico_por_nome_uf
16853,GROSSOS,RN,grossos,2404408,Grossos,"UF + nome normalizado (caixa, acentos e espaços)",pareamento_unico_por_nome_uf
16870,GUAMARÉ,RN,guamare,2404507,Guamaré,"UF + nome normalizado (caixa, acentos e espaços)",pareamento_unico_por_nome_uf
16896,IELMO MARINHO,RN,ielmo marinho,2404606,Ielmo Marinho,"UF + nome normalizado (caixa, acentos e espaços)",pareamento_unico_por_nome_uf
16918,IPANGUAÇU,RN,ipanguacu,2404705,Ipanguaçu,"UF + nome normalizado (caixa, acentos e espaços)",pareamento_unico_por_nome_uf
16934,IPUEIRA,RN,ipueira,2404804,Ipueira,"UF + nome normalizado (caixa, acentos e espaços)",pareamento_unico_por_nome_uf
16950,ITAÚ,RN,itau,2404903,Itaú,"UF + nome normalizado (caixa, acentos e espaços)",pareamento_unico_por_nome_uf
16977,JAÇANÃ,RN,jacana,2405009,Jaçanã,"UF + nome normalizado (caixa, acentos e espaços)",pareamento_unico_por_nome_uf
16993,JANDAÍRA,RN,jandaira,2405108,Jandaíra,"UF + nome normalizado (caixa, acentos e espaços)",pareamento_unico_por_nome_uf
17019,JANDUÍS,RN,janduis,2405207,Janduís,"UF + nome normalizado (caixa, acentos e espaços)",pareamento_unico_por_nome_uf
17035,BOA SAÚDE,RN,boa saude,,,"UF + nome normalizado (caixa, acentos e espaços)",sem_pareamento_exato
17051,JAPI,RN,japi,2405405,Japi,"UF + nome normalizado (caixa, acentos e espaços)",pareamento_unico_por_nome_uf
17078,JARDIM DE ANGICOS,RN,jardim de angicos,2405504,Jardim de Angicos,"UF + nome normalizado (caixa, acentos e espaços)",pareamento_unico_por_nome_uf
17094,JARDIM DE PIRANHAS,RN,jardim de piranhas,2405603,Jardim de Piranhas,"UF + nome normalizado (caixa, acentos e espaços)",pareamento_unico_por_nome_uf
17116,JARDIM DO SERIDÓ,RN,jardim do serido,2405702,Jardim do Seridó,"UF + nome normalizado (caixa, acentos e espaços)",pareamento_unico_por_nome_uf
17132,JOÃO CÂMARA,RN,joao camara,2405801,João Câmara,"UF + nome normalizado (caixa, acentos e espaços)",pareamento_unico_por_nome_uf
17159,JOÃO DIAS,RN,joao dias,2405900,João Dias,"UF + nome normalizado (caixa, acentos e espaços)",pareamento_unico_por_nome_uf
17175,JOSÉ DA PENHA,RN,jose da penha,2406007,José da Penha,"UF + nome normalizado (caixa, acentos e espaços)",pareamento_unico_por_nome_uf
17191,JUCURUTU,RN,jucurutu,2406106,Jucurutu,"UF + nome normalizado (caixa, acentos e espaços)",pareamento_unico_por_nome_uf
17213,MESSIAS TARGINO,RN,messias targino,2407609,Messias Targino,"UF + nome normalizado (caixa, acentos e espaços)",pareamento_unico_por_nome_uf
17230,LAGOA D ANTA,RN,lagoa d anta,,,"UF + nome normalizado (caixa, acentos e espaços)",sem_pareamento_exato
17256,LAGOA DE PEDRAS,RN,lagoa de pedras,2406304,Lagoa de Pedras,"UF + nome normalizado (caixa, acentos e espaços)",pareamento_unico_por_nome_uf
17272,LAGOA DE VELHOS,RN,lagoa de velhos,2406403,Lagoa de Velhos,"UF + nome normalizado (caixa, acentos e espaços)",pareamento_unico_por_nome_uf
17299,LAGOA NOVA,RN,lagoa nova,2406502,Lagoa Nova,"UF + nome normalizado (caixa, acentos e espaços)",pareamento_unico_por_nome_uf
17310,LAGOA SALGADA,RN,lagoa salgada,2406601,Lagoa Salgada,"UF + nome normalizado (caixa, acentos e espaços)",pareamento_unico_por_nome_uf
17337,LAJES,RN,lajes,2406700,Lajes,"UF + nome normalizado (caixa, acentos e espaços)",pareamento_unico_por_nome_uf
17353,LAJES PINTADAS,RN,lajes pintadas,2406809,Lajes Pintadas,"UF + nome normalizado (caixa, acentos e espaços)",pareamento_unico_por_nome_uf
17370,LUCRÉCIA,RN,lucrecia,2406908,Lucrécia,"UF + nome normalizado (caixa, acentos e espaços)",pareamento_unico_por_nome_uf
17396,LUÍS GOMES,RN,luis gomes,2407005,Luís Gomes,"UF + nome normalizado (caixa, acentos e espaços)",pareamento_unico_por_nome_uf
17418,MACAÍBA,RN,macaiba,2407104,Macaíba,"UF + nome normalizado (caixa, acentos e espaços)",pareamento_unico_por_nome_uf
17434,MACAU,RN,macau,2407203,Macau,"UF + nome normalizado (caixa, acentos e espaços)",pareamento_unico_por_nome_uf
17450,MARCELINO VIEIRA,RN,marcelino vieira,2407302,Marcelino Vieira,"UF + nome normalizado (caixa, acentos e espaços)",pareamento_unico_por_nome_uf
17477,MARTINS,RN,martins,2407401,Martins,"UF + nome normalizado (caixa, acentos e espaços)",pareamento_unico_por_nome_uf
17493,MAXARANGUAPE,RN,maxaranguape,2407500,Maxaranguape,"UF + nome normalizado (caixa, acentos e espaços)",pareamento_unico_por_nome_uf
17515,FRUTUOSO GOMES,RN,frutuoso gomes,2404002,Frutuoso Gomes,"UF + nome normalizado (caixa, acentos e espaços)",pareamento_unico_por_nome_uf
17531,MONTANHAS,RN,montanhas,2407708,Montanhas,"UF + nome normalizado (caixa, acentos e espaços)",pareamento_unico_por_nome_uf
17558,MONTE ALEGRE,RN,monte alegre,2407807,Monte Alegre,"UF + nome normalizado (caixa, acentos e espaços)",pareamento_unico_por_nome_uf
17574,MONTE DAS GAMELEIRAS,RN,monte das gameleiras,2407906,Monte das Gameleiras,"UF + nome normalizado (caixa, acentos e espaços)",pareamento_unico_por_nome_uf
17590,MOSSORÓ,RN,mossoro,2408003,Mossoró,"UF + nome normalizado (caixa, acentos e espaços)",pareamento_unico_por_nome_uf
17612,NATAL,RN,natal,2408102,Natal,"UF + nome normalizado (caixa, acentos e espaços)",pareamento_unico_por_nome_uf
17639,NÍSIA FLORESTA,RN,nisia floresta,2408201,Nísia Floresta,"UF + nome normalizado (caixa, acentos e espaços)",pareamento_unico_por_nome_uf
17655,NOVA CRUZ,RN,nova cruz,2408300,Nova Cruz,"UF + nome normalizado (caixa, acentos e espaços)",pareamento_unico_por_nome_uf
17671,OLHO D ÁGUA DO BORGES,RN,olho d agua do borges,,,"UF + nome normalizado (caixa, acentos e espaços)",sem_pareamento_exato
17698,OURO BRANCO,RN,ouro branco,2408508,Ouro Branco,"UF + nome normalizado (caixa, acentos e espaços)",pareamento_unico_por_nome_uf
17710,PARANÁ,RN,parana,2408607,Paraná,"UF + nome normalizado (caixa, acentos e espaços)",pareamento_unico_por_nome_uf
17736,PARAÚ,RN,parau,2408706,Paraú,"UF + nome normalizado (caixa, acentos e espaços)",pareamento_unico_por_nome_uf
17752,PARAZINHO,RN,parazinho,2408805,Parazinho,"UF + nome normalizado (caixa, acentos e espaços)",pareamento_unico_por_nome_uf
17779,PARELHAS,RN,parelhas,2408904,Parelhas,"UF + nome normalizado (caixa, acentos e espaços)",pareamento_unico_por_nome_uf
17795,PARNAMIRIM,RN,parnamirim,2403251,Parnamirim,"UF + nome normalizado (caixa, acentos e espaços)",pareamento_unico_por_nome_uf
17817,PASSA E FICA,RN,passa e fica,2409100,Passa e Fica,"UF + nome normalizado (caixa, acentos e espaços)",pareamento_unico_por_nome_uf
17833,PASSAGEM,RN,passagem,2409209,Passagem,"UF + nome normalizado (caixa, acentos e espaços)",pareamento_unico_por_nome_uf
17850,PATU,RN,patu,2409308,Patu,"UF + nome normalizado (caixa, acentos e espaços)",pareamento_unico_por_nome_uf
17876,PAU DOS FERROS,RN,pau dos ferros,2409407,Pau dos Ferros,"UF + nome normalizado (caixa, acentos e espaços)",pareamento_unico_por_nome_uf
17892,PEDRA GRANDE,RN,pedra grande,2409506,Pedra Grande,"UF + nome normalizado (caixa, acentos e espaços)",pareamento_unico_por_nome_uf
17914,PEDRA PRETA,RN,pedra preta,2409605,Pedra Preta,"UF + nome normalizado (caixa, acentos e espaços)",pareamento_unico_por_nome_uf
17930,PEDRO AVELINO,RN,pedro avelino,2409704,Pedro Avelino,"UF + nome normalizado (caixa, acentos e espaços)",pareamento_unico_por_nome_uf
17957,PEDRO VELHO,RN,pedro velho,2409803,Pedro Velho,"UF + nome normalizado (caixa, acentos e espaços)",pareamento_unico_por_nome_uf
17973,PENDÊNCIAS,RN,pendencias,2409902,Pendências,"UF + nome normalizado (caixa, acentos e espaços)",pareamento_unico_por_nome_uf
17990,PILÕES,RN,piloes,2410009,Pilões,"UF + nome normalizado (caixa, acentos e espaços)",pareamento_unico_por_nome_uf
18015,POÇO BRANCO,RN,poco branco,2410108,Poço Branco,"UF + nome normalizado (caixa, acentos e espaços)",pareamento_unico_por_nome_uf
18031,PORTALEGRE,RN,portalegre,2410207,Portalegre,"UF + nome normalizado (caixa, acentos e espaços)",pareamento_unico_por_nome_uf
18058,SERRA CAIADA,RN,serra caiada,2410306,Serra Caiada,"UF + nome normalizado (caixa, acentos e espaços)",pareamento_unico_por_nome_uf
18074,PUREZA,RN,pureza,2410405,Pureza,"UF + nome normalizado (caixa, acentos e espaços)",pareamento_unico_por_nome_uf
18090,RAFAEL FERNANDES,RN,rafael fernandes,2410504,Rafael Fernandes,"UF + nome normalizado (caixa, acentos e espaços)",pareamento_unico_por_nome_uf
18112,RIACHO DA CRUZ,RN,riacho da cruz,2410702,Riacho da Cruz,"UF + nome normalizado (caixa, acentos e espaços)",pareamento_unico_por_nome_uf
18139,RIACHO DE SANTANA,RN,riacho de santana,2410801,Riacho de Santana,"UF + nome normalizado (caixa, acentos e espaços)",pareamento_unico_por_nome_uf
18155,RIACHUELO,RN,riachuelo,2410900,Riachuelo,"UF + nome normalizado (caixa, acentos e espaços)",pareamento_unico_por_nome_uf
18171,RODOLFO FERNANDES,RN,rodolfo fernandes,2411007,Rodolfo Fernandes,"UF + nome normalizado (caixa, acentos e espaços)",pareamento_unico_por_nome_uf
18198,RUY BARBOSA,RN,ruy barbosa,2411106,Ruy Barbosa,"UF + nome normalizado (caixa, acentos e espaços)",pareamento_unico_por_nome_uf
18210,SÃO FRANCISCO DO OESTE,RN,sao francisco do oeste,2411908,São Francisco do Oeste,"UF + nome normalizado (caixa, acentos e espaços)",pareamento_unico_por_nome_uf
18236,SANTA CRUZ,RN,santa cruz,2411205,Santa Cruz,"UF + nome normalizado (caixa, acentos e espaços)",pareamento_unico_por_nome_uf
18252,SANTANA DO SERIDÓ,RN,santana do serido,2411429,Santana do Seridó,"UF + nome normalizado (caixa, acentos e espaços)",pareamento_unico_por_nome_uf
18279,SANTANA DO MATOS,RN,santana do matos,2411403,Santana do Matos,"UF + nome normalizado (caixa, acentos e espaços)",pareamento_unico_por_nome_uf
18295,SANTO ANTÔNIO,RN,santo antonio,2411502,Santo Antônio,"UF + nome normalizado (caixa, acentos e espaços)",pareamento_unico_por_nome_uf
18317,SÃO BENTO DO NORTE,RN,sao bento do norte,2411601,São Bento do Norte,"UF + nome normalizado (caixa, acentos e espaços)",pareamento_unico_por_nome_uf
18333,SÃO BENTO DO TRAIRÍ,RN,sao bento do trairi,2411700,São Bento do Trairí,"UF + nome normalizado (caixa, acentos e espaços)",pareamento_unico_por_nome_uf
18350,SÃO FERNANDO,RN,sao fernando,2411809,São Fernando,"UF + nome normalizado (caixa, acentos e espaços)",pareamento_unico_por_nome_uf
18376,SÃO GONÇALO DO AMARANTE,RN,sao goncalo do amarante,2412005,São Gonçalo do Amarante,"UF + nome normalizado (caixa, acentos e espaços)",pareamento_unico_por_nome_uf
18392,SÃO JOÃO DO SABUGI,RN,sao joao do sabugi,2412104,São João do Sabugi,"UF + nome normalizado (caixa, acentos e espaços)",pareamento_unico_por_nome_uf
18414,SÃO JOSÉ DE MIPIBU,RN,sao jose de mipibu,2412203,São José de Mipibu,"UF + nome normalizado (caixa, acentos e espaços)",pareamento_unico_por_nome_uf
18430,SÃO JOSÉ DO CAMPESTRE,RN,sao jose do campestre,2412302,São José do Campestre,"UF + nome normalizado (caixa, acentos e espaços)",pareamento_unico_por_nome_uf
18457,SÃO JOSÉ DO SERIDÓ,RN,sao jose do serido,2412401,São José do Seridó,"UF + nome normalizado (caixa, acentos e espaços)",pareamento_unico_por_nome_uf
18473,SÃO MIGUEL,RN,sao miguel,2412500,São Miguel,"UF + nome normalizado (caixa, acentos e espaços)",pareamento_unico_por_nome_uf
18490,SÃO PAULO DO POTENGI,RN,sao paulo do potengi,2412609,São Paulo do Potengi,"UF + nome normalizado (caixa, acentos e espaços)",pareamento_unico_por_nome_uf
18511,SÃO PEDRO,RN,sao pedro,2412708,São Pedro,"UF + nome normalizado (caixa, acentos e espaços)",pareamento_unico_por_nome_uf
18538,SÃO RAFAEL,RN,sao rafael,2412807,São Rafael,"UF + nome normalizado (caixa, acentos e espaços)",pareamento_unico_por_nome_uf
18554,SÃO TOMÉ,RN,sao tome,2412906,São Tomé,"UF + nome normalizado (caixa, acentos e espaços)",pareamento_unico_por_nome_uf
18570,SÃO VICENTE,RN,sao vicente,2413003,São Vicente,"UF + nome normalizado (caixa, acentos e espaços)",pareamento_unico_por_nome_uf
18597,SENADOR ELÓI DE SOUZA,RN,senador eloi de souza,2413102,Senador Elói de Souza,"UF + nome normalizado (caixa, acentos e espaços)",pareamento_unico_por_nome_uf
18619,SENADOR GEORGINO AVELINO,RN,senador georgino avelino,2413201,Senador Georgino Avelino,"UF + nome normalizado (caixa, acentos e espaços)",pareamento_unico_por_nome_uf
18635,SERRA DE SÃO BENTO,RN,serra de sao bento,2413300,Serra de São Bento,"UF + nome normalizado (caixa, acentos e espaços)",pareamento_unico_por_nome_uf
18651,SERRA NEGRA DO NORTE,RN,serra negra do norte,2413409,Serra Negra do Norte,"UF + nome normalizado (caixa, acentos e espaços)",pareamento_unico_por_nome_uf
18678,SERRINHA,RN,serrinha,2413508,Serrinha,"UF + nome normalizado (caixa, acentos e espaços)",pareamento_unico_por_nome_uf
18694,SEVERIANO MELO,RN,severiano melo,2413607,Severiano Melo,"UF + nome normalizado (caixa, acentos e espaços)",pareamento_unico_por_nome_uf
18716,SÍTIO NOVO,RN,sitio novo,2413706,Sítio Novo,"UF + nome normalizado (caixa, acentos e espaços)",pareamento_unico_por_nome_uf
18732,TABOLEIRO GRANDE,RN,taboleiro grande,2413805,Taboleiro Grande,"UF + nome normalizado (caixa, acentos e espaços)",pareamento_unico_por_nome_uf
18759,TAIPU,RN,taipu,2413904,Taipu,"UF + nome normalizado (caixa, acentos e espaços)",pareamento_unico_por_nome_uf
18775,TANGARÁ,RN,tangara,2414001,Tangará,"UF + nome normalizado (caixa, acentos e espaços)",pareamento_unico_por_nome_uf
18791,TENENTE ANANIAS,RN,tenente ananias,2414100,Tenente Ananias,"UF + nome normalizado (caixa, acentos e espaços)",pareamento_unico_por_nome_uf
18813,TIBAU DO SUL,RN,tibau do sul,2414209,Tibau do Sul,"UF + nome normalizado (caixa, acentos e espaços)",pareamento_unico_por_nome_uf
18830,TIMBAÚBA DOS BATISTAS,RN,timbauba dos batistas,2414308,Timbaúba dos Batistas,"UF + nome normalizado (caixa, acentos e espaços)",pareamento_unico_por_nome_uf
18856,TOUROS,RN,touros,2414407,Touros,"UF + nome normalizado (caixa, acentos e espaços)",pareamento_unico_por_nome_uf
18872,UMARIZAL,RN,umarizal,2414506,Umarizal,"UF + nome normalizado (caixa, acentos e espaços)",pareamento_unico_por_nome_uf
18899,UPANEMA,RN,upanema,2414605,Upanema,"UF + nome normalizado (caixa, acentos e espaços)",pareamento_unico_por_nome_uf
18910,VÁRZEA,RN,varzea,2414704,Várzea,"UF + nome normalizado (caixa, acentos e espaços)",pareamento_unico_por_nome_uf
18937,RAFAEL GODEIRO,RN,rafael godeiro,2410603,Rafael Godeiro,"UF + nome normalizado (caixa, acentos e espaços)",pareamento_unico_por_nome_uf
18953,VERA CRUZ,RN,vera cruz,2414803,Vera Cruz,"UF + nome normalizado (caixa, acentos e espaços)",pareamento_unico_por_nome_uf
18970,VIÇOSA,RN,vicosa,2414902,Viçosa,"UF + nome normalizado (caixa, acentos e espaços)",pareamento_unico_por_nome_uf
18996,VILA FLOR,RN,vila flor,2415008,Vila Flor,"UF + nome normalizado (caixa, acentos e espaços)",pareamento_unico_por_nome_uf
30031,BARAÚNA,RN,barauna,2401453,Baraúna,"UF + nome normalizado (caixa, acentos e espaços)",pareamento_unico_por_nome_uf
00019,GUAJARÁ-MIRIM,RO,guajara-mirim,1100106,Guajará-Mirim,"UF + nome normalizado (caixa, acentos e espaços)",pareamento_unico_por_nome_uf
00035,PORTO VELHO,RO,porto velho,1100205,Porto Velho,"UF + nome normalizado (caixa, acentos e espaços)",pareamento_unico_por_nome_uf
00051,JI-PARANÁ,RO,ji-parana,1100122,Ji-Paraná,"UF + nome normalizado (caixa, acentos e espaços)",pareamento_unico_por_nome_uf
00078,ARIQUEMES,RO,ariquemes,1100023,Ariquemes,"UF + nome normalizado (caixa, acentos e espaços)",pareamento_unico_por_nome_uf
00094,CACOAL,RO,cacoal,1100049,Cacoal,"UF + nome normalizado (caixa, acentos e espaços)",pareamento_unico_por_nome_uf
00116,PIMENTA BUENO,RO,pimenta bueno,1100189,Pimenta Bueno,"UF + nome normalizado (caixa, acentos e espaços)",pareamento_unico_por_nome_uf
00132,VILHENA,RO,vilhena,1100304,Vilhena,"UF + nome normalizado (caixa, acentos e espaços)",pareamento_unico_por_nome_uf
00159,JARU,RO,jaru,1100114,Jaru,"UF + nome normalizado (caixa, acentos e espaços)",pareamento_unico_por_nome_uf
00175,OURO PRETO DO OESTE,RO,ouro preto do oeste,1100155,Ouro Preto do Oeste,"UF + nome normalizado (caixa, acentos e espaços)",pareamento_unico_por_nome_uf
00191,PRESIDENTE MÉDICI,RO,presidente medici,1100254,Presidente Médici,"UF + nome normalizado (caixa, acentos e espaços)",pareamento_unico_por_nome_uf
00213,COSTA MARQUES,RO,costa marques,1100080,Costa Marques,"UF + nome normalizado (caixa, acentos e espaços)",pareamento_unico_por_nome_uf
00230,COLORADO DO OESTE,RO,colorado do oeste,1100064,Colorado do Oeste,"UF + nome normalizado (caixa, acentos e espaços)",pareamento_unico_por_nome_uf
00256,ESPIGÃO DO OESTE,RO,espigao do oeste,,,"UF + nome normalizado (caixa, acentos e espaços)",sem_pareamento_exato
00272,CEREJEIRAS,RO,cerejeiras,1100056,Cerejeiras,"UF + nome normalizado (caixa, acentos e espaços)",pareamento_unico_por_nome_uf
00299,ROLIM DE MOURA,RO,rolim de moura,1100288,Rolim de Moura,"UF + nome normalizado (caixa, acentos e espaços)",pareamento_unico_por_nome_uf
00310,ALTA FLORESTA D OESTE,RO,alta floresta d oeste,,,"UF + nome normalizado (caixa, acentos e espaços)",sem_pareamento_exato
00337,ALVORADA DO OESTE,RO,alvorada do oeste,,,"UF + nome normalizado (caixa, acentos e espaços)",sem_pareamento_exato
00353,SANTA LUZIA D OESTE,RO,santa luzia d oeste,,,"UF + nome normalizado (caixa, acentos e espaços)",sem_pareamento_exato
00370,NOVA BRASILÂNDIA D OESTE,RO,nova brasilandia d oeste,,,"UF + nome normalizado (caixa, acentos e espaços)",sem_pareamento_exato
00396,MACHADINHO D OESTE,RO,machadinho d oeste,,,"UF + nome normalizado (caixa, acentos e espaços)",sem_pareamento_exato
00418,SÃO MIGUEL DO GUAPORÉ,RO,sao miguel do guapore,1100320,São Miguel do Guaporé,"UF + nome normalizado (caixa, acentos e espaços)",pareamento_unico_por_nome_uf
00434,NOVA MAMORÉ,RO,nova mamore,1100338,Nova Mamoré,"UF + nome normalizado (caixa, acentos e espaços)",pareamento_unico_por_nome_uf
00450,CABIXI,RO,cabixi,1100031,Cabixi,"UF + nome normalizado (caixa, acentos e espaços)",pareamento_unico_por_nome_uf
00477,CANDEIAS DO JAMARI,RO,candeias do jamari,1100809,Candeias do Jamari,"UF + nome normalizado (caixa, acentos e espaços)",pareamento_unico_por_nome_uf
00493,ITAPUÃ DO OESTE,RO,itapua do oeste,1101104,Itapuã do Oeste,"UF + nome normalizado (caixa, acentos e espaços)",pareamento_unico_por_nome_uf
00515,NOVO HORIZONTE DO OESTE,RO,novo horizonte do oeste,1100502,Novo Horizonte do Oeste,"UF + nome normalizado (caixa, acentos e espaços)",pareamento_unico_por_nome_uf
00531,CASTANHEIRAS,RO,castanheiras,1100908,Castanheiras,"UF + nome normalizado (caixa, acentos e espaços)",pareamento_unico_por_nome_uf
00558,VALE DO PARAÍSO,RO,vale do paraiso,1101807,Vale do Paraíso,"UF + nome normalizado (caixa, acentos e espaços)",pareamento_unico_por_nome_uf
00566,URUPÁ,RO,urupa,1101708,Urupá,"UF + nome normalizado (caixa, acentos e espaços)",pareamento_unico_por_nome_uf
00574,MIRANTE DA SERRA,RO,mirante da serra,1101302,Mirante da Serra,"UF + nome normalizado (caixa, acentos e espaços)",pareamento_unico_por_nome_uf
00582,SERINGUEIRAS,RO,seringueiras,1101500,Seringueiras,"UF + nome normalizado (caixa, acentos e espaços)",pareamento_unico_por_nome_uf
00590,THEOBROMA,RO,theobroma,1101609,Theobroma,"UF + nome normalizado (caixa, acentos e espaços)",pareamento_unico_por_nome_uf
00604,MINISTRO ANDREAZZA,RO,ministro andreazza,1101203,Ministro Andreazza,"UF + nome normalizado (caixa, acentos e espaços)",pareamento_unico_por_nome_uf
00612,GOVERNADOR JORGE TEIXEIRA,RO,governador jorge teixeira,1101005,Governador Jorge Teixeira,"UF + nome normalizado (caixa, acentos e espaços)",pareamento_unico_por_nome_uf
00620,CACAULÂNDIA,RO,cacaulandia,1100601,Cacaulândia,"UF + nome normalizado (caixa, acentos e espaços)",pareamento_unico_por_nome_uf
00639,ALTO PARAÍSO,RO,alto paraiso,1100403,Alto Paraíso,"UF + nome normalizado (caixa, acentos e espaços)",pareamento_unico_por_nome_uf
00647,RIO CRESPO,RO,rio crespo,1100262,Rio Crespo,"UF + nome normalizado (caixa, acentos e espaços)",pareamento_unico_por_nome_uf
00655,CORUMBIARA,RO,corumbiara,1100072,Corumbiara,"UF + nome normalizado (caixa, acentos e espaços)",pareamento_unico_por_nome_uf
00663,MONTE NEGRO,RO,monte negro,1101401,Monte Negro,"UF + nome normalizado (caixa, acentos e espaços)",pareamento_unico_por_nome_uf
00671,CAMPO NOVO DE RONDÔNIA,RO,campo novo de rondonia,1100700,Campo Novo de Rondônia,"UF + nome normalizado (caixa, acentos e espaços)",pareamento_unico_por_nome_uf
00680,CUJUBIM,RO,cujubim,1100940,Cujubim,"UF + nome normalizado (caixa, acentos e espaços)",pareamento_unico_por_nome_uf
00698,VALE DO ANARI,RO,vale do anari,1101757,Vale do Anari,"UF + nome normalizado (caixa, acentos e espaços)",pareamento_unico_por_nome_uf
00701,PARECIS,RO,parecis,1101450,Parecis,"UF + nome normalizado (caixa, acentos e espaços)",pareamento_unico_por_nome_uf
00710,SÃO FELIPE D OESTE,RO,sao felipe d oeste,,,"UF + nome normalizado (caixa, acentos e espaços)",sem_pareamento_exato
00728,PRIMAVERA DE RONDÔNIA,RO,primavera de rondonia,1101476,Primavera de Rondônia,"UF + nome normalizado (caixa, acentos e espaços)",pareamento_unico_por_nome_uf
00736,ALTO ALEGRE DOS PARECIS,RO,alto alegre dos parecis,1100379,Alto Alegre dos Parecis,"UF + nome normalizado (caixa, acentos e espaços)",pareamento_unico_por_nome_uf
00744,NOVA UNIÃO,RO,nova uniao,1101435,Nova União,"UF + nome normalizado (caixa, acentos e espaços)",pareamento_unico_por_nome_uf
00752,TEIXEIRÓPOLIS,RO,teixeiropolis,1101559,Teixeirópolis,"UF + nome normalizado (caixa, acentos e espaços)",pareamento_unico_por_nome_uf
00779,BURITIS,RO,buritis,1100452,Buritis,"UF + nome normalizado (caixa, acentos e espaços)",pareamento_unico_por_nome_uf
00787,PIMENTEIRAS DO OESTE,RO,pimenteiras do oeste,1101468,Pimenteiras do Oeste,"UF + nome normalizado (caixa, acentos e espaços)",pareamento_unico_por_nome_uf
00795,SÃO FRANCISCO DO GUAPORÉ,RO,sao francisco do guapore,1101492,São Francisco do Guaporé,"UF + nome normalizado (caixa, acentos e espaços)",pareamento_unico_por_nome_uf
00809,CHUPINGUAIA,RO,chupinguaia,1100924,Chupinguaia,"UF + nome normalizado (caixa, acentos e espaços)",pareamento_unico_por_nome_uf
03000,CAROEBE,RR,caroebe,1400233,Caroebe,"UF + nome normalizado (caixa, acentos e espaços)",pareamento_unico_por_nome_uf
03018,BOA VISTA,RR,boa vista,1400100,Boa Vista,"UF + nome normalizado (caixa, acentos e espaços)",pareamento_unico_por_nome_uf
03026,IRACEMA,RR,iracema,1400282,Iracema,"UF + nome normalizado (caixa, acentos e espaços)",pareamento_unico_por_nome_uf
03034,CARACARAÍ,RR,caracarai,1400209,Caracaraí,"UF + nome normalizado (caixa, acentos e espaços)",pareamento_unico_por_nome_uf
03042,AMAJARI,RR,amajari,1400027,Amajari,"UF + nome normalizado (caixa, acentos e espaços)",pareamento_unico_por_nome_uf
03050,ALTO ALEGRE,RR,alto alegre,1400050,Alto Alegre,"UF + nome normalizado (caixa, acentos e espaços)",pareamento_unico_por_nome_uf
03069,CANTÁ,RR,canta,1400175,Cantá,"UF + nome normalizado (caixa, acentos e espaços)",pareamento_unico_por_nome_uf
03077,BONFIM,RR,bonfim,1400159,Bonfim,"UF + nome normalizado (caixa, acentos e espaços)",pareamento_unico_por_nome_uf
03085,RORAINÓPOLIS,RR,rorainopolis,1400472,Rorainópolis,"UF + nome normalizado (caixa, acentos e espaços)",pareamento_unico_por_nome_uf
03093,MUCAJAÍ,RR,mucajai,1400308,Mucajaí,"UF + nome normalizado (caixa, acentos e espaços)",pareamento_unico_por_nome_uf
03107,UIRAMUTÃ,RR,uiramuta,1400704,Uiramutã,"UF + nome normalizado (caixa, acentos e espaços)",pareamento_unico_por_nome_uf
03115,NORMANDIA,RR,normandia,1400407,Normandia,"UF + nome normalizado (caixa, acentos e espaços)",pareamento_unico_por_nome_uf
03123,PACARAIMA,RR,pacaraima,1400456,Pacaraima,"UF + nome normalizado (caixa, acentos e espaços)",pareamento_unico_por_nome_uf
03131,SÃO JOÃO DA BALIZA,RR,sao joao da baliza,1400506,São João da Baliza,"UF + nome normalizado (caixa, acentos e espaços)",pareamento_unico_por_nome_uf
03158,SÃO LUIZ,RR,sao luiz,,,"UF + nome normalizado (caixa, acentos e espaços)",sem_pareamento_exato
84735,ÁUREA,RS,aurea,4301552,Áurea,"UF + nome normalizado (caixa, acentos e espaços)",pareamento_unico_por_nome_uf
84743,TRÊS ARROIOS,RS,tres arroios,4321634,Três Arroios,"UF + nome normalizado (caixa, acentos e espaços)",pareamento_unico_por_nome_uf
84751,NOVA ROMA DO SUL,RS,nova roma do sul,4313359,Nova Roma do Sul,"UF + nome normalizado (caixa, acentos e espaços)",pareamento_unico_por_nome_uf
84760,PROGRESSO,RS,progresso,4315156,Progresso,"UF + nome normalizado (caixa, acentos e espaços)",pareamento_unico_por_nome_uf
84778,PIRAPÓ,RS,pirapo,4314555,Pirapó,"UF + nome normalizado (caixa, acentos e espaços)",pareamento_unico_por_nome_uf
84786,JABOTICABA,RS,jaboticaba,4310850,Jaboticaba,"UF + nome normalizado (caixa, acentos e espaços)",pareamento_unico_por_nome_uf
84794,SÃO JORGE,RS,sao jorge,4318440,São Jorge,"UF + nome normalizado (caixa, acentos e espaços)",pareamento_unico_por_nome_uf
84808,ALTO ALEGRE,RS,alto alegre,4300554,Alto Alegre,"UF + nome normalizado (caixa, acentos e espaços)",pareamento_unico_por_nome_uf
84816,NOVA HARTZ,RS,nova hartz,4313060,Nova Hartz,"UF + nome normalizado (caixa, acentos e espaços)",pareamento_unico_por_nome_uf
84824,DOIS LAJEADOS,RS,dois lajeados,4306452,Dois Lajeados,"UF + nome normalizado (caixa, acentos e espaços)",pareamento_unico_por_nome_uf
84832,SÃO DOMINGOS DO SUL,RS,sao domingos do sul,4318051,São Domingos do Sul,"UF + nome normalizado (caixa, acentos e espaços)",pareamento_unico_por_nome_uf
84840,TUNAS,RS,tunas,4322152,Tunas,"UF + nome normalizado (caixa, acentos e espaços)",pareamento_unico_por_nome_uf
84859,SÃO JOÃO DA URTIGA,RS,sao joao da urtiga,4318424,São João da Urtiga,"UF + nome normalizado (caixa, acentos e espaços)",pareamento_unico_por_nome_uf
84867,GUABIJU,RS,guabiju,4309258,Guabiju,"UF + nome normalizado (caixa, acentos e espaços)",pareamento_unico_por_nome_uf
84875,QUINZE DE NOVEMBRO,RS,quinze de novembro,4315354,Quinze de Novembro,"UF + nome normalizado (caixa, acentos e espaços)",pareamento_unico_por_nome_uf
84883,DOUTOR MAURÍCIO CARDOSO,RS,doutor mauricio cardoso,4306734,Doutor Maurício Cardoso,"UF + nome normalizado (caixa, acentos e espaços)",pareamento_unico_por_nome_uf
84891,CAPELA DE SANTANA,RS,capela de santana,4304689,Capela de Santana,"UF + nome normalizado (caixa, acentos e espaços)",pareamento_unico_por_nome_uf
84905,JAQUIRANA,RS,jaquirana,4311122,Jaquirana,"UF + nome normalizado (caixa, acentos e espaços)",pareamento_unico_por_nome_uf
84913,VANINI,RS,vanini,4322558,Vanini,"UF + nome normalizado (caixa, acentos e espaços)",pareamento_unico_por_nome_uf
84921,BOQUEIRÃO DO LEÃO,RS,boqueirao do leao,4302451,Boqueirão do Leão,"UF + nome normalizado (caixa, acentos e espaços)",pareamento_unico_por_nome_uf
84930,FAGUNDES VARELA,RS,fagundes varela,4307864,Fagundes Varela,"UF + nome normalizado (caixa, acentos e espaços)",pareamento_unico_por_nome_uf
84948,ÁGUA SANTA,RS,agua santa,4300059,Água Santa,"UF + nome normalizado (caixa, acentos e espaços)",pareamento_unico_por_nome_uf
84956,SILVEIRA MARTINS,RS,silveira martins,4320651,Silveira Martins,"UF + nome normalizado (caixa, acentos e espaços)",pareamento_unico_por_nome_uf
84964,IBIRAPUITÃ,RS,ibirapuita,4309951,Ibirapuitã,"UF + nome normalizado (caixa, acentos e espaços)",pareamento_unico_por_nome_uf
84972,IBARAMA,RS,ibarama,4309753,Ibarama,"UF + nome normalizado (caixa, acentos e espaços)",pareamento_unico_por_nome_uf
84980,PANTANO GRANDE,RS,pantano grande,4313953,Pantano Grande,"UF + nome normalizado (caixa, acentos e espaços)",pareamento_unico_por_nome_uf
84999,IPÊ,RS,ipe,4310439,Ipê,"UF + nome normalizado (caixa, acentos e espaços)",pareamento_unico_por_nome_uf
85006,TRINDADE DO SUL,RS,trindade do sul,4321956,Trindade do Sul,"UF + nome normalizado (caixa, acentos e espaços)",pareamento_unico_por_nome_uf
85014,AGUDO,RS,agudo,4300109,Agudo,"UF + nome normalizado (caixa, acentos e espaços)",pareamento_unico_por_nome_uf
85022,ERNESTINA,RS,ernestina,4307054,Ernestina,"UF + nome normalizado (caixa, acentos e espaços)",pareamento_unico_por_nome_uf
85030,AJURICABA,RS,ajuricaba,4300208,Ajuricaba,"UF + nome normalizado (caixa, acentos e espaços)",pareamento_unico_por_nome_uf
85049,DEZESSEIS DE NOVEMBRO,RS,dezesseis de novembro,4306353,Dezesseis de Novembro,"UF + nome normalizado (caixa, acentos e espaços)",pareamento_unico_por_nome_uf
85057,ALECRIM,RS,alecrim,4300307,Alecrim,"UF + nome normalizado (caixa, acentos e espaços)",pareamento_unico_por_nome_uf
85065,BROCHIER,RS,brochier,4302659,Brochier,"UF + nome normalizado (caixa, acentos e espaços)",pareamento_unico_por_nome_uf
85073,ALEGRETE,RS,alegrete,4300406,Alegrete,"UF + nome normalizado (caixa, acentos e espaços)",pareamento_unico_por_nome_uf
85081,EREBANGO,RS,erebango,4306973,Erebango,"UF + nome normalizado (caixa, acentos e espaços)",pareamento_unico_por_nome_uf
85090,ALPESTRE,RS,alpestre,4300505,Alpestre,"UF + nome normalizado (caixa, acentos e espaços)",pareamento_unico_por_nome_uf
85103,ENTRE-IJUÍS,RS,entre-ijuis,4306932,Entre-Ijuís,"UF + nome normalizado (caixa, acentos e espaços)",pareamento_unico_por_nome_uf
85111,ALVORADA,RS,alvorada,4300604,Alvorada,"UF + nome normalizado (caixa, acentos e espaços)",pareamento_unico_por_nome_uf
85120,NOVA ESPERANÇA DO SUL,RS,nova esperanca do sul,4313037,Nova Esperança do Sul,"UF + nome normalizado (caixa, acentos e espaços)",pareamento_unico_por_nome_uf
85138,ANTA GORDA,RS,anta gorda,4300703,Anta Gorda,"UF + nome normalizado (caixa, acentos e espaços)",pareamento_unico_por_nome_uf
85146,PAVERAMA,RS,paverama,4314159,Paverama,"UF + nome normalizado (caixa, acentos e espaços)",pareamento_unico_por_nome_uf
85154,ANTÔNIO PRADO,RS,antonio prado,4300802,Antônio Prado,"UF + nome normalizado (caixa, acentos e espaços)",pareamento_unico_por_nome_uf
85162,TERRA DE AREIA,RS,terra de areia,4321436,Terra de Areia,"UF + nome normalizado (caixa, acentos e espaços)",pareamento_unico_por_nome_uf
85170,ARATIBA,RS,aratiba,4300901,Aratiba,"UF + nome normalizado (caixa, acentos e espaços)",pareamento_unico_por_nome_uf
85189,HARMONIA,RS,harmonia,4309555,Harmonia,"UF + nome normalizado (caixa, acentos e espaços)",pareamento_unico_por_nome_uf
85197,ARROIO DO MEIO,RS,arroio do meio,4301008,Arroio do Meio,"UF + nome normalizado (caixa, acentos e espaços)",pareamento_unico_por_nome_uf
85200,CAMPOS BORGES,RS,campos borges,4304101,Campos Borges,"UF + nome normalizado (caixa, acentos e espaços)",pareamento_unico_por_nome_uf
85219,ARROIO DOS RATOS,RS,arroio dos ratos,4301107,Arroio dos Ratos,"UF + nome normalizado (caixa, acentos e espaços)",pareamento_unico_por_nome_uf
85227,CERRO GRANDE,RS,cerro grande,4305157,Cerro Grande,"UF + nome normalizado (caixa, acentos e espaços)",pareamento_unico_por_nome_uf
85235,ARROIO DO TIGRE,RS,arroio do tigre,4301206,Arroio do Tigre,"UF + nome normalizado (caixa, acentos e espaços)",pareamento_unico_por_nome_uf
85243,IPIRANGA DO SUL,RS,ipiranga do sul,4310462,Ipiranga do Sul,"UF + nome normalizado (caixa, acentos e espaços)",pareamento_unico_por_nome_uf
85251,ARROIO GRANDE,RS,arroio grande,4301305,Arroio Grande,"UF + nome normalizado (caixa, acentos e espaços)",pareamento_unico_por_nome_uf
85260,LAGOÃO,RS,lagoao,4311254,Lagoão,"UF + nome normalizado (caixa, acentos e espaços)",pareamento_unico_por_nome_uf
85278,ARVOREZINHA,RS,arvorezinha,4301404,Arvorezinha,"UF + nome normalizado (caixa, acentos e espaços)",pareamento_unico_por_nome_uf
85286,ESTAÇÃO,RS,estacao,4307559,Estação,"UF + nome normalizado (caixa, acentos e espaços)",pareamento_unico_por_nome_uf
85294,AUGUSTO PESTANA,RS,augusto pestana,4301503,Augusto Pestana,"UF + nome normalizado (caixa, acentos e espaços)",pareamento_unico_por_nome_uf
85308,ARROIO DO SAL,RS,arroio do sal,4301057,Arroio do Sal,"UF + nome normalizado (caixa, acentos e espaços)",pareamento_unico_por_nome_uf
85316,BAGÉ,RS,bage,4301602,Bagé,"UF + nome normalizado (caixa, acentos e espaços)",pareamento_unico_por_nome_uf
85324,SÃO JOSÉ DO HORTÊNCIO,RS,sao jose do hortencio,4318481,São José do Hortêncio,"UF + nome normalizado (caixa, acentos e espaços)",pareamento_unico_por_nome_uf
85332,BARÃO DE COTEGIPE,RS,barao de cotegipe,4301701,Barão de Cotegipe,"UF + nome normalizado (caixa, acentos e espaços)",pareamento_unico_por_nome_uf
85340,PINHAL,RS,pinhal,4314456,Pinhal,"UF + nome normalizado (caixa, acentos e espaços)",pareamento_unico_por_nome_uf
85359,BARRACÃO,RS,barracao,4301800,Barracão,"UF + nome normalizado (caixa, acentos e espaços)",pareamento_unico_por_nome_uf
85367,TRÊS CACHOEIRAS,RS,tres cachoeiras,4321667,Três Cachoeiras,"UF + nome normalizado (caixa, acentos e espaços)",pareamento_unico_por_nome_uf
85375,BARRA DO RIBEIRO,RS,barra do ribeiro,4301909,Barra do Ribeiro,"UF + nome normalizado (caixa, acentos e espaços)",pareamento_unico_por_nome_uf
85383,SÃO VENDELINO,RS,sao vendelino,4319752,São Vendelino,"UF + nome normalizado (caixa, acentos e espaços)",pareamento_unico_por_nome_uf
85391,BARROS CASSAL,RS,barros cassal,4302006,Barros Cassal,"UF + nome normalizado (caixa, acentos e espaços)",pareamento_unico_por_nome_uf
85405,PROTÁSIO ALVES,RS,protasio alves,4315172,Protásio Alves,"UF + nome normalizado (caixa, acentos e espaços)",pareamento_unico_por_nome_uf
85413,BENTO GONÇALVES,RS,bento goncalves,4302105,Bento Gonçalves,"UF + nome normalizado (caixa, acentos e espaços)",pareamento_unico_por_nome_uf
85421,POUSO NOVO,RS,pouso novo,4315131,Pouso Novo,"UF + nome normalizado (caixa, acentos e espaços)",pareamento_unico_por_nome_uf
85430,BOA VISTA DO BURICÁ,RS,boa vista do burica,4302204,Boa Vista do Buricá,"UF + nome normalizado (caixa, acentos e espaços)",pareamento_unico_por_nome_uf
85448,EUGÊNIO DE CASTRO,RS,eugenio de castro,4307831,Eugênio de Castro,"UF + nome normalizado (caixa, acentos e espaços)",pareamento_unico_por_nome_uf
85456,BOM JESUS,RS,bom jesus,4302303,Bom Jesus,"UF + nome normalizado (caixa, acentos e espaços)",pareamento_unico_por_nome_uf
85464,CRISTAL,RS,cristal,4306056,Cristal,"UF + nome normalizado (caixa, acentos e espaços)",pareamento_unico_por_nome_uf
85472,BOM RETIRO DO SUL,RS,bom retiro do sul,4302402,Bom Retiro do Sul,"UF + nome normalizado (caixa, acentos e espaços)",pareamento_unico_por_nome_uf
85480,SÃO MIGUEL DAS MISSÕES,RS,sao miguel das missoes,4319158,São Miguel das Missões,"UF + nome normalizado (caixa, acentos e espaços)",pareamento_unico_por_nome_uf
85499,BOSSOROCA,RS,bossoroca,4302501,Bossoroca,"UF + nome normalizado (caixa, acentos e espaços)",pareamento_unico_por_nome_uf
85502,GLORINHA,RS,glorinha,4309050,Glorinha,"UF + nome normalizado (caixa, acentos e espaços)",pareamento_unico_por_nome_uf
85510,BRAGA,RS,braga,4302600,Braga,"UF + nome normalizado (caixa, acentos e espaços)",pareamento_unico_por_nome_uf
85529,SEGREDO,RS,segredo,4320263,Segredo,"UF + nome normalizado (caixa, acentos e espaços)",pareamento_unico_por_nome_uf
85537,BUTIÁ,RS,butia,4302709,Butiá,"UF + nome normalizado (caixa, acentos e espaços)",pareamento_unico_por_nome_uf
85545,ALEGRIA,RS,alegria,4300455,Alegria,"UF + nome normalizado (caixa, acentos e espaços)",pareamento_unico_por_nome_uf
85553,CAÇAPAVA DO SUL,RS,cacapava do sul,4302808,Caçapava do Sul,"UF + nome normalizado (caixa, acentos e espaços)",pareamento_unico_por_nome_uf
85561,SALDANHA MARINHO,RS,saldanha marinho,4316436,Saldanha Marinho,"UF + nome normalizado (caixa, acentos e espaços)",pareamento_unico_por_nome_uf
85570,CACEQUI,RS,cacequi,4302907,Cacequi,"UF + nome normalizado (caixa, acentos e espaços)",pareamento_unico_por_nome_uf
85588,SÃO JOSÉ DO HERVAL,RS,sao jose do herval,4318465,São José do Herval,"UF + nome normalizado (caixa, acentos e espaços)",pareamento_unico_por_nome_uf
85596,CACHOEIRA DO SUL,RS,cachoeira do sul,4303004,Cachoeira do Sul,"UF + nome normalizado (caixa, acentos e espaços)",pareamento_unico_por_nome_uf
85600,VISTA ALEGRE,RS,vista alegre,4323507,Vista Alegre,"UF + nome normalizado (caixa, acentos e espaços)",pareamento_unico_por_nome_uf
85618,CACHOEIRINHA,RS,cachoeirinha,4303103,Cachoeirinha,"UF + nome normalizado (caixa, acentos e espaços)",pareamento_unico_por_nome_uf
85626,IVORÁ,RS,ivora,4310751,Ivorá,"UF + nome normalizado (caixa, acentos e espaços)",pareamento_unico_por_nome_uf
85634,CACIQUE DOBLE,RS,cacique doble,4303202,Cacique Doble,"UF + nome normalizado (caixa, acentos e espaços)",pareamento_unico_por_nome_uf
85642,VILA MARIA,RS,vila maria,4323408,Vila Maria,"UF + nome normalizado (caixa, acentos e espaços)",pareamento_unico_por_nome_uf
85650,CAIBATÉ,RS,caibate,4303301,Caibaté,"UF + nome normalizado (caixa, acentos e espaços)",pareamento_unico_por_nome_uf
85669,TAQUARUÇU DO SUL,RS,taquarucu do sul,4321329,Taquaruçu do Sul,"UF + nome normalizado (caixa, acentos e espaços)",pareamento_unico_por_nome_uf
85677,CAIÇARA,RS,caicara,4303400,Caiçara,"UF + nome normalizado (caixa, acentos e espaços)",pareamento_unico_por_nome_uf
85685,IMBÉ,RS,imbe,4310330,Imbé,"UF + nome normalizado (caixa, acentos e espaços)",pareamento_unico_por_nome_uf
85693,CAMAQUÃ,RS,camaqua,4303509,Camaquã,"UF + nome normalizado (caixa, acentos e espaços)",pareamento_unico_por_nome_uf
85707,SEDE NOVA,RS,sede nova,4320230,Sede Nova,"UF + nome normalizado (caixa, acentos e espaços)",pareamento_unico_por_nome_uf
85715,CAMBARÁ DO SUL,RS,cambara do sul,4303608,Cambará do Sul,"UF + nome normalizado (caixa, acentos e espaços)",pareamento_unico_por_nome_uf
85723,TUPANDI,RS,tupandi,4322251,Tupandi,"UF + nome normalizado (caixa, acentos e espaços)",pareamento_unico_por_nome_uf
85731,CAMPINA DAS MISSÕES,RS,campina das missoes,4303707,Campina das Missões,"UF + nome normalizado (caixa, acentos e espaços)",pareamento_unico_por_nome_uf
85740,RIOZINHO,RS,riozinho,4315750,Riozinho,"UF + nome normalizado (caixa, acentos e espaços)",pareamento_unico_por_nome_uf
85758,CAMPINAS DO SUL,RS,campinas do sul,4303806,Campinas do Sul,"UF + nome normalizado (caixa, acentos e espaços)",pareamento_unico_por_nome_uf
85766,RELVADO,RS,relvado,4315453,Relvado,"UF + nome normalizado (caixa, acentos e espaços)",pareamento_unico_por_nome_uf
85774,CAMPO BOM,RS,campo bom,4303905,Campo Bom,"UF + nome normalizado (caixa, acentos e espaços)",pareamento_unico_por_nome_uf
85782,IMIGRANTE,RS,imigrante,4310363,Imigrante,"UF + nome normalizado (caixa, acentos e espaços)",pareamento_unico_por_nome_uf
85790,CAMPO NOVO,RS,campo novo,4304002,Campo Novo,"UF + nome normalizado (caixa, acentos e espaços)",pareamento_unico_por_nome_uf
85804,CIDREIRA,RS,cidreira,4305454,Cidreira,"UF + nome normalizado (caixa, acentos e espaços)",pareamento_unico_por_nome_uf
85812,CANDELÁRIA,RS,candelaria,4304200,Candelária,"UF + nome normalizado (caixa, acentos e espaços)",pareamento_unico_por_nome_uf
85820,MONTAURI,RS,montauri,4312351,Montauri,"UF + nome normalizado (caixa, acentos e espaços)",pareamento_unico_por_nome_uf
85839,CÂNDIDO GODÓI,RS,candido godoi,4304309,Cândido Godói,"UF + nome normalizado (caixa, acentos e espaços)",pareamento_unico_por_nome_uf
85847,VISTA GAÚCHA,RS,vista gaucha,4323705,Vista Gaúcha,"UF + nome normalizado (caixa, acentos e espaços)",pareamento_unico_por_nome_uf
85855,CANELA,RS,canela,4304408,Canela,"UF + nome normalizado (caixa, acentos e espaços)",pareamento_unico_por_nome_uf
85863,VISTA ALEGRE DO PRATA,RS,vista alegre do prata,4323606,Vista Alegre do Prata,"UF + nome normalizado (caixa, acentos e espaços)",pareamento_unico_por_nome_uf
85871,CANGUÇU,RS,cangucu,4304507,Canguçu,"UF + nome normalizado (caixa, acentos e espaços)",pareamento_unico_por_nome_uf
85880,CASEIROS,RS,caseiros,4304952,Caseiros,"UF + nome normalizado (caixa, acentos e espaços)",pareamento_unico_por_nome_uf
85898,CANOAS,RS,canoas,4304606,Canoas,"UF + nome normalizado (caixa, acentos e espaços)",pareamento_unico_por_nome_uf
85901,ITACURUBI,RS,itacurubi,4310553,Itacurubi,"UF + nome normalizado (caixa, acentos e espaços)",pareamento_unico_por_nome_uf
85910,CARAZINHO,RS,carazinho,4304705,Carazinho,"UF + nome normalizado (caixa, acentos e espaços)",pareamento_unico_por_nome_uf
85928,ENTRE RIOS DO SUL,RS,entre rios do sul,4306957,Entre Rios do Sul,"UF + nome normalizado (caixa, acentos e espaços)",pareamento_unico_por_nome_uf
85936,CARLOS BARBOSA,RS,carlos barbosa,4304804,Carlos Barbosa,"UF + nome normalizado (caixa, acentos e espaços)",pareamento_unico_por_nome_uf
85944,CERRO GRANDE DO SUL,RS,cerro grande do sul,4305173,Cerro Grande do Sul,"UF + nome normalizado (caixa, acentos e espaços)",pareamento_unico_por_nome_uf
85952,CASCA,RS,casca,4304903,Casca,"UF + nome normalizado (caixa, acentos e espaços)",pareamento_unico_por_nome_uf
85960,CAMARGO,RS,camargo,4303558,Camargo,"UF + nome normalizado (caixa, acentos e espaços)",pareamento_unico_por_nome_uf
85979,CATUÍPE,RS,catuipe,4305009,Catuípe,"UF + nome normalizado (caixa, acentos e espaços)",pareamento_unico_por_nome_uf
85987,PARAÍSO DO SUL,RS,paraiso do sul,4314027,Paraíso do Sul,"UF + nome normalizado (caixa, acentos e espaços)",pareamento_unico_por_nome_uf
85995,CAXIAS DO SUL,RS,caxias do sul,4305108,Caxias do Sul,"UF + nome normalizado (caixa, acentos e espaços)",pareamento_unico_por_nome_uf
86010,CERRO LARGO,RS,cerro largo,4305207,Cerro Largo,"UF + nome normalizado (caixa, acentos e espaços)",pareamento_unico_por_nome_uf
86029,FAXINALZINHO,RS,faxinalzinho,4308052,Faxinalzinho,"UF + nome normalizado (caixa, acentos e espaços)",pareamento_unico_por_nome_uf
86037,CHAPADA,RS,chapada,4305306,Chapada,"UF + nome normalizado (caixa, acentos e espaços)",pareamento_unico_por_nome_uf
86045,AMARAL FERRADOR,RS,amaral ferrador,4300638,Amaral Ferrador,"UF + nome normalizado (caixa, acentos e espaços)",pareamento_unico_por_nome_uf
86053,CHIAPETTA,RS,chiapetta,4305405,Chiapetta,"UF + nome normalizado (caixa, acentos e espaços)",pareamento_unico_por_nome_uf
86061,VILA FLORES,RS,vila flores,4323309,Vila Flores,"UF + nome normalizado (caixa, acentos e espaços)",pareamento_unico_por_nome_uf
86070,CIRÍACO,RS,ciriaco,4305504,Ciríaco,"UF + nome normalizado (caixa, acentos e espaços)",pareamento_unico_por_nome_uf
86088,CERRO BRANCO,RS,cerro branco,4305132,Cerro Branco,"UF + nome normalizado (caixa, acentos e espaços)",pareamento_unico_por_nome_uf
86096,COLORADO,RS,colorado,4305603,Colorado,"UF + nome normalizado (caixa, acentos e espaços)",pareamento_unico_por_nome_uf
86100,ANDRÉ DA ROCHA,RS,andre da rocha,4300661,André da Rocha,"UF + nome normalizado (caixa, acentos e espaços)",pareamento_unico_por_nome_uf
86118,CONDOR,RS,condor,4305702,Condor,"UF + nome normalizado (caixa, acentos e espaços)",pareamento_unico_por_nome_uf
86126,POÇO DAS ANTAS,RS,poco das antas,4314753,Poço das Antas,"UF + nome normalizado (caixa, acentos e espaços)",pareamento_unico_por_nome_uf
86134,CONSTANTINA,RS,constantina,4305801,Constantina,"UF + nome normalizado (caixa, acentos e espaços)",pareamento_unico_por_nome_uf
86142,TRÊS PALMEIRAS,RS,tres palmeiras,4321857,Três Palmeiras,"UF + nome normalizado (caixa, acentos e espaços)",pareamento_unico_por_nome_uf
86150,CORONEL BICACO,RS,coronel bicaco,4305900,Coronel Bicaco,"UF + nome normalizado (caixa, acentos e espaços)",pareamento_unico_por_nome_uf
86169,NOVA ALVORADA,RS,nova alvorada,4312757,Nova Alvorada,"UF + nome normalizado (caixa, acentos e espaços)",pareamento_unico_por_nome_uf
86177,CRISSIUMAL,RS,crissiumal,4306007,Crissiumal,"UF + nome normalizado (caixa, acentos e espaços)",pareamento_unico_por_nome_uf
86185,MORRO REDONDO,RS,morro redondo,4312450,Morro Redondo,"UF + nome normalizado (caixa, acentos e espaços)",pareamento_unico_por_nome_uf
86193,CRUZ ALTA,RS,cruz alta,4306106,Cruz Alta,"UF + nome normalizado (caixa, acentos e espaços)",pareamento_unico_por_nome_uf
86207,SANTA MARIA DO HERVAL,RS,santa maria do herval,4316956,Santa Maria do Herval,"UF + nome normalizado (caixa, acentos e espaços)",pareamento_unico_por_nome_uf
86215,CRUZEIRO DO SUL,RS,cruzeiro do sul,4306205,Cruzeiro do Sul,"UF + nome normalizado (caixa, acentos e espaços)",pareamento_unico_por_nome_uf
86223,BARÃO,RS,barao,4301651,Barão,"UF + nome normalizado (caixa, acentos e espaços)",pareamento_unico_por_nome_uf
86231,DAVID CANABARRO,RS,david canabarro,4306304,David Canabarro,"UF + nome normalizado (caixa, acentos e espaços)",pareamento_unico_por_nome_uf
86240,ELDORADO DO SUL,RS,eldorado do sul,4306767,Eldorado do Sul,"UF + nome normalizado (caixa, acentos e espaços)",pareamento_unico_por_nome_uf
86258,DOIS IRMÃOS,RS,dois irmaos,4306403,Dois Irmãos,"UF + nome normalizado (caixa, acentos e espaços)",pareamento_unico_por_nome_uf
86274,DOM FELICIANO,RS,dom feliciano,4306502,Dom Feliciano,"UF + nome normalizado (caixa, acentos e espaços)",pareamento_unico_por_nome_uf
86282,ALTO FELIZ,RS,alto feliz,4300570,Alto Feliz,"UF + nome normalizado (caixa, acentos e espaços)",pareamento_unico_por_nome_uf
86290,DOM PEDRITO,RS,dom pedrito,4306601,Dom Pedrito,"UF + nome normalizado (caixa, acentos e espaços)",pareamento_unico_por_nome_uf
86304,AMETISTA DO SUL,RS,ametista do sul,4300646,Ametista do Sul,"UF + nome normalizado (caixa, acentos e espaços)",pareamento_unico_por_nome_uf
86312,DONA FRANCISCA,RS,dona francisca,4306700,Dona Francisca,"UF + nome normalizado (caixa, acentos e espaços)",pareamento_unico_por_nome_uf
86320,ARAMBARÉ,RS,arambare,4300851,Arambaré,"UF + nome normalizado (caixa, acentos e espaços)",pareamento_unico_por_nome_uf
86339,ENCANTADO,RS,encantado,4306809,Encantado,"UF + nome normalizado (caixa, acentos e espaços)",pareamento_unico_por_nome_uf
86347,BARÃO DO TRIUNFO,RS,barao do triunfo,4301750,Barão do Triunfo,"UF + nome normalizado (caixa, acentos e espaços)",pareamento_unico_por_nome_uf
86355,ENCRUZILHADA DO SUL,RS,encruzilhada do sul,4306908,Encruzilhada do Sul,"UF + nome normalizado (caixa, acentos e espaços)",pareamento_unico_por_nome_uf
86363,BARRA DO GUARITA,RS,barra do guarita,4301859,Barra do Guarita,"UF + nome normalizado (caixa, acentos e espaços)",pareamento_unico_por_nome_uf
86371,ERECHIM,RS,erechim,4307005,Erechim,"UF + nome normalizado (caixa, acentos e espaços)",pareamento_unico_por_nome_uf
86380,BARRA DO RIO AZUL,RS,barra do rio azul,4301925,Barra do Rio Azul,"UF + nome normalizado (caixa, acentos e espaços)",pareamento_unico_por_nome_uf
86398,HERVAL,RS,herval,4307104,Herval,"UF + nome normalizado (caixa, acentos e espaços)",pareamento_unico_por_nome_uf
86401,BARRA FUNDA,RS,barra funda,4301958,Barra Funda,"UF + nome normalizado (caixa, acentos e espaços)",pareamento_unico_por_nome_uf
86410,ERVAL GRANDE,RS,erval grande,4307203,Erval Grande,"UF + nome normalizado (caixa, acentos e espaços)",pareamento_unico_por_nome_uf
86428,BOA VISTA DAS MISSÕES,RS,boa vista das missoes,4302154,Boa Vista das Missões,"UF + nome normalizado (caixa, acentos e espaços)",pareamento_unico_por_nome_uf
86436,ERVAL SECO,RS,erval seco,4307302,Erval Seco,"UF + nome normalizado (caixa, acentos e espaços)",pareamento_unico_por_nome_uf
86444,BOM PROGRESSO,RS,bom progresso,4302378,Bom Progresso,"UF + nome normalizado (caixa, acentos e espaços)",pareamento_unico_por_nome_uf
86452,ESMERALDA,RS,esmeralda,4307401,Esmeralda,"UF + nome normalizado (caixa, acentos e espaços)",pareamento_unico_por_nome_uf
86460,CAMPESTRE DA SERRA,RS,campestre da serra,4303673,Campestre da Serra,"UF + nome normalizado (caixa, acentos e espaços)",pareamento_unico_por_nome_uf
86479,ESPUMOSO,RS,espumoso,4307500,Espumoso,"UF + nome normalizado (caixa, acentos e espaços)",pareamento_unico_por_nome_uf
86487,CANDIOTA,RS,candiota,4304358,Candiota,"UF + nome normalizado (caixa, acentos e espaços)",pareamento_unico_por_nome_uf
86495,ESTÂNCIA VELHA,RS,estancia velha,4307609,Estância Velha,"UF + nome normalizado (caixa, acentos e espaços)",pareamento_unico_por_nome_uf
86509,CAPITÃO,RS,capitao,4304697,Capitão,"UF + nome normalizado (caixa, acentos e espaços)",pareamento_unico_por_nome_uf
86517,ESTEIO,RS,esteio,4307708,Esteio,"UF + nome normalizado (caixa, acentos e espaços)",pareamento_unico_por_nome_uf
86525,CARLOS GOMES,RS,carlos gomes,4304853,Carlos Gomes,"UF + nome normalizado (caixa, acentos e espaços)",pareamento_unico_por_nome_uf
86533,ESTRELA,RS,estrela,4307807,Estrela,"UF + nome normalizado (caixa, acentos e espaços)",pareamento_unico_por_nome_uf
86541,CENTENÁRIO,RS,centenario,4305116,Centenário,"UF + nome normalizado (caixa, acentos e espaços)",pareamento_unico_por_nome_uf
86550,FARROUPILHA,RS,farroupilha,4307906,Farroupilha,"UF + nome normalizado (caixa, acentos e espaços)",pareamento_unico_por_nome_uf
86568,CHARRUA,RS,charrua,4305371,Charrua,"UF + nome normalizado (caixa, acentos e espaços)",pareamento_unico_por_nome_uf
86576,FAXINAL DO SOTURNO,RS,faxinal do soturno,4308003,Faxinal do Soturno,"UF + nome normalizado (caixa, acentos e espaços)",pareamento_unico_por_nome_uf
86584,COLINAS,RS,colinas,4305587,Colinas,"UF + nome normalizado (caixa, acentos e espaços)",pareamento_unico_por_nome_uf
86592,FELIZ,RS,feliz,4308102,Feliz,"UF + nome normalizado (caixa, acentos e espaços)",pareamento_unico_por_nome_uf
86606,COQUEIROS DO SUL,RS,coqueiros do sul,4305850,Coqueiros do Sul,"UF + nome normalizado (caixa, acentos e espaços)",pareamento_unico_por_nome_uf
86614,FLORES DA CUNHA,RS,flores da cunha,4308201,Flores da Cunha,"UF + nome normalizado (caixa, acentos e espaços)",pareamento_unico_por_nome_uf
86622,CORONEL BARROS,RS,coronel barros,4305871,Coronel Barros,"UF + nome normalizado (caixa, acentos e espaços)",pareamento_unico_por_nome_uf
86630,FONTOURA XAVIER,RS,fontoura xavier,4308300,Fontoura Xavier,"UF + nome normalizado (caixa, acentos e espaços)",pareamento_unico_por_nome_uf
86649,COXILHA,RS,coxilha,4305975,Coxilha,"UF + nome normalizado (caixa, acentos e espaços)",pareamento_unico_por_nome_uf
86657,FORMIGUEIRO,RS,formigueiro,4308409,Formigueiro,"UF + nome normalizado (caixa, acentos e espaços)",pareamento_unico_por_nome_uf
86665,DERRUBADAS,RS,derrubadas,4306320,Derrubadas,"UF + nome normalizado (caixa, acentos e espaços)",pareamento_unico_por_nome_uf
86673,FREDERICO WESTPHALEN,RS,frederico westphalen,4308508,Frederico Westphalen,"UF + nome normalizado (caixa, acentos e espaços)",pareamento_unico_por_nome_uf
86681,DOIS IRMÃOS DAS MISSÕES,RS,dois irmaos das missoes,4306429,Dois Irmãos das Missões,"UF + nome normalizado (caixa, acentos e espaços)",pareamento_unico_por_nome_uf
86690,GARIBALDI,RS,garibaldi,4308607,Garibaldi,"UF + nome normalizado (caixa, acentos e espaços)",pareamento_unico_por_nome_uf
86703,ENGENHO VELHO,RS,engenho velho,4306924,Engenho Velho,"UF + nome normalizado (caixa, acentos e espaços)",pareamento_unico_por_nome_uf
86711,GAURAMA,RS,gaurama,4308706,Gaurama,"UF + nome normalizado (caixa, acentos e espaços)",pareamento_unico_por_nome_uf
86720,GARRUCHOS,RS,garruchos,4308656,Garruchos,"UF + nome normalizado (caixa, acentos e espaços)",pareamento_unico_por_nome_uf
86738,GENERAL CÂMARA,RS,general camara,4308805,General Câmara,"UF + nome normalizado (caixa, acentos e espaços)",pareamento_unico_por_nome_uf
86746,GENTIL,RS,gentil,4308854,Gentil,"UF + nome normalizado (caixa, acentos e espaços)",pareamento_unico_por_nome_uf
86754,SÃO VICENTE DO SUL,RS,sao vicente do sul,4319802,São Vicente do Sul,"UF + nome normalizado (caixa, acentos e espaços)",pareamento_unico_por_nome_uf
86762,GRAMADO DOS LOUREIROS,RS,gramado dos loureiros,4309126,Gramado dos Loureiros,"UF + nome normalizado (caixa, acentos e espaços)",pareamento_unico_por_nome_uf
86770,GETÚLIO VARGAS,RS,getulio vargas,4308904,Getúlio Vargas,"UF + nome normalizado (caixa, acentos e espaços)",pareamento_unico_por_nome_uf
86789,GRAMADO XAVIER,RS,gramado xavier,4309159,Gramado Xavier,"UF + nome normalizado (caixa, acentos e espaços)",pareamento_unico_por_nome_uf
86797,GIRUÁ,RS,girua,4309001,Giruá,"UF + nome normalizado (caixa, acentos e espaços)",pareamento_unico_por_nome_uf
86800,HULHA NEGRA,RS,hulha negra,4309654,Hulha Negra,"UF + nome normalizado (caixa, acentos e espaços)",pareamento_unico_por_nome_uf
86819,GRAMADO,RS,gramado,4309100,Gramado,"UF + nome normalizado (caixa, acentos e espaços)",pareamento_unico_por_nome_uf
86827,INHACORÁ,RS,inhacora,4310413,Inhacorá,"UF + nome normalizado (caixa, acentos e espaços)",pareamento_unico_por_nome_uf
86835,GRAVATAÍ,RS,gravatai,4309209,Gravataí,"UF + nome normalizado (caixa, acentos e espaços)",pareamento_unico_por_nome_uf
86843,ITAPUCA,RS,itapuca,4310579,Itapuca,"UF + nome normalizado (caixa, acentos e espaços)",pareamento_unico_por_nome_uf
86851,GUAÍBA,RS,guaiba,4309308,Guaíba,"UF + nome normalizado (caixa, acentos e espaços)",pareamento_unico_por_nome_uf
86860,LAJEADO DO BUGRE,RS,lajeado do bugre,4311429,Lajeado do Bugre,"UF + nome normalizado (caixa, acentos e espaços)",pareamento_unico_por_nome_uf
86878,GUAPORÉ,RS,guapore,4309407,Guaporé,"UF + nome normalizado (caixa, acentos e espaços)",pareamento_unico_por_nome_uf
86886,LAGOA DOS TRÊS CANTOS,RS,lagoa dos tres cantos,4311270,Lagoa dos Três Cantos,"UF + nome normalizado (caixa, acentos e espaços)",pareamento_unico_por_nome_uf
86894,GUARANI DAS MISSÕES,RS,guarani das missoes,4309506,Guarani das Missões,"UF + nome normalizado (caixa, acentos e espaços)",pareamento_unico_por_nome_uf
86908,LINDOLFO COLLOR,RS,lindolfo collor,4311627,Lindolfo Collor,"UF + nome normalizado (caixa, acentos e espaços)",pareamento_unico_por_nome_uf
86916,HORIZONTINA,RS,horizontina,4309605,Horizontina,"UF + nome normalizado (caixa, acentos e espaços)",pareamento_unico_por_nome_uf
86924,LINHA NOVA,RS,linha nova,4311643,Linha Nova,"UF + nome normalizado (caixa, acentos e espaços)",pareamento_unico_por_nome_uf
86932,CHARQUEADAS,RS,charqueadas,4305355,Charqueadas,"UF + nome normalizado (caixa, acentos e espaços)",pareamento_unico_por_nome_uf
86940,MANOEL VIANA,RS,manoel viana,4311759,Manoel Viana,"UF + nome normalizado (caixa, acentos e espaços)",pareamento_unico_por_nome_uf
86959,HUMAITÁ,RS,humaita,4309704,Humaitá,"UF + nome normalizado (caixa, acentos e espaços)",pareamento_unico_por_nome_uf
86967,MAQUINÉ,RS,maquine,4311775,Maquiné,"UF + nome normalizado (caixa, acentos e espaços)",pareamento_unico_por_nome_uf
86975,IBIAÇÁ,RS,ibiaca,4309803,Ibiaçá,"UF + nome normalizado (caixa, acentos e espaços)",pareamento_unico_por_nome_uf
86983,MARATÁ,RS,marata,4311791,Maratá,"UF + nome normalizado (caixa, acentos e espaços)",pareamento_unico_por_nome_uf
86991,IBIRAIARAS,RS,ibiraiaras,4309902,Ibiraiaras,"UF + nome normalizado (caixa, acentos e espaços)",pareamento_unico_por_nome_uf
87009,MARIANA PIMENTEL,RS,mariana pimentel,4311981,Mariana Pimentel,"UF + nome normalizado (caixa, acentos e espaços)",pareamento_unico_por_nome_uf
87017,IBIRUBÁ,RS,ibiruba,4310009,Ibirubá,"UF + nome normalizado (caixa, acentos e espaços)",pareamento_unico_por_nome_uf
87025,MATO CASTELHANO,RS,mato castelhano,4312138,Mato Castelhano,"UF + nome normalizado (caixa, acentos e espaços)",pareamento_unico_por_nome_uf
87033,IGREJINHA,RS,igrejinha,4310108,Igrejinha,"UF + nome normalizado (caixa, acentos e espaços)",pareamento_unico_por_nome_uf
87041,MATO LEITÃO,RS,mato leitao,4312153,Mato Leitão,"UF + nome normalizado (caixa, acentos e espaços)",pareamento_unico_por_nome_uf
87050,IJUÍ,RS,ijui,4310207,Ijuí,"UF + nome normalizado (caixa, acentos e espaços)",pareamento_unico_por_nome_uf
87068,MINAS DO LEÃO,RS,minas do leao,4312252,Minas do Leão,"UF + nome normalizado (caixa, acentos e espaços)",pareamento_unico_por_nome_uf
87076,ILÓPOLIS,RS,ilopolis,4310306,Ilópolis,"UF + nome normalizado (caixa, acentos e espaços)",pareamento_unico_por_nome_uf
87084,MONTE BELO DO SUL,RS,monte belo do sul,4312385,Monte Belo do Sul,"UF + nome normalizado (caixa, acentos e espaços)",pareamento_unico_por_nome_uf
87092,INDEPENDÊNCIA,RS,independencia,4310405,Independência,"UF + nome normalizado (caixa, acentos e espaços)",pareamento_unico_por_nome_uf
87106,MORMAÇO,RS,mormaco,4312427,Mormaço,"UF + nome normalizado (caixa, acentos e espaços)",pareamento_unico_por_nome_uf
87114,IRAÍ,RS,irai,4310504,Iraí,"UF + nome normalizado (caixa, acentos e espaços)",pareamento_unico_por_nome_uf
87122,MORRINHOS DO SUL,RS,morrinhos do sul,4312443,Morrinhos do Sul,"UF + nome normalizado (caixa, acentos e espaços)",pareamento_unico_por_nome_uf
87130,ITAQUI,RS,itaqui,4310603,Itaqui,"UF + nome normalizado (caixa, acentos e espaços)",pareamento_unico_por_nome_uf
87149,MORRO REUTER,RS,morro reuter,4312476,Morro Reuter,"UF + nome normalizado (caixa, acentos e espaços)",pareamento_unico_por_nome_uf
87157,ITATIBA DO SUL,RS,itatiba do sul,4310702,Itatiba do Sul,"UF + nome normalizado (caixa, acentos e espaços)",pareamento_unico_por_nome_uf
87165,MULITERNO,RS,muliterno,4312625,Muliterno,"UF + nome normalizado (caixa, acentos e espaços)",pareamento_unico_por_nome_uf
87173,IVOTI,RS,ivoti,4310801,Ivoti,"UF + nome normalizado (caixa, acentos e espaços)",pareamento_unico_por_nome_uf
87181,NICOLAU VERGUEIRO,RS,nicolau vergueiro,4312674,Nicolau Vergueiro,"UF + nome normalizado (caixa, acentos e espaços)",pareamento_unico_por_nome_uf
87190,JACUTINGA,RS,jacutinga,4310900,Jacutinga,"UF + nome normalizado (caixa, acentos e espaços)",pareamento_unico_por_nome_uf
87203,NOVA BOA VISTA,RS,nova boa vista,4312955,Nova Boa Vista,"UF + nome normalizado (caixa, acentos e espaços)",pareamento_unico_por_nome_uf
87211,JAGUARÃO,RS,jaguarao,4311007,Jaguarão,"UF + nome normalizado (caixa, acentos e espaços)",pareamento_unico_por_nome_uf
87220,NOVA PÁDUA,RS,nova padua,4313086,Nova Pádua,"UF + nome normalizado (caixa, acentos e espaços)",pareamento_unico_por_nome_uf
87238,JAGUARI,RS,jaguari,4311106,Jaguari,"UF + nome normalizado (caixa, acentos e espaços)",pareamento_unico_por_nome_uf
87246,NOVA SANTA RITA,RS,nova santa rita,4313375,Nova Santa Rita,"UF + nome normalizado (caixa, acentos e espaços)",pareamento_unico_por_nome_uf
87254,JÚLIO DE CASTILHOS,RS,julio de castilhos,4311205,Júlio de Castilhos,"UF + nome normalizado (caixa, acentos e espaços)",pareamento_unico_por_nome_uf
87262,NOVO BARREIRO,RS,novo barreiro,4313490,Novo Barreiro,"UF + nome normalizado (caixa, acentos e espaços)",pareamento_unico_por_nome_uf
87270,LAGOA VERMELHA,RS,lagoa vermelha,4311304,Lagoa Vermelha,"UF + nome normalizado (caixa, acentos e espaços)",pareamento_unico_por_nome_uf
87289,NOVO MACHADO,RS,novo machado,4313425,Novo Machado,"UF + nome normalizado (caixa, acentos e espaços)",pareamento_unico_por_nome_uf
87297,LAJEADO,RS,lajeado,4311403,Lajeado,"UF + nome normalizado (caixa, acentos e espaços)",pareamento_unico_por_nome_uf
87300,NOVO TIRADENTES,RS,novo tiradentes,4313441,Novo Tiradentes,"UF + nome normalizado (caixa, acentos e espaços)",pareamento_unico_por_nome_uf
87319,LAVRAS DO SUL,RS,lavras do sul,4311502,Lavras do Sul,"UF + nome normalizado (caixa, acentos e espaços)",pareamento_unico_por_nome_uf
87327,PARECI NOVO,RS,pareci novo,4314035,Pareci Novo,"UF + nome normalizado (caixa, acentos e espaços)",pareamento_unico_por_nome_uf
87335,LIBERATO SALZANO,RS,liberato salzano,4311601,Liberato Salzano,"UF + nome normalizado (caixa, acentos e espaços)",pareamento_unico_por_nome_uf
87343,PASSO DO SOBRADO,RS,passo do sobrado,4314076,Passo do Sobrado,"UF + nome normalizado (caixa, acentos e espaços)",pareamento_unico_por_nome_uf
87351,MACHADINHO,RS,machadinho,4311700,Machadinho,"UF + nome normalizado (caixa, acentos e espaços)",pareamento_unico_por_nome_uf
87360,PICADA CAFÉ,RS,picada cafe,4314423,Picada Café,"UF + nome normalizado (caixa, acentos e espaços)",pareamento_unico_por_nome_uf
87378,MARAU,RS,marau,4311809,Marau,"UF + nome normalizado (caixa, acentos e espaços)",pareamento_unico_por_nome_uf
87386,PINHAL GRANDE,RS,pinhal grande,4314472,Pinhal Grande,"UF + nome normalizado (caixa, acentos e espaços)",pareamento_unico_por_nome_uf
87394,MARCELINO RAMOS,RS,marcelino ramos,4311908,Marcelino Ramos,"UF + nome normalizado (caixa, acentos e espaços)",pareamento_unico_por_nome_uf
87408,PINHEIRINHO DO VALE,RS,pinheirinho do vale,4314498,Pinheirinho do Vale,"UF + nome normalizado (caixa, acentos e espaços)",pareamento_unico_por_nome_uf
87416,MARIANO MORO,RS,mariano moro,4312005,Mariano Moro,"UF + nome normalizado (caixa, acentos e espaços)",pareamento_unico_por_nome_uf
87424,PONTÃO,RS,pontao,4314779,Pontão,"UF + nome normalizado (caixa, acentos e espaços)",pareamento_unico_por_nome_uf
87432,MATA,RS,mata,4312104,Mata,"UF + nome normalizado (caixa, acentos e espaços)",pareamento_unico_por_nome_uf
87440,PONTE PRETA,RS,ponte preta,4314787,Ponte Preta,"UF + nome normalizado (caixa, acentos e espaços)",pareamento_unico_por_nome_uf
87459,MAXIMILIANO DE ALMEIDA,RS,maximiliano de almeida,4312203,Maximiliano de Almeida,"UF + nome normalizado (caixa, acentos e espaços)",pareamento_unico_por_nome_uf
87467,PORTO MAUÁ,RS,porto maua,4315057,Porto Mauá,"UF + nome normalizado (caixa, acentos e espaços)",pareamento_unico_por_nome_uf
87475,MIRAGUAÍ,RS,miraguai,4312302,Miraguaí,"UF + nome normalizado (caixa, acentos e espaços)",pareamento_unico_por_nome_uf
87483,PORTO VERA CRUZ,RS,porto vera cruz,4315073,Porto Vera Cruz,"UF + nome normalizado (caixa, acentos e espaços)",pareamento_unico_por_nome_uf
87491,MONTENEGRO,RS,montenegro,4312401,Montenegro,"UF + nome normalizado (caixa, acentos e espaços)",pareamento_unico_por_nome_uf
87505,PRESIDENTE LUCENA,RS,presidente lucena,4315149,Presidente Lucena,"UF + nome normalizado (caixa, acentos e espaços)",pareamento_unico_por_nome_uf
87513,MOSTARDAS,RS,mostardas,4312500,Mostardas,"UF + nome normalizado (caixa, acentos e espaços)",pareamento_unico_por_nome_uf
87521,QUEVEDOS,RS,quevedos,4315321,Quevedos,"UF + nome normalizado (caixa, acentos e espaços)",pareamento_unico_por_nome_uf
87530,MUÇUM,RS,mucum,4312609,Muçum,"UF + nome normalizado (caixa, acentos e espaços)",pareamento_unico_por_nome_uf
87548,RIO DOS ÍNDIOS,RS,rio dos indios,4315552,Rio dos Índios,"UF + nome normalizado (caixa, acentos e espaços)",pareamento_unico_por_nome_uf
87556,NÃO-ME-TOQUE,RS,nao-me-toque,4312658,Não-Me-Toque,"UF + nome normalizado (caixa, acentos e espaços)",pareamento_unico_por_nome_uf
87564,SAGRADA FAMÍLIA,RS,sagrada familia,4316428,Sagrada Família,"UF + nome normalizado (caixa, acentos e espaços)",pareamento_unico_por_nome_uf
87572,NONOAI,RS,nonoai,4312708,Nonoai,"UF + nome normalizado (caixa, acentos e espaços)",pareamento_unico_por_nome_uf
87580,SALVADOR DAS MISSÕES,RS,salvador das missoes,4316477,Salvador das Missões,"UF + nome normalizado (caixa, acentos e espaços)",pareamento_unico_por_nome_uf
87599,NOVA ARAÇÁ,RS,nova araca,4312807,Nova Araçá,"UF + nome normalizado (caixa, acentos e espaços)",pareamento_unico_por_nome_uf
87602,SANTA CLARA DO SUL,RS,santa clara do sul,4316758,Santa Clara do Sul,"UF + nome normalizado (caixa, acentos e espaços)",pareamento_unico_por_nome_uf
87610,NOVA BASSANO,RS,nova bassano,4312906,Nova Bassano,"UF + nome normalizado (caixa, acentos e espaços)",pareamento_unico_por_nome_uf
87629,SANTA TEREZA,RS,santa tereza,4317251,Santa Tereza,"UF + nome normalizado (caixa, acentos e espaços)",pareamento_unico_por_nome_uf
87637,NOVA BRÉSCIA,RS,nova brescia,4313003,Nova Bréscia,"UF + nome normalizado (caixa, acentos e espaços)",pareamento_unico_por_nome_uf
87645,SANTO ANTÔNIO DO PALMA,RS,santo antonio do palma,4317558,Santo Antônio do Palma,"UF + nome normalizado (caixa, acentos e espaços)",pareamento_unico_por_nome_uf
87653,NOVA PALMA,RS,nova palma,4313102,Nova Palma,"UF + nome normalizado (caixa, acentos e espaços)",pareamento_unico_por_nome_uf
87661,SANTO ANTÔNIO DO PLANALTO,RS,santo antonio do planalto,4317756,Santo Antônio do Planalto,"UF + nome normalizado (caixa, acentos e espaços)",pareamento_unico_por_nome_uf
87670,NOVA PETRÓPOLIS,RS,nova petropolis,4313201,Nova Petrópolis,"UF + nome normalizado (caixa, acentos e espaços)",pareamento_unico_por_nome_uf
87688,SANTO EXPEDITO DO SUL,RS,santo expedito do sul,4317954,Santo Expedito do Sul,"UF + nome normalizado (caixa, acentos e espaços)",pareamento_unico_por_nome_uf
87696,NOVA PRATA,RS,nova prata,4313300,Nova Prata,"UF + nome normalizado (caixa, acentos e espaços)",pareamento_unico_por_nome_uf
87700,SÃO JOÃO DO POLÊSINE,RS,sao joao do polesine,4318432,São João do Polêsine,"UF + nome normalizado (caixa, acentos e espaços)",pareamento_unico_por_nome_uf
87718,NOVO HAMBURGO,RS,novo hamburgo,4313409,Novo Hamburgo,"UF + nome normalizado (caixa, acentos e espaços)",pareamento_unico_por_nome_uf
87726,SÃO JOSÉ DOS AUSENTES,RS,sao jose dos ausentes,4318622,São José dos Ausentes,"UF + nome normalizado (caixa, acentos e espaços)",pareamento_unico_por_nome_uf
87734,OSÓRIO,RS,osorio,4313508,Osório,"UF + nome normalizado (caixa, acentos e espaços)",pareamento_unico_por_nome_uf
87742,SÃO JOSÉ DO INHACORÁ,RS,sao jose do inhacora,4318499,São José do Inhacorá,"UF + nome normalizado (caixa, acentos e espaços)",pareamento_unico_por_nome_uf
87750,PAIM FILHO,RS,paim filho,4313607,Paim Filho,"UF + nome normalizado (caixa, acentos e espaços)",pareamento_unico_por_nome_uf
87769,SÃO JOSÉ DAS MISSÕES,RS,sao jose das missoes,4318457,São José das Missões,"UF + nome normalizado (caixa, acentos e espaços)",pareamento_unico_por_nome_uf
87777,PALMEIRA DAS MISSÕES,RS,palmeira das missoes,4313706,Palmeira das Missões,"UF + nome normalizado (caixa, acentos e espaços)",pareamento_unico_por_nome_uf
87785,SÃO MARTINHO DA SERRA,RS,sao martinho da serra,4319125,São Martinho da Serra,"UF + nome normalizado (caixa, acentos e espaços)",pareamento_unico_por_nome_uf
87793,PALMITINHO,RS,palmitinho,4313805,Palmitinho,"UF + nome normalizado (caixa, acentos e espaços)",pareamento_unico_por_nome_uf
87807,SÃO PEDRO DA SERRA,RS,sao pedro da serra,4319356,São Pedro da Serra,"UF + nome normalizado (caixa, acentos e espaços)",pareamento_unico_por_nome_uf
87815,PANAMBI,RS,panambi,4313904,Panambi,"UF + nome normalizado (caixa, acentos e espaços)",pareamento_unico_por_nome_uf
87823,SÃO PEDRO DO BUTIÁ,RS,sao pedro do butia,4319372,São Pedro do Butiá,"UF + nome normalizado (caixa, acentos e espaços)",pareamento_unico_por_nome_uf
87831,PARAÍ,RS,parai,4314001,Paraí,"UF + nome normalizado (caixa, acentos e espaços)",pareamento_unico_por_nome_uf
87840,SÃO VALENTIM DO SUL,RS,sao valentim do sul,4319711,São Valentim do Sul,"UF + nome normalizado (caixa, acentos e espaços)",pareamento_unico_por_nome_uf
87858,PASSO FUNDO,RS,passo fundo,4314100,Passo Fundo,"UF + nome normalizado (caixa, acentos e espaços)",pareamento_unico_por_nome_uf
87866,SÃO VALÉRIO DO SUL,RS,sao valerio do sul,4319737,São Valério do Sul,"UF + nome normalizado (caixa, acentos e espaços)",pareamento_unico_por_nome_uf
87874,PEDRO OSÓRIO,RS,pedro osorio,4314209,Pedro Osório,"UF + nome normalizado (caixa, acentos e espaços)",pareamento_unico_por_nome_uf
87882,SENTINELA DO SUL,RS,sentinela do sul,4320354,Sentinela do Sul,"UF + nome normalizado (caixa, acentos e espaços)",pareamento_unico_por_nome_uf
87890,PEJUÇARA,RS,pejucara,4314308,Pejuçara,"UF + nome normalizado (caixa, acentos e espaços)",pareamento_unico_por_nome_uf
87904,SÉRIO,RS,serio,4320453,Sério,"UF + nome normalizado (caixa, acentos e espaços)",pareamento_unico_por_nome_uf
87912,PELOTAS,RS,pelotas,4314407,Pelotas,"UF + nome normalizado (caixa, acentos e espaços)",pareamento_unico_por_nome_uf
87920,SERTÃO SANTANA,RS,sertao santana,4320552,Sertão Santana,"UF + nome normalizado (caixa, acentos e espaços)",pareamento_unico_por_nome_uf
87939,PINHEIRO MACHADO,RS,pinheiro machado,4314506,Pinheiro Machado,"UF + nome normalizado (caixa, acentos e espaços)",pareamento_unico_por_nome_uf
87947,SINIMBU,RS,sinimbu,4320677,Sinimbu,"UF + nome normalizado (caixa, acentos e espaços)",pareamento_unico_por_nome_uf
87955,PIRATINI,RS,piratini,4314605,Piratini,"UF + nome normalizado (caixa, acentos e espaços)",pareamento_unico_por_nome_uf
87963,TIRADENTES DO SUL,RS,tiradentes do sul,4321477,Tiradentes do Sul,"UF + nome normalizado (caixa, acentos e espaços)",pareamento_unico_por_nome_uf
87971,PLANALTO,RS,planalto,4314704,Planalto,"UF + nome normalizado (caixa, acentos e espaços)",pareamento_unico_por_nome_uf
87980,TRAVESSEIRO,RS,travesseiro,4321626,Travesseiro,"UF + nome normalizado (caixa, acentos e espaços)",pareamento_unico_por_nome_uf
87998,PORTÃO,RS,portao,4314803,Portão,"UF + nome normalizado (caixa, acentos e espaços)",pareamento_unico_por_nome_uf
88005,TRÊS FORQUILHAS,RS,tres forquilhas,4321832,Três Forquilhas,"UF + nome normalizado (caixa, acentos e espaços)",pareamento_unico_por_nome_uf
88013,PORTO ALEGRE,RS,porto alegre,4314902,Porto Alegre,"UF + nome normalizado (caixa, acentos e espaços)",pareamento_unico_por_nome_uf
88021,TUPANCI DO SUL,RS,tupanci do sul,4322186,Tupanci do Sul,"UF + nome normalizado (caixa, acentos e espaços)",pareamento_unico_por_nome_uf
88030,PORTO LUCENA,RS,porto lucena,4315008,Porto Lucena,"UF + nome normalizado (caixa, acentos e espaços)",pareamento_unico_por_nome_uf
88048,UNIÃO DA SERRA,RS,uniao da serra,4322350,União da Serra,"UF + nome normalizado (caixa, acentos e espaços)",pareamento_unico_por_nome_uf
88056,PORTO XAVIER,RS,porto xavier,4315107,Porto Xavier,"UF + nome normalizado (caixa, acentos e espaços)",pareamento_unico_por_nome_uf
88064,VALE DO SOL,RS,vale do sol,4322533,Vale do Sol,"UF + nome normalizado (caixa, acentos e espaços)",pareamento_unico_por_nome_uf
88072,PUTINGA,RS,putinga,4315206,Putinga,"UF + nome normalizado (caixa, acentos e espaços)",pareamento_unico_por_nome_uf
88080,VALE REAL,RS,vale real,4322541,Vale Real,"UF + nome normalizado (caixa, acentos e espaços)",pareamento_unico_por_nome_uf
88099,QUARAÍ,RS,quarai,4315305,Quaraí,"UF + nome normalizado (caixa, acentos e espaços)",pareamento_unico_por_nome_uf
88102,VILA NOVA DO SUL,RS,vila nova do sul,4323457,Vila Nova do Sul,"UF + nome normalizado (caixa, acentos e espaços)",pareamento_unico_por_nome_uf
88110,REDENTORA,RS,redentora,4315404,Redentora,"UF + nome normalizado (caixa, acentos e espaços)",pareamento_unico_por_nome_uf
88129,VITÓRIA DAS MISSÕES,RS,vitoria das missoes,4323754,Vitória das Missões,"UF + nome normalizado (caixa, acentos e espaços)",pareamento_unico_por_nome_uf
88137,RESTINGA SÊCA,RS,restinga seca,4315503,Restinga Sêca,"UF + nome normalizado (caixa, acentos e espaços)",pareamento_unico_por_nome_uf
88145,XANGRI-LÁ,RS,xangri-la,4323804,Xangri-lá,"UF + nome normalizado (caixa, acentos e espaços)",pareamento_unico_por_nome_uf
88153,RIO GRANDE,RS,rio grande,4315602,Rio Grande,"UF + nome normalizado (caixa, acentos e espaços)",pareamento_unico_por_nome_uf
88161,BOA VISTA DO SUL,RS,boa vista do sul,4302253,Boa Vista do Sul,"UF + nome normalizado (caixa, acentos e espaços)",pareamento_unico_por_nome_uf
88170,RIO PARDO,RS,rio pardo,4315701,Rio Pardo,"UF + nome normalizado (caixa, acentos e espaços)",pareamento_unico_por_nome_uf
88188,DILERMANDO DE AGUIAR,RS,dilermando de aguiar,4306379,Dilermando de Aguiar,"UF + nome normalizado (caixa, acentos e espaços)",pareamento_unico_por_nome_uf
88196,ROCA SALES,RS,roca sales,4315800,Roca Sales,"UF + nome normalizado (caixa, acentos e espaços)",pareamento_unico_por_nome_uf
88200,CAPIVARI DO SUL,RS,capivari do sul,4304671,Capivari do Sul,"UF + nome normalizado (caixa, acentos e espaços)",pareamento_unico_por_nome_uf
88218,RODEIO BONITO,RS,rodeio bonito,4315909,Rodeio Bonito,"UF + nome normalizado (caixa, acentos e espaços)",pareamento_unico_por_nome_uf
88226,NOVA CANDELÁRIA,RS,nova candelaria,4313011,Nova Candelária,"UF + nome normalizado (caixa, acentos e espaços)",pareamento_unico_por_nome_uf
88234,ROLANTE,RS,rolante,4316006,Rolante,"UF + nome normalizado (caixa, acentos e espaços)",pareamento_unico_por_nome_uf
88242,FLORIANO PEIXOTO,RS,floriano peixoto,4308250,Floriano Peixoto,"UF + nome normalizado (caixa, acentos e espaços)",pareamento_unico_por_nome_uf
88250,RONDA ALTA,RS,ronda alta,4316105,Ronda Alta,"UF + nome normalizado (caixa, acentos e espaços)",pareamento_unico_por_nome_uf
88269,CHUVISCA,RS,chuvisca,4305447,Chuvisca,"UF + nome normalizado (caixa, acentos e espaços)",pareamento_unico_por_nome_uf
88277,RONDINHA,RS,rondinha,4316204,Rondinha,"UF + nome normalizado (caixa, acentos e espaços)",pareamento_unico_por_nome_uf
88285,ESPERANÇA DO SUL,RS,esperanca do sul,4307450,Esperança do Sul,"UF + nome normalizado (caixa, acentos e espaços)",pareamento_unico_por_nome_uf
88293,ROQUE GONZALES,RS,roque gonzales,4316303,Roque Gonzales,"UF + nome normalizado (caixa, acentos e espaços)",pareamento_unico_por_nome_uf
88307,DOUTOR RICARDO,RS,doutor ricardo,4306759,Doutor Ricardo,"UF + nome normalizado (caixa, acentos e espaços)",pareamento_unico_por_nome_uf
88315,ROSÁRIO DO SUL,RS,rosario do sul,4316402,Rosário do Sul,"UF + nome normalizado (caixa, acentos e espaços)",pareamento_unico_por_nome_uf
88323,HERVEIRAS,RS,herveiras,4309571,Herveiras,"UF + nome normalizado (caixa, acentos e espaços)",pareamento_unico_por_nome_uf
88331,SALVADOR DO SUL,RS,salvador do sul,4316501,Salvador do Sul,"UF + nome normalizado (caixa, acentos e espaços)",pareamento_unico_por_nome_uf
88340,CARAÁ,RS,caraa,4304713,Caraá,"UF + nome normalizado (caixa, acentos e espaços)",pareamento_unico_por_nome_uf
88358,SANANDUVA,RS,sananduva,4316600,Sananduva,"UF + nome normalizado (caixa, acentos e espaços)",pareamento_unico_por_nome_uf
88366,FAZENDA VILANOVA,RS,fazenda vilanova,4308078,Fazenda Vilanova,"UF + nome normalizado (caixa, acentos e espaços)",pareamento_unico_por_nome_uf
88374,SANTA BÁRBARA DO SUL,RS,santa barbara do sul,4316709,Santa Bárbara do Sul,"UF + nome normalizado (caixa, acentos e espaços)",pareamento_unico_por_nome_uf
88382,ITAARA,RS,itaara,4310538,Itaara,"UF + nome normalizado (caixa, acentos e espaços)",pareamento_unico_por_nome_uf
88390,SANTA CRUZ DO SUL,RS,santa cruz do sul,4316808,Santa Cruz do Sul,"UF + nome normalizado (caixa, acentos e espaços)",pareamento_unico_por_nome_uf
88404,ESTRELA VELHA,RS,estrela velha,4307815,Estrela Velha,"UF + nome normalizado (caixa, acentos e espaços)",pareamento_unico_por_nome_uf
88412,SANTA MARIA,RS,santa maria,4316907,Santa Maria,"UF + nome normalizado (caixa, acentos e espaços)",pareamento_unico_por_nome_uf
88420,BENJAMIN CONSTANT DO SUL,RS,benjamin constant do sul,4302055,Benjamin Constant do Sul,"UF + nome normalizado (caixa, acentos e espaços)",pareamento_unico_por_nome_uf
88439,SANTANA DA BOA VISTA,RS,santana da boa vista,4317004,Santana da Boa Vista,"UF + nome normalizado (caixa, acentos e espaços)",pareamento_unico_por_nome_uf
88447,MAÇAMBARÁ,RS,macambara,4311718,Maçambará,"UF + nome normalizado (caixa, acentos e espaços)",pareamento_unico_por_nome_uf
88455,SANT ANA DO LIVRAMENTO,RS,sant ana do livramento,,,"UF + nome normalizado (caixa, acentos e espaços)",sem_pareamento_exato
88463,DOM PEDRO DE ALCÂNTARA,RS,dom pedro de alcantara,4306551,Dom Pedro de Alcântara,"UF + nome normalizado (caixa, acentos e espaços)",pareamento_unico_por_nome_uf
88471,SANTA ROSA,RS,santa rosa,4317202,Santa Rosa,"UF + nome normalizado (caixa, acentos e espaços)",pareamento_unico_por_nome_uf
88480,UNISTALDA,RS,unistalda,4322376,Unistalda,"UF + nome normalizado (caixa, acentos e espaços)",pareamento_unico_por_nome_uf
88498,SANTA VITÓRIA DO PALMAR,RS,santa vitoria do palmar,4317301,Santa Vitória do Palmar,"UF + nome normalizado (caixa, acentos e espaços)",pareamento_unico_por_nome_uf
88501,TURUÇU,RS,turucu,4322327,Turuçu,"UF + nome normalizado (caixa, acentos e espaços)",pareamento_unico_por_nome_uf
88510,SANTIAGO,RS,santiago,4317400,Santiago,"UF + nome normalizado (caixa, acentos e espaços)",pareamento_unico_por_nome_uf
88528,CRISTAL DO SUL,RS,cristal do sul,4306072,Cristal do Sul,"UF + nome normalizado (caixa, acentos e espaços)",pareamento_unico_por_nome_uf
88536,SANTO ÂNGELO,RS,santo angelo,4317509,Santo Ângelo,"UF + nome normalizado (caixa, acentos e espaços)",pareamento_unico_por_nome_uf
88544,MUITOS CAPÕES,RS,muitos capoes,4312617,Muitos Capões,"UF + nome normalizado (caixa, acentos e espaços)",pareamento_unico_por_nome_uf
88552,SANTO ANTÔNIO DA PATRULHA,RS,santo antonio da patrulha,4317608,Santo Antônio da Patrulha,"UF + nome normalizado (caixa, acentos e espaços)",pareamento_unico_por_nome_uf
88560,NOVA RAMADA,RS,nova ramada,4313334,Nova Ramada,"UF + nome normalizado (caixa, acentos e espaços)",pareamento_unico_por_nome_uf
88579,SANTO ANTÔNIO DAS MISSÕES,RS,santo antonio das missoes,4317707,Santo Antônio das Missões,"UF + nome normalizado (caixa, acentos e espaços)",pareamento_unico_por_nome_uf
88587,JARI,RS,jari,4311130,Jari,"UF + nome normalizado (caixa, acentos e espaços)",pareamento_unico_por_nome_uf
88595,SANTO AUGUSTO,RS,santo augusto,4317806,Santo Augusto,"UF + nome normalizado (caixa, acentos e espaços)",pareamento_unico_por_nome_uf
88609,UBIRETAMA,RS,ubiretama,4322343,Ubiretama,"UF + nome normalizado (caixa, acentos e espaços)",pareamento_unico_por_nome_uf
88617,SANTO CRISTO,RS,santo cristo,4317905,Santo Cristo,"UF + nome normalizado (caixa, acentos e espaços)",pareamento_unico_por_nome_uf
88625,BARRA DO QUARAÍ,RS,barra do quarai,4301875,Barra do Quaraí,"UF + nome normalizado (caixa, acentos e espaços)",pareamento_unico_por_nome_uf
88633,SÃO BORJA,RS,sao borja,4318002,São Borja,"UF + nome normalizado (caixa, acentos e espaços)",pareamento_unico_por_nome_uf
88641,CERRITO,RS,cerrito,4305124,Cerrito,"UF + nome normalizado (caixa, acentos e espaços)",pareamento_unico_por_nome_uf
88650,SÃO FRANCISCO DE ASSIS,RS,sao francisco de assis,4318101,São Francisco de Assis,"UF + nome normalizado (caixa, acentos e espaços)",pareamento_unico_por_nome_uf
88668,VALE VERDE,RS,vale verde,4322525,Vale Verde,"UF + nome normalizado (caixa, acentos e espaços)",pareamento_unico_por_nome_uf
88676,SÃO FRANCISCO DE PAULA,RS,sao francisco de paula,4318200,São Francisco de Paula,"UF + nome normalizado (caixa, acentos e espaços)",pareamento_unico_por_nome_uf
88684,NOVO CABRAIS,RS,novo cabrais,4313391,Novo Cabrais,"UF + nome normalizado (caixa, acentos e espaços)",pareamento_unico_por_nome_uf
88692,SÃO GABRIEL,RS,sao gabriel,4318309,São Gabriel,"UF + nome normalizado (caixa, acentos e espaços)",pareamento_unico_por_nome_uf
88706,SETE DE SETEMBRO,RS,sete de setembro,4320578,Sete de Setembro,"UF + nome normalizado (caixa, acentos e espaços)",pareamento_unico_por_nome_uf
88714,SÃO JERÔNIMO,RS,sao jeronimo,4318408,São Jerônimo,"UF + nome normalizado (caixa, acentos e espaços)",pareamento_unico_por_nome_uf
88722,TABAÍ,RS,tabai,4320859,Tabaí,"UF + nome normalizado (caixa, acentos e espaços)",pareamento_unico_por_nome_uf
88730,SÃO JOSÉ DO NORTE,RS,sao jose do norte,4318507,São José do Norte,"UF + nome normalizado (caixa, acentos e espaços)",pareamento_unico_por_nome_uf
88749,VILA LÂNGARO,RS,vila langaro,4323358,Vila Lângaro,"UF + nome normalizado (caixa, acentos e espaços)",pareamento_unico_por_nome_uf
88757,SÃO JOSÉ DO OURO,RS,sao jose do ouro,4318606,São José do Ouro,"UF + nome normalizado (caixa, acentos e espaços)",pareamento_unico_por_nome_uf
88765,SENADOR SALGADO FILHO,RS,senador salgado filho,4320321,Senador Salgado Filho,"UF + nome normalizado (caixa, acentos e espaços)",pareamento_unico_por_nome_uf
88773,SÃO LEOPOLDO,RS,sao leopoldo,4318705,São Leopoldo,"UF + nome normalizado (caixa, acentos e espaços)",pareamento_unico_por_nome_uf
88781,VESPASIANO CORRÊA,RS,vespasiano correa,4322855,Vespasiano Corrêa,"UF + nome normalizado (caixa, acentos e espaços)",pareamento_unico_por_nome_uf
88790,SÃO LOURENÇO DO SUL,RS,sao lourenco do sul,4318804,São Lourenço do Sul,"UF + nome normalizado (caixa, acentos e espaços)",pareamento_unico_por_nome_uf
88803,MONTE ALEGRE DOS CAMPOS,RS,monte alegre dos campos,4312377,Monte Alegre dos Campos,"UF + nome normalizado (caixa, acentos e espaços)",pareamento_unico_por_nome_uf
88811,SÃO LUIZ GONZAGA,RS,sao luiz gonzaga,4318903,São Luiz Gonzaga,"UF + nome normalizado (caixa, acentos e espaços)",pareamento_unico_por_nome_uf
88820,MARQUES DE SOUZA,RS,marques de souza,4312054,Marques de Souza,"UF + nome normalizado (caixa, acentos e espaços)",pareamento_unico_por_nome_uf
88838,SÃO MARCOS,RS,sao marcos,4319000,São Marcos,"UF + nome normalizado (caixa, acentos e espaços)",pareamento_unico_por_nome_uf
88846,CHUÍ,RS,chui,4305439,Chuí,"UF + nome normalizado (caixa, acentos e espaços)",pareamento_unico_por_nome_uf
88854,SÃO MARTINHO,RS,sao martinho,4319109,São Martinho,"UF + nome normalizado (caixa, acentos e espaços)",pareamento_unico_por_nome_uf
88862,ARARICÁ,RS,ararica,4300877,Araricá,"UF + nome normalizado (caixa, acentos e espaços)",pareamento_unico_por_nome_uf
88870,SÃO NICOLAU,RS,sao nicolau,4319208,São Nicolau,"UF + nome normalizado (caixa, acentos e espaços)",pareamento_unico_por_nome_uf
88889,PASSA SETE,RS,passa sete,4314068,Passa Sete,"UF + nome normalizado (caixa, acentos e espaços)",pareamento_unico_por_nome_uf
88897,SÃO PAULO DAS MISSÕES,RS,sao paulo das missoes,4319307,São Paulo das Missões,"UF + nome normalizado (caixa, acentos e espaços)",pareamento_unico_por_nome_uf
88900,TOROPI,RS,toropi,4321493,Toropi,"UF + nome normalizado (caixa, acentos e espaços)",pareamento_unico_por_nome_uf
88919,SÃO PEDRO DO SUL,RS,sao pedro do sul,4319406,São Pedro do Sul,"UF + nome normalizado (caixa, acentos e espaços)",pareamento_unico_por_nome_uf
88927,BALNEÁRIO PINHAL,RS,balneario pinhal,4301636,Balneário Pinhal,"UF + nome normalizado (caixa, acentos e espaços)",pareamento_unico_por_nome_uf
88935,SÃO SEBASTIÃO DO CAÍ,RS,sao sebastiao do cai,4319505,São Sebastião do Caí,"UF + nome normalizado (caixa, acentos e espaços)",pareamento_unico_por_nome_uf
88943,MAMPITUBA,RS,mampituba,4311734,Mampituba,"UF + nome normalizado (caixa, acentos e espaços)",pareamento_unico_por_nome_uf
88951,SÃO SEPÉ,RS,sao sepe,4319604,São Sepé,"UF + nome normalizado (caixa, acentos e espaços)",pareamento_unico_por_nome_uf
88978,SÃO VALENTIM,RS,sao valentim,4319703,São Valentim,"UF + nome normalizado (caixa, acentos e espaços)",pareamento_unico_por_nome_uf
88986,ACEGUÁ,RS,acegua,4300034,Aceguá,"UF + nome normalizado (caixa, acentos e espaços)",pareamento_unico_por_nome_uf
88994,SAPIRANGA,RS,sapiranga,4319901,Sapiranga,"UF + nome normalizado (caixa, acentos e espaços)",pareamento_unico_por_nome_uf
89001,ALMIRANTE TAMANDARÉ DO SUL,RS,almirante tamandare do sul,4300471,Almirante Tamandaré do Sul,"UF + nome normalizado (caixa, acentos e espaços)",pareamento_unico_por_nome_uf
89010,SAPUCAIA DO SUL,RS,sapucaia do sul,4320008,Sapucaia do Sul,"UF + nome normalizado (caixa, acentos e espaços)",pareamento_unico_por_nome_uf
89028,ARROIO DO PADRE,RS,arroio do padre,4301073,Arroio do Padre,"UF + nome normalizado (caixa, acentos e espaços)",pareamento_unico_por_nome_uf
89036,SARANDI,RS,sarandi,4320107,Sarandi,"UF + nome normalizado (caixa, acentos e espaços)",pareamento_unico_por_nome_uf
89044,BOA VISTA DO CADEADO,RS,boa vista do cadeado,4302220,Boa Vista do Cadeado,"UF + nome normalizado (caixa, acentos e espaços)",pareamento_unico_por_nome_uf
89052,SEBERI,RS,seberi,4320206,Seberi,"UF + nome normalizado (caixa, acentos e espaços)",pareamento_unico_por_nome_uf
89060,BOA VISTA DO INCRA,RS,boa vista do incra,4302238,Boa Vista do Incra,"UF + nome normalizado (caixa, acentos e espaços)",pareamento_unico_por_nome_uf
89079,SELBACH,RS,selbach,4320305,Selbach,"UF + nome normalizado (caixa, acentos e espaços)",pareamento_unico_por_nome_uf
89087,BOZANO,RS,bozano,4302584,Bozano,"UF + nome normalizado (caixa, acentos e espaços)",pareamento_unico_por_nome_uf
89095,SERAFINA CORRÊA,RS,serafina correa,4320404,Serafina Corrêa,"UF + nome normalizado (caixa, acentos e espaços)",pareamento_unico_por_nome_uf
89109,CANUDOS DO VALE,RS,canudos do vale,4304614,Canudos do Vale,"UF + nome normalizado (caixa, acentos e espaços)",pareamento_unico_por_nome_uf
89117,SERTÃO,RS,sertao,4320503,Sertão,"UF + nome normalizado (caixa, acentos e espaços)",pareamento_unico_por_nome_uf
89125,CAPÃO BONITO DO SUL,RS,capao bonito do sul,4304622,Capão Bonito do Sul,"UF + nome normalizado (caixa, acentos e espaços)",pareamento_unico_por_nome_uf
89133,SEVERIANO DE ALMEIDA,RS,severiano de almeida,4320602,Severiano de Almeida,"UF + nome normalizado (caixa, acentos e espaços)",pareamento_unico_por_nome_uf
89141,CAPÃO DO CIPÓ,RS,capao do cipo,4304655,Capão do Cipó,"UF + nome normalizado (caixa, acentos e espaços)",pareamento_unico_por_nome_uf
89150,CAPÃO DA CANOA,RS,capao da canoa,4304630,Capão da Canoa,"UF + nome normalizado (caixa, acentos e espaços)",pareamento_unico_por_nome_uf
89168,COQUEIRO BAIXO,RS,coqueiro baixo,4305835,Coqueiro Baixo,"UF + nome normalizado (caixa, acentos e espaços)",pareamento_unico_por_nome_uf
89176,SOBRADINHO,RS,sobradinho,4320701,Sobradinho,"UF + nome normalizado (caixa, acentos e espaços)",pareamento_unico_por_nome_uf
89184,CORONEL PILAR,RS,coronel pilar,4305934,Coronel Pilar,"UF + nome normalizado (caixa, acentos e espaços)",pareamento_unico_por_nome_uf
89192,SOLEDADE,RS,soledade,4320800,Soledade,"UF + nome normalizado (caixa, acentos e espaços)",pareamento_unico_por_nome_uf
89206,CRUZALTENSE,RS,cruzaltense,4306130,Cruzaltense,"UF + nome normalizado (caixa, acentos e espaços)",pareamento_unico_por_nome_uf
89214,TAPEJARA,RS,tapejara,4320909,Tapejara,"UF + nome normalizado (caixa, acentos e espaços)",pareamento_unico_por_nome_uf
89222,FORQUETINHA,RS,forquetinha,4308433,Forquetinha,"UF + nome normalizado (caixa, acentos e espaços)",pareamento_unico_por_nome_uf
89230,TAPERA,RS,tapera,4321006,Tapera,"UF + nome normalizado (caixa, acentos e espaços)",pareamento_unico_por_nome_uf
89247,SANTA CECÍLIA DO SUL,RS,santa cecilia do sul,4316733,Santa Cecília do Sul,"UF + nome normalizado (caixa, acentos e espaços)",pareamento_unico_por_nome_uf
89249,ITATI,RS,itati,4310652,Itati,"UF + nome normalizado (caixa, acentos e espaços)",pareamento_unico_por_nome_uf
89257,TAPES,RS,tapes,4321105,Tapes,"UF + nome normalizado (caixa, acentos e espaços)",pareamento_unico_por_nome_uf
89265,JACUIZINHO,RS,jacuizinho,4310876,Jacuizinho,"UF + nome normalizado (caixa, acentos e espaços)",pareamento_unico_por_nome_uf
89273,TAQUARA,RS,taquara,4321204,Taquara,"UF + nome normalizado (caixa, acentos e espaços)",pareamento_unico_por_nome_uf
89281,LAGOA BONITA DO SUL,RS,lagoa bonita do sul,4311239,Lagoa Bonita do Sul,"UF + nome normalizado (caixa, acentos e espaços)",pareamento_unico_por_nome_uf
89290,TAQUARI,RS,taquari,4321303,Taquari,"UF + nome normalizado (caixa, acentos e espaços)",pareamento_unico_por_nome_uf
89303,MATO QUEIMADO,RS,mato queimado,4312179,Mato Queimado,"UF + nome normalizado (caixa, acentos e espaços)",pareamento_unico_por_nome_uf
89311,TENENTE PORTELA,RS,tenente portela,4321402,Tenente Portela,"UF + nome normalizado (caixa, acentos e espaços)",pareamento_unico_por_nome_uf
89320,NOVO XINGU,RS,novo xingu,4313466,Novo Xingu,"UF + nome normalizado (caixa, acentos e espaços)",pareamento_unico_por_nome_uf
89338,TORRES,RS,torres,4321501,Torres,"UF + nome normalizado (caixa, acentos e espaços)",pareamento_unico_por_nome_uf
89346,PAULO BENTO,RS,paulo bento,4314134,Paulo Bento,"UF + nome normalizado (caixa, acentos e espaços)",pareamento_unico_por_nome_uf
89354,TRAMANDAÍ,RS,tramandai,4321600,Tramandaí,"UF + nome normalizado (caixa, acentos e espaços)",pareamento_unico_por_nome_uf
89362,PINHAL DA SERRA,RS,pinhal da serra,4314464,Pinhal da Serra,"UF + nome normalizado (caixa, acentos e espaços)",pareamento_unico_por_nome_uf
89370,TRÊS COROAS,RS,tres coroas,4321709,Três Coroas,"UF + nome normalizado (caixa, acentos e espaços)",pareamento_unico_por_nome_uf
89389,QUATRO IRMÃOS,RS,quatro irmaos,4315313,Quatro Irmãos,"UF + nome normalizado (caixa, acentos e espaços)",pareamento_unico_por_nome_uf
89397,TRÊS DE MAIO,RS,tres de maio,4321808,Três de Maio,"UF + nome normalizado (caixa, acentos e espaços)",pareamento_unico_por_nome_uf
89400,ROLADOR,RS,rolador,4315958,Rolador,"UF + nome normalizado (caixa, acentos e espaços)",pareamento_unico_por_nome_uf
89419,TRÊS PASSOS,RS,tres passos,4321907,Três Passos,"UF + nome normalizado (caixa, acentos e espaços)",pareamento_unico_por_nome_uf
89435,TRIUNFO,RS,triunfo,4322004,Triunfo,"UF + nome normalizado (caixa, acentos e espaços)",pareamento_unico_por_nome_uf
89443,SANTA MARGARIDA DO SUL,RS,santa margarida do sul,4316972,Santa Margarida do Sul,"UF + nome normalizado (caixa, acentos e espaços)",pareamento_unico_por_nome_uf
89451,TUCUNDUVA,RS,tucunduva,4322103,Tucunduva,"UF + nome normalizado (caixa, acentos e espaços)",pareamento_unico_por_nome_uf
89460,SÃO JOSÉ DO SUL,RS,sao jose do sul,4318614,São José do Sul,"UF + nome normalizado (caixa, acentos e espaços)",pareamento_unico_por_nome_uf
89478,TUPANCIRETÃ,RS,tupancireta,4322202,Tupanciretã,"UF + nome normalizado (caixa, acentos e espaços)",pareamento_unico_por_nome_uf
89486,SÃO PEDRO DAS MISSÕES,RS,sao pedro das missoes,4319364,São Pedro das Missões,"UF + nome normalizado (caixa, acentos e espaços)",pareamento_unico_por_nome_uf
89494,TUPARENDI,RS,tuparendi,4322301,Tuparendi,"UF + nome normalizado (caixa, acentos e espaços)",pareamento_unico_por_nome_uf
89508,TIO HUGO,RS,tio hugo,4321469,Tio Hugo,"UF + nome normalizado (caixa, acentos e espaços)",pareamento_unico_por_nome_uf
89516,URUGUAIANA,RS,uruguaiana,4322400,Uruguaiana,"UF + nome normalizado (caixa, acentos e espaços)",pareamento_unico_por_nome_uf
89524,WESTFALIA,RS,westfalia,4323770,Westfália,"UF + nome normalizado (caixa, acentos e espaços)",pareamento_unico_por_nome_uf
89532,VACARIA,RS,vacaria,4322509,Vacaria,"UF + nome normalizado (caixa, acentos e espaços)",pareamento_unico_por_nome_uf
89540,PINTO BANDEIRA,RS,pinto bandeira,4314548,Pinto Bandeira,"UF + nome normalizado (caixa, acentos e espaços)",pareamento_unico_por_nome_uf
89559,VENÂNCIO AIRES,RS,venancio aires,4322608,Venâncio Aires,"UF + nome normalizado (caixa, acentos e espaços)",pareamento_unico_por_nome_uf
89567,PEDRAS ALTAS,RS,pedras altas,4314175,Pedras Altas,"UF + nome normalizado (caixa, acentos e espaços)",pareamento_unico_por_nome_uf
89575,VERA CRUZ,RS,vera cruz,4322707,Vera Cruz,"UF + nome normalizado (caixa, acentos e espaços)",pareamento_unico_por_nome_uf
89591,VERANÓPOLIS,RS,veranopolis,4322806,Veranópolis,"UF + nome normalizado (caixa, acentos e espaços)",pareamento_unico_por_nome_uf
89613,VIADUTOS,RS,viadutos,4322905,Viadutos,"UF + nome normalizado (caixa, acentos e espaços)",pareamento_unico_por_nome_uf
89630,VIAMÃO,RS,viamao,4323002,Viamão,"UF + nome normalizado (caixa, acentos e espaços)",pareamento_unico_por_nome_uf
89656,VICENTE DUTRA,RS,vicente dutra,4323101,Vicente Dutra,"UF + nome normalizado (caixa, acentos e espaços)",pareamento_unico_por_nome_uf
89672,PALMARES DO SUL,RS,palmares do sul,4313656,Palmares do Sul,"UF + nome normalizado (caixa, acentos e espaços)",pareamento_unico_por_nome_uf
89699,VICTOR GRAEFF,RS,victor graeff,4323200,Victor Graeff,"UF + nome normalizado (caixa, acentos e espaços)",pareamento_unico_por_nome_uf
89710,TAVARES,RS,tavares,4321352,Tavares,"UF + nome normalizado (caixa, acentos e espaços)",pareamento_unico_por_nome_uf
89737,CAPÃO DO LEÃO,RS,capao do leao,4304663,Capão do Leão,"UF + nome normalizado (caixa, acentos e espaços)",pareamento_unico_por_nome_uf
89753,SALTO DO JACUÍ,RS,salto do jacui,4316451,Salto do Jacuí,"UF + nome normalizado (caixa, acentos e espaços)",pareamento_unico_por_nome_uf
89770,COTIPORÃ,RS,cotipora,4305959,Cotiporã,"UF + nome normalizado (caixa, acentos e espaços)",pareamento_unico_por_nome_uf
98213,TEUTÔNIA,RS,teutonia,4321451,Teutônia,"UF + nome normalizado (caixa, acentos e espaços)",pareamento_unico_por_nome_uf
98230,BOM PRINCÍPIO,RS,bom principio,4302352,Bom Princípio,"UF + nome normalizado (caixa, acentos e espaços)",pareamento_unico_por_nome_uf
98256,PAROBÉ,RS,parobe,4314050,Parobé,"UF + nome normalizado (caixa, acentos e espaços)",pareamento_unico_por_nome_uf
98272,FORTALEZA DOS VALOS,RS,fortaleza dos valos,4308458,Fortaleza dos Valos,"UF + nome normalizado (caixa, acentos e espaços)",pareamento_unico_por_nome_uf
98299,JÓIA,RS,joia,4311155,Jóia,"UF + nome normalizado (caixa, acentos e espaços)",pareamento_unico_por_nome_uf
80004,MONTE CARLO,SC,monte carlo,4211058,Monte Carlo,"UF + nome normalizado (caixa, acentos e espaços)",pareamento_unico_por_nome_uf
80012,ABELARDO LUZ,SC,abelardo luz,4200101,Abelardo Luz,"UF + nome normalizado (caixa, acentos e espaços)",pareamento_unico_por_nome_uf
80020,IPORÃ DO OESTE,SC,ipora do oeste,4207650,Iporã do Oeste,"UF + nome normalizado (caixa, acentos e espaços)",pareamento_unico_por_nome_uf
80039,AGROLÂNDIA,SC,agrolandia,4200200,Agrolândia,"UF + nome normalizado (caixa, acentos e espaços)",pareamento_unico_por_nome_uf
80047,LINDÓIA DO SUL,SC,lindoia do sul,4209854,Lindóia do Sul,"UF + nome normalizado (caixa, acentos e espaços)",pareamento_unico_por_nome_uf
80055,AGRONÔMICA,SC,agronomica,4200309,Agronômica,"UF + nome normalizado (caixa, acentos e espaços)",pareamento_unico_por_nome_uf
80063,APIÚNA,SC,apiuna,4201257,Apiúna,"UF + nome normalizado (caixa, acentos e espaços)",pareamento_unico_por_nome_uf
80071,ÁGUA DOCE,SC,agua doce,4200408,Água Doce,"UF + nome normalizado (caixa, acentos e espaços)",pareamento_unico_por_nome_uf
80080,DOUTOR PEDRINHO,SC,doutor pedrinho,4205159,Doutor Pedrinho,"UF + nome normalizado (caixa, acentos e espaços)",pareamento_unico_por_nome_uf
80098,ÁGUAS DE CHAPECÓ,SC,aguas de chapeco,4200507,Águas de Chapecó,"UF + nome normalizado (caixa, acentos e espaços)",pareamento_unico_por_nome_uf
80101,JOSÉ BOITEUX,SC,jose boiteux,4209151,José Boiteux,"UF + nome normalizado (caixa, acentos e espaços)",pareamento_unico_por_nome_uf
80110,ÁGUAS MORNAS,SC,aguas mornas,4200606,Águas Mornas,"UF + nome normalizado (caixa, acentos e espaços)",pareamento_unico_por_nome_uf
80128,VITOR MEIRELES,SC,vitor meireles,4219358,Vitor Meireles,"UF + nome normalizado (caixa, acentos e espaços)",pareamento_unico_por_nome_uf
80136,ALFREDO WAGNER,SC,alfredo wagner,4200705,Alfredo Wagner,"UF + nome normalizado (caixa, acentos e espaços)",pareamento_unico_por_nome_uf
80144,UNIÃO DO OESTE,SC,uniao do oeste,4218855,União do Oeste,"UF + nome normalizado (caixa, acentos e espaços)",pareamento_unico_por_nome_uf
80152,ANCHIETA,SC,anchieta,4200804,Anchieta,"UF + nome normalizado (caixa, acentos e espaços)",pareamento_unico_por_nome_uf
80160,URUPEMA,SC,urupema,4218954,Urupema,"UF + nome normalizado (caixa, acentos e espaços)",pareamento_unico_por_nome_uf
80179,ANGELINA,SC,angelina,4200903,Angelina,"UF + nome normalizado (caixa, acentos e espaços)",pareamento_unico_por_nome_uf
80187,IRACEMINHA,SC,iraceminha,4207759,Iraceminha,"UF + nome normalizado (caixa, acentos e espaços)",pareamento_unico_por_nome_uf
80195,ANITA GARIBALDI,SC,anita garibaldi,4201000,Anita Garibaldi,"UF + nome normalizado (caixa, acentos e espaços)",pareamento_unico_por_nome_uf
80209,TIMBÓ GRANDE,SC,timbo grande,4218251,Timbó Grande,"UF + nome normalizado (caixa, acentos e espaços)",pareamento_unico_por_nome_uf
80217,ANITÁPOLIS,SC,anitapolis,4201109,Anitápolis,"UF + nome normalizado (caixa, acentos e espaços)",pareamento_unico_por_nome_uf
80225,ABDON BATISTA,SC,abdon batista,4200051,Abdon Batista,"UF + nome normalizado (caixa, acentos e espaços)",pareamento_unico_por_nome_uf
80233,ANTÔNIO CARLOS,SC,antonio carlos,4201208,Antônio Carlos,"UF + nome normalizado (caixa, acentos e espaços)",pareamento_unico_por_nome_uf
80241,SANTA ROSA DO SUL,SC,santa rosa do sul,4215653,Santa Rosa do Sul,"UF + nome normalizado (caixa, acentos e espaços)",pareamento_unico_por_nome_uf
80250,ARAQUARI,SC,araquari,4201307,Araquari,"UF + nome normalizado (caixa, acentos e espaços)",pareamento_unico_por_nome_uf
80268,CELSO RAMOS,SC,celso ramos,4204152,Celso Ramos,"UF + nome normalizado (caixa, acentos e espaços)",pareamento_unico_por_nome_uf
80276,ARARANGUÁ,SC,ararangua,4201406,Araranguá,"UF + nome normalizado (caixa, acentos e espaços)",pareamento_unico_por_nome_uf
80284,SERRA ALTA,SC,serra alta,4217550,Serra Alta,"UF + nome normalizado (caixa, acentos e espaços)",pareamento_unico_por_nome_uf
80292,ARMAZÉM,SC,armazem,4201505,Armazém,"UF + nome normalizado (caixa, acentos e espaços)",pareamento_unico_por_nome_uf
80306,COCAL DO SUL,SC,cocal do sul,4204251,Cocal do Sul,"UF + nome normalizado (caixa, acentos e espaços)",pareamento_unico_por_nome_uf
80314,ARROIO TRINTA,SC,arroio trinta,4201604,Arroio Trinta,"UF + nome normalizado (caixa, acentos e espaços)",pareamento_unico_por_nome_uf
80322,NOVA ITABERABA,SC,nova itaberaba,4211454,Nova Itaberaba,"UF + nome normalizado (caixa, acentos e espaços)",pareamento_unico_por_nome_uf
80330,ASCURRA,SC,ascurra,4201703,Ascurra,"UF + nome normalizado (caixa, acentos e espaços)",pareamento_unico_por_nome_uf
80349,SANTA TEREZINHA,SC,santa terezinha,4215679,Santa Terezinha,"UF + nome normalizado (caixa, acentos e espaços)",pareamento_unico_por_nome_uf
80357,ATALANTA,SC,atalanta,4201802,Atalanta,"UF + nome normalizado (caixa, acentos e espaços)",pareamento_unico_por_nome_uf
80365,MIRIM DOCE,SC,mirim doce,4210852,Mirim Doce,"UF + nome normalizado (caixa, acentos e espaços)",pareamento_unico_por_nome_uf
80373,AURORA,SC,aurora,4201901,Aurora,"UF + nome normalizado (caixa, acentos e espaços)",pareamento_unico_por_nome_uf
80381,CERRO NEGRO,SC,cerro negro,4204178,Cerro Negro,"UF + nome normalizado (caixa, acentos e espaços)",pareamento_unico_por_nome_uf
80390,BALNEÁRIO CAMBORIÚ,SC,balneario camboriu,4202008,Balneário Camboriú,"UF + nome normalizado (caixa, acentos e espaços)",pareamento_unico_por_nome_uf
80403,PASSO DE TORRES,SC,passo de torres,4212254,Passo de Torres,"UF + nome normalizado (caixa, acentos e espaços)",pareamento_unico_por_nome_uf
80411,BARRA VELHA,SC,barra velha,4202107,Barra Velha,"UF + nome normalizado (caixa, acentos e espaços)",pareamento_unico_por_nome_uf
80420,BRAÇO DO TROMBUDO,SC,braco do trombudo,4202859,Braço do Trombudo,"UF + nome normalizado (caixa, acentos e espaços)",pareamento_unico_por_nome_uf
80438,BENEDITO NOVO,SC,benedito novo,4202206,Benedito Novo,"UF + nome normalizado (caixa, acentos e espaços)",pareamento_unico_por_nome_uf
80446,SUL BRASIL,SC,sul brasil,4217758,Sul Brasil,"UF + nome normalizado (caixa, acentos e espaços)",pareamento_unico_por_nome_uf
80454,BIGUAÇU,SC,biguacu,4202305,Biguaçu,"UF + nome normalizado (caixa, acentos e espaços)",pareamento_unico_por_nome_uf
80462,VARGEM,SC,vargem,4219150,Vargem,"UF + nome normalizado (caixa, acentos e espaços)",pareamento_unico_por_nome_uf
80470,BLUMENAU,SC,blumenau,4202404,Blumenau,"UF + nome normalizado (caixa, acentos e espaços)",pareamento_unico_por_nome_uf
80489,ARABUTÃ,SC,arabuta,4201273,Arabutã,"UF + nome normalizado (caixa, acentos e espaços)",pareamento_unico_por_nome_uf
80497,BOM RETIRO,SC,bom retiro,4202602,Bom Retiro,"UF + nome normalizado (caixa, acentos e espaços)",pareamento_unico_por_nome_uf
80500,ÁGUAS FRIAS,SC,aguas frias,4200556,Águas Frias,"UF + nome normalizado (caixa, acentos e espaços)",pareamento_unico_por_nome_uf
80519,BOTUVERÁ,SC,botuvera,4202701,Botuverá,"UF + nome normalizado (caixa, acentos e espaços)",pareamento_unico_por_nome_uf
80527,GUATAMBÚ,SC,guatambu,4206652,Guatambú,"UF + nome normalizado (caixa, acentos e espaços)",pareamento_unico_por_nome_uf
80535,BRAÇO DO NORTE,SC,braco do norte,4202800,Braço do Norte,"UF + nome normalizado (caixa, acentos e espaços)",pareamento_unico_por_nome_uf
80543,PLANALTO ALEGRE,SC,planalto alegre,4213153,Planalto Alegre,"UF + nome normalizado (caixa, acentos e espaços)",pareamento_unico_por_nome_uf
80551,BRUSQUE,SC,brusque,4202909,Brusque,"UF + nome normalizado (caixa, acentos e espaços)",pareamento_unico_por_nome_uf
80560,RIQUEZA,SC,riqueza,4215075,Riqueza,"UF + nome normalizado (caixa, acentos e espaços)",pareamento_unico_por_nome_uf
80578,CAÇADOR,SC,cacador,4203006,Caçador,"UF + nome normalizado (caixa, acentos e espaços)",pareamento_unico_por_nome_uf
80586,LAJEADO GRANDE,SC,lajeado grande,4209458,Lajeado Grande,"UF + nome normalizado (caixa, acentos e espaços)",pareamento_unico_por_nome_uf
80594,CAIBI,SC,caibi,4203105,Caibi,"UF + nome normalizado (caixa, acentos e espaços)",pareamento_unico_por_nome_uf
80608,RIO RUFINO,SC,rio rufino,4215059,Rio Rufino,"UF + nome normalizado (caixa, acentos e espaços)",pareamento_unico_por_nome_uf
80616,CAMBORIÚ,SC,camboriu,4203204,Camboriú,"UF + nome normalizado (caixa, acentos e espaços)",pareamento_unico_por_nome_uf
80624,PASSOS MAIA,SC,passos maia,4212270,Passos Maia,"UF + nome normalizado (caixa, acentos e espaços)",pareamento_unico_por_nome_uf
80632,CAMPO ALEGRE,SC,campo alegre,4203303,Campo Alegre,"UF + nome normalizado (caixa, acentos e espaços)",pareamento_unico_por_nome_uf
80640,SÃO JOÃO DO OESTE,SC,sao joao do oeste,4216255,São João do Oeste,"UF + nome normalizado (caixa, acentos e espaços)",pareamento_unico_por_nome_uf
80659,CAMPO BELO DO SUL,SC,campo belo do sul,4203402,Campo Belo do Sul,"UF + nome normalizado (caixa, acentos e espaços)",pareamento_unico_por_nome_uf
80667,CALMON,SC,calmon,4203154,Calmon,"UF + nome normalizado (caixa, acentos e espaços)",pareamento_unico_por_nome_uf
80675,CAMPO ERÊ,SC,campo ere,4203501,Campo Erê,"UF + nome normalizado (caixa, acentos e espaços)",pareamento_unico_por_nome_uf
80683,BALNEÁRIO BARRA DO SUL,SC,balneario barra do sul,4202057,Balneário Barra do Sul,"UF + nome normalizado (caixa, acentos e espaços)",pareamento_unico_por_nome_uf
80691,CAMPOS NOVOS,SC,campos novos,4203600,Campos Novos,"UF + nome normalizado (caixa, acentos e espaços)",pareamento_unico_por_nome_uf
80705,PARAÍSO,SC,paraiso,4212239,Paraíso,"UF + nome normalizado (caixa, acentos e espaços)",pareamento_unico_por_nome_uf
80713,CANELINHA,SC,canelinha,4203709,Canelinha,"UF + nome normalizado (caixa, acentos e espaços)",pareamento_unico_por_nome_uf
80721,SANTA HELENA,SC,santa helena,4215554,Santa Helena,"UF + nome normalizado (caixa, acentos e espaços)",pareamento_unico_por_nome_uf
80730,CANOINHAS,SC,canoinhas,4203808,Canoinhas,"UF + nome normalizado (caixa, acentos e espaços)",pareamento_unico_por_nome_uf
80748,BELMONTE,SC,belmonte,4202156,Belmonte,"UF + nome normalizado (caixa, acentos e espaços)",pareamento_unico_por_nome_uf
80756,CAPINZAL,SC,capinzal,4203907,Capinzal,"UF + nome normalizado (caixa, acentos e espaços)",pareamento_unico_por_nome_uf
80764,NOVO HORIZONTE,SC,novo horizonte,4211652,Novo Horizonte,"UF + nome normalizado (caixa, acentos e espaços)",pareamento_unico_por_nome_uf
80772,CATANDUVAS,SC,catanduvas,4204004,Catanduvas,"UF + nome normalizado (caixa, acentos e espaços)",pareamento_unico_por_nome_uf
80780,SÃO MIGUEL DA BOA VISTA,SC,sao miguel da boa vista,4217154,São Miguel da Boa Vista,"UF + nome normalizado (caixa, acentos e espaços)",pareamento_unico_por_nome_uf
80799,CAXAMBU DO SUL,SC,caxambu do sul,4204103,Caxambu do Sul,"UF + nome normalizado (caixa, acentos e espaços)",pareamento_unico_por_nome_uf
80802,ARVOREDO,SC,arvoredo,4201653,Arvoredo,"UF + nome normalizado (caixa, acentos e espaços)",pareamento_unico_por_nome_uf
80810,CHAPECÓ,SC,chapeco,4204202,Chapecó,"UF + nome normalizado (caixa, acentos e espaços)",pareamento_unico_por_nome_uf
80829,IPUAÇU,SC,ipuacu,4207684,Ipuaçu,"UF + nome normalizado (caixa, acentos e espaços)",pareamento_unico_por_nome_uf
80837,CONCÓRDIA,SC,concordia,4204301,Concórdia,"UF + nome normalizado (caixa, acentos e espaços)",pareamento_unico_por_nome_uf
80845,OURO VERDE,SC,ouro verde,4211850,Ouro Verde,"UF + nome normalizado (caixa, acentos e espaços)",pareamento_unico_por_nome_uf
80853,CORONEL FREITAS,SC,coronel freitas,4204400,Coronel Freitas,"UF + nome normalizado (caixa, acentos e espaços)",pareamento_unico_por_nome_uf
80861,IRATI,SC,irati,4207858,Irati,"UF + nome normalizado (caixa, acentos e espaços)",pareamento_unico_por_nome_uf
80870,CORUPÁ,SC,corupa,4204509,Corupá,"UF + nome normalizado (caixa, acentos e espaços)",pareamento_unico_por_nome_uf
80888,FORMOSA DO SUL,SC,formosa do sul,4205431,Formosa do Sul,"UF + nome normalizado (caixa, acentos e espaços)",pareamento_unico_por_nome_uf
80896,CRICIÚMA,SC,criciuma,4204608,Criciúma,"UF + nome normalizado (caixa, acentos e espaços)",pareamento_unico_por_nome_uf
80900,MACIEIRA,SC,macieira,4210050,Macieira,"UF + nome normalizado (caixa, acentos e espaços)",pareamento_unico_por_nome_uf
80918,CUNHA PORÃ,SC,cunha pora,4204707,Cunha Porã,"UF + nome normalizado (caixa, acentos e espaços)",pareamento_unico_por_nome_uf
80926,PONTE ALTA DO NORTE,SC,ponte alta do norte,4213351,Ponte Alta do Norte,"UF + nome normalizado (caixa, acentos e espaços)",pareamento_unico_por_nome_uf
80934,CURITIBANOS,SC,curitibanos,4204806,Curitibanos,"UF + nome normalizado (caixa, acentos e espaços)",pareamento_unico_por_nome_uf
80942,SÃO CRISTÓVÃO DO SUL,SC,sao cristovao do sul,4216057,São Cristóvão do Sul,"UF + nome normalizado (caixa, acentos e espaços)",pareamento_unico_por_nome_uf
80950,DESCANSO,SC,descanso,4204905,Descanso,"UF + nome normalizado (caixa, acentos e espaços)",pareamento_unico_por_nome_uf
80969,VARGEM BONITA,SC,vargem bonita,4219176,Vargem Bonita,"UF + nome normalizado (caixa, acentos e espaços)",pareamento_unico_por_nome_uf
80977,DIONÍSIO CERQUEIRA,SC,dionisio cerqueira,4205001,Dionísio Cerqueira,"UF + nome normalizado (caixa, acentos e espaços)",pareamento_unico_por_nome_uf
80985,BOMBINHAS,SC,bombinhas,4202453,Bombinhas,"UF + nome normalizado (caixa, acentos e espaços)",pareamento_unico_por_nome_uf
80993,DONA EMMA,SC,dona emma,4205100,Dona Emma,"UF + nome normalizado (caixa, acentos e espaços)",pareamento_unico_por_nome_uf
81000,SANGÃO,SC,sangao,4215455,Sangão,"UF + nome normalizado (caixa, acentos e espaços)",pareamento_unico_por_nome_uf
81019,ERVAL VELHO,SC,erval velho,4205209,Erval Velho,"UF + nome normalizado (caixa, acentos e espaços)",pareamento_unico_por_nome_uf
81027,CAPIVARI DE BAIXO,SC,capivari de baixo,4203956,Capivari de Baixo,"UF + nome normalizado (caixa, acentos e espaços)",pareamento_unico_por_nome_uf
81035,FAXINAL DOS GUEDES,SC,faxinal dos guedes,4205308,Faxinal dos Guedes,"UF + nome normalizado (caixa, acentos e espaços)",pareamento_unico_por_nome_uf
81043,CORDILHEIRA ALTA,SC,cordilheira alta,4204350,Cordilheira Alta,"UF + nome normalizado (caixa, acentos e espaços)",pareamento_unico_por_nome_uf
81051,FLORIANÓPOLIS,SC,florianopolis,4205407,Florianópolis,"UF + nome normalizado (caixa, acentos e espaços)",pareamento_unico_por_nome_uf
81060,FORQUILHINHA,SC,forquilhinha,4205456,Forquilhinha,"UF + nome normalizado (caixa, acentos e espaços)",pareamento_unico_por_nome_uf
81078,FRAIBURGO,SC,fraiburgo,4205506,Fraiburgo,"UF + nome normalizado (caixa, acentos e espaços)",pareamento_unico_por_nome_uf
81086,MORRO GRANDE,SC,morro grande,4211256,Morro Grande,"UF + nome normalizado (caixa, acentos e espaços)",pareamento_unico_por_nome_uf
81094,GALVÃO,SC,galvao,4205605,Galvão,"UF + nome normalizado (caixa, acentos e espaços)",pareamento_unico_por_nome_uf
81108,CORONEL MARTINS,SC,coronel martins,4204459,Coronel Martins,"UF + nome normalizado (caixa, acentos e espaços)",pareamento_unico_por_nome_uf
81116,GOVERNADOR CELSO RAMOS,SC,governador celso ramos,4206009,Governador Celso Ramos,"UF + nome normalizado (caixa, acentos e espaços)",pareamento_unico_por_nome_uf
81124,SÃO JOÃO DO ITAPERIÚ,SC,sao joao do itaperiu,4216354,São João do Itaperiú,"UF + nome normalizado (caixa, acentos e espaços)",pareamento_unico_por_nome_uf
81132,GAROPABA,SC,garopaba,4205704,Garopaba,"UF + nome normalizado (caixa, acentos e espaços)",pareamento_unico_por_nome_uf
81140,JARDINÓPOLIS,SC,jardinopolis,4208955,Jardinópolis,"UF + nome normalizado (caixa, acentos e espaços)",pareamento_unico_por_nome_uf
81159,GARUVA,SC,garuva,4205803,Garuva,"UF + nome normalizado (caixa, acentos e espaços)",pareamento_unico_por_nome_uf
81167,ERMO,SC,ermo,4205191,Ermo,"UF + nome normalizado (caixa, acentos e espaços)",pareamento_unico_por_nome_uf
81175,GASPAR,SC,gaspar,4205902,Gaspar,"UF + nome normalizado (caixa, acentos e espaços)",pareamento_unico_por_nome_uf
81183,SÃO PEDRO DE ALCÂNTARA,SC,sao pedro de alcantara,4217253,São Pedro de Alcântara,"UF + nome normalizado (caixa, acentos e espaços)",pareamento_unico_por_nome_uf
81191,GRÃO-PARÁ,SC,grao-para,4206108,Grão-Pará,"UF + nome normalizado (caixa, acentos e espaços)",pareamento_unico_por_nome_uf
81205,SANTIAGO DO SUL,SC,santiago do sul,4215695,Santiago do Sul,"UF + nome normalizado (caixa, acentos e espaços)",pareamento_unico_por_nome_uf
81213,GRAVATAL,SC,gravatal,4206207,Gravatal,"UF + nome normalizado (caixa, acentos e espaços)",pareamento_unico_por_nome_uf
81221,BELA VISTA DO TOLDO,SC,bela vista do toldo,4202131,Bela Vista do Toldo,"UF + nome normalizado (caixa, acentos e espaços)",pareamento_unico_por_nome_uf
81230,GUABIRUBA,SC,guabiruba,4206306,Guabiruba,"UF + nome normalizado (caixa, acentos e espaços)",pareamento_unico_por_nome_uf
81248,CAPÃO ALTO,SC,capao alto,4203253,Capão Alto,"UF + nome normalizado (caixa, acentos e espaços)",pareamento_unico_por_nome_uf
81256,GUARACIABA,SC,guaraciaba,4206405,Guaraciaba,"UF + nome normalizado (caixa, acentos e espaços)",pareamento_unico_por_nome_uf
81264,PAINEL,SC,painel,4211892,Painel,"UF + nome normalizado (caixa, acentos e espaços)",pareamento_unico_por_nome_uf
81272,GUARAMIRIM,SC,guaramirim,4206504,Guaramirim,"UF + nome normalizado (caixa, acentos e espaços)",pareamento_unico_por_nome_uf
81280,BOCAINA DO SUL,SC,bocaina do sul,4202438,Bocaina do Sul,"UF + nome normalizado (caixa, acentos e espaços)",pareamento_unico_por_nome_uf
81299,GUARUJÁ DO SUL,SC,guaruja do sul,4206603,Guarujá do Sul,"UF + nome normalizado (caixa, acentos e espaços)",pareamento_unico_por_nome_uf
81302,ALTO BELA VISTA,SC,alto bela vista,4200754,Alto Bela Vista,"UF + nome normalizado (caixa, acentos e espaços)",pareamento_unico_por_nome_uf
81310,HERVAL D OESTE,SC,herval d oeste,,,"UF + nome normalizado (caixa, acentos e espaços)",sem_pareamento_exato
81329,FREI ROGÉRIO,SC,frei rogerio,4205555,Frei Rogério,"UF + nome normalizado (caixa, acentos e espaços)",pareamento_unico_por_nome_uf
81337,IBICARÉ,SC,ibicare,4206801,Ibicaré,"UF + nome normalizado (caixa, acentos e espaços)",pareamento_unico_por_nome_uf
81345,TREVISO,SC,treviso,4218350,Treviso,"UF + nome normalizado (caixa, acentos e espaços)",pareamento_unico_por_nome_uf
81353,IBIRAMA,SC,ibirama,4206900,Ibirama,"UF + nome normalizado (caixa, acentos e espaços)",pareamento_unico_por_nome_uf
81361,IOMERÊ,SC,iomere,4207577,Iomerê,"UF + nome normalizado (caixa, acentos e espaços)",pareamento_unico_por_nome_uf
81370,IÇARA,SC,icara,4207007,Içara,"UF + nome normalizado (caixa, acentos e espaços)",pareamento_unico_por_nome_uf
81388,BOM JESUS,SC,bom jesus,4202537,Bom Jesus,"UF + nome normalizado (caixa, acentos e espaços)",pareamento_unico_por_nome_uf
81396,ILHOTA,SC,ilhota,4207106,Ilhota,"UF + nome normalizado (caixa, acentos e espaços)",pareamento_unico_por_nome_uf
81400,IBIAM,SC,ibiam,4206751,Ibiam,"UF + nome normalizado (caixa, acentos e espaços)",pareamento_unico_por_nome_uf
81418,IMARUÍ,SC,imarui,4207205,Imaruí,"UF + nome normalizado (caixa, acentos e espaços)",pareamento_unico_por_nome_uf
81426,ENTRE RIOS,SC,entre rios,4205175,Entre Rios,"UF + nome normalizado (caixa, acentos e espaços)",pareamento_unico_por_nome_uf
81434,IMBITUBA,SC,imbituba,4207304,Imbituba,"UF + nome normalizado (caixa, acentos e espaços)",pareamento_unico_por_nome_uf
81442,PAIAL,SC,paial,4211876,Paial,"UF + nome normalizado (caixa, acentos e espaços)",pareamento_unico_por_nome_uf
81450,IMBUIA,SC,imbuia,4207403,Imbuia,"UF + nome normalizado (caixa, acentos e espaços)",pareamento_unico_por_nome_uf
81469,BOM JESUS DO OESTE,SC,bom jesus do oeste,4202578,Bom Jesus do Oeste,"UF + nome normalizado (caixa, acentos e espaços)",pareamento_unico_por_nome_uf
81477,INDAIAL,SC,indaial,4207502,Indaial,"UF + nome normalizado (caixa, acentos e espaços)",pareamento_unico_por_nome_uf
81485,SÃO BERNARDINO,SC,sao bernardino,4215752,São Bernardino,"UF + nome normalizado (caixa, acentos e espaços)",pareamento_unico_por_nome_uf
81493,IPIRA,SC,ipira,4207601,Ipira,"UF + nome normalizado (caixa, acentos e espaços)",pareamento_unico_por_nome_uf
81507,SANTA TEREZINHA DO PROGRESSO,SC,santa terezinha do progresso,4215687,Santa Terezinha do Progresso,"UF + nome normalizado (caixa, acentos e espaços)",pareamento_unico_por_nome_uf
81515,IPUMIRIM,SC,ipumirim,4207700,Ipumirim,"UF + nome normalizado (caixa, acentos e espaços)",pareamento_unico_por_nome_uf
81523,SALTINHO,SC,saltinho,4215356,Saltinho,"UF + nome normalizado (caixa, acentos e espaços)",pareamento_unico_por_nome_uf
81531,IRANI,SC,irani,4207809,Irani,"UF + nome normalizado (caixa, acentos e espaços)",pareamento_unico_por_nome_uf
81540,JUPIÁ,SC,jupia,4209177,Jupiá,"UF + nome normalizado (caixa, acentos e espaços)",pareamento_unico_por_nome_uf
81558,IRINEÓPOLIS,SC,irineopolis,4207908,Irineópolis,"UF + nome normalizado (caixa, acentos e espaços)",pareamento_unico_por_nome_uf
81566,PALMEIRA,SC,palmeira,4212056,Palmeira,"UF + nome normalizado (caixa, acentos e espaços)",pareamento_unico_por_nome_uf
81574,ITÁ,SC,ita,4208005,Itá,"UF + nome normalizado (caixa, acentos e espaços)",pareamento_unico_por_nome_uf
81582,BANDEIRANTE,SC,bandeirante,4202081,Bandeirante,"UF + nome normalizado (caixa, acentos e espaços)",pareamento_unico_por_nome_uf
81590,ITAIÓPOLIS,SC,itaiopolis,4208104,Itaiópolis,"UF + nome normalizado (caixa, acentos e espaços)",pareamento_unico_por_nome_uf
81604,FLOR DO SERTÃO,SC,flor do sertao,4205357,Flor do Sertão,"UF + nome normalizado (caixa, acentos e espaços)",pareamento_unico_por_nome_uf
81612,ITAJAÍ,SC,itajai,4208203,Itajaí,"UF + nome normalizado (caixa, acentos e espaços)",pareamento_unico_por_nome_uf
81620,CUNHATAÍ,SC,cunhatai,4204756,Cunhataí,"UF + nome normalizado (caixa, acentos e espaços)",pareamento_unico_por_nome_uf
81639,ITAPEMA,SC,itapema,4208302,Itapema,"UF + nome normalizado (caixa, acentos e espaços)",pareamento_unico_por_nome_uf
81647,PRINCESA,SC,princesa,4214151,Princesa,"UF + nome normalizado (caixa, acentos e espaços)",pareamento_unico_por_nome_uf
81655,ITAPIRANGA,SC,itapiranga,4208401,Itapiranga,"UF + nome normalizado (caixa, acentos e espaços)",pareamento_unico_por_nome_uf
81663,ITAPOÁ,SC,itapoa,4208450,Itapoá,"UF + nome normalizado (caixa, acentos e espaços)",pareamento_unico_por_nome_uf
81671,ITUPORANGA,SC,ituporanga,4208500,Ituporanga,"UF + nome normalizado (caixa, acentos e espaços)",pareamento_unico_por_nome_uf
81680,TIGRINHOS,SC,tigrinhos,4217956,Tigrinhos,"UF + nome normalizado (caixa, acentos e espaços)",pareamento_unico_por_nome_uf
81698,JABORÁ,SC,jabora,4208609,Jaborá,"UF + nome normalizado (caixa, acentos e espaços)",pareamento_unico_por_nome_uf
81701,CHAPADÃO DO LAGEADO,SC,chapadao do lageado,4204194,Chapadão do Lageado,"UF + nome normalizado (caixa, acentos e espaços)",pareamento_unico_por_nome_uf
81710,JACINTO MACHADO,SC,jacinto machado,4208708,Jacinto Machado,"UF + nome normalizado (caixa, acentos e espaços)",pareamento_unico_por_nome_uf
81728,BALNEÁRIO ARROIO DO SILVA,SC,balneario arroio do silva,4201950,Balneário Arroio do Silva,"UF + nome normalizado (caixa, acentos e espaços)",pareamento_unico_por_nome_uf
81736,JAGUARUNA,SC,jaguaruna,4208807,Jaguaruna,"UF + nome normalizado (caixa, acentos e espaços)",pareamento_unico_por_nome_uf
81744,BALNEÁRIO GAIVOTA,SC,balneario gaivota,4202073,Balneário Gaivota,"UF + nome normalizado (caixa, acentos e espaços)",pareamento_unico_por_nome_uf
81752,JARAGUÁ DO SUL,SC,jaragua do sul,4208906,Jaraguá do Sul,"UF + nome normalizado (caixa, acentos e espaços)",pareamento_unico_por_nome_uf
81760,BARRA BONITA,SC,barra bonita,4202099,Barra Bonita,"UF + nome normalizado (caixa, acentos e espaços)",pareamento_unico_por_nome_uf
81779,JOAÇABA,SC,joacaba,4209003,Joaçaba,"UF + nome normalizado (caixa, acentos e espaços)",pareamento_unico_por_nome_uf
81787,BRUNÓPOLIS,SC,brunopolis,4202875,Brunópolis,"UF + nome normalizado (caixa, acentos e espaços)",pareamento_unico_por_nome_uf
81795,JOINVILLE,SC,joinville,4209102,Joinville,"UF + nome normalizado (caixa, acentos e espaços)",pareamento_unico_por_nome_uf
81809,LUZERNA,SC,luzerna,4210035,Luzerna,"UF + nome normalizado (caixa, acentos e espaços)",pareamento_unico_por_nome_uf
81817,LACERDÓPOLIS,SC,lacerdopolis,4209201,Lacerdópolis,"UF + nome normalizado (caixa, acentos e espaços)",pareamento_unico_por_nome_uf
81825,ZORTÉA,SC,zortea,4219853,Zortéa,"UF + nome normalizado (caixa, acentos e espaços)",pareamento_unico_por_nome_uf
81833,LAGES,SC,lages,4209300,Lages,"UF + nome normalizado (caixa, acentos e espaços)",pareamento_unico_por_nome_uf
81850,LAGUNA,SC,laguna,4209409,Laguna,"UF + nome normalizado (caixa, acentos e espaços)",pareamento_unico_por_nome_uf
81876,LAURENTINO,SC,laurentino,4209508,Laurentino,"UF + nome normalizado (caixa, acentos e espaços)",pareamento_unico_por_nome_uf
81892,LAURO MÜLLER,SC,lauro muller,4209607,Lauro Müller,"UF + nome normalizado (caixa, acentos e espaços)",pareamento_unico_por_nome_uf
81914,LEBON RÉGIS,SC,lebon regis,4209706,Lebon Régis,"UF + nome normalizado (caixa, acentos e espaços)",pareamento_unico_por_nome_uf
81930,LEOBERTO LEAL,SC,leoberto leal,4209805,Leoberto Leal,"UF + nome normalizado (caixa, acentos e espaços)",pareamento_unico_por_nome_uf
81957,LONTRAS,SC,lontras,4209904,Lontras,"UF + nome normalizado (caixa, acentos e espaços)",pareamento_unico_por_nome_uf
81973,LUIZ ALVES,SC,luiz alves,4210001,Luiz Alves,"UF + nome normalizado (caixa, acentos e espaços)",pareamento_unico_por_nome_uf
81990,MAFRA,SC,mafra,4210100,Mafra,"UF + nome normalizado (caixa, acentos e espaços)",pareamento_unico_por_nome_uf
82015,MAJOR GERCINO,SC,major gercino,4210209,Major Gercino,"UF + nome normalizado (caixa, acentos e espaços)",pareamento_unico_por_nome_uf
82031,MAJOR VIEIRA,SC,major vieira,4210308,Major Vieira,"UF + nome normalizado (caixa, acentos e espaços)",pareamento_unico_por_nome_uf
82058,MARAVILHA,SC,maravilha,4210506,Maravilha,"UF + nome normalizado (caixa, acentos e espaços)",pareamento_unico_por_nome_uf
82066,MAREMA,SC,marema,4210555,Marema,"UF + nome normalizado (caixa, acentos e espaços)",pareamento_unico_por_nome_uf
82074,MASSARANDUBA,SC,massaranduba,4210605,Massaranduba,"UF + nome normalizado (caixa, acentos e espaços)",pareamento_unico_por_nome_uf
82090,MATOS COSTA,SC,matos costa,4210704,Matos Costa,"UF + nome normalizado (caixa, acentos e espaços)",pareamento_unico_por_nome_uf
82112,MELEIRO,SC,meleiro,4210803,Meleiro,"UF + nome normalizado (caixa, acentos e espaços)",pareamento_unico_por_nome_uf
82139,MODELO,SC,modelo,4210902,Modelo,"UF + nome normalizado (caixa, acentos e espaços)",pareamento_unico_por_nome_uf
82155,MONDAÍ,SC,mondai,4211009,Mondaí,"UF + nome normalizado (caixa, acentos e espaços)",pareamento_unico_por_nome_uf
82171,MONTE CASTELO,SC,monte castelo,4211108,Monte Castelo,"UF + nome normalizado (caixa, acentos e espaços)",pareamento_unico_por_nome_uf
82198,MORRO DA FUMAÇA,SC,morro da fumaca,4211207,Morro da Fumaça,"UF + nome normalizado (caixa, acentos e espaços)",pareamento_unico_por_nome_uf
82210,NAVEGANTES,SC,navegantes,4211306,Navegantes,"UF + nome normalizado (caixa, acentos e espaços)",pareamento_unico_por_nome_uf
82236,NOVA ERECHIM,SC,nova erechim,4211405,Nova Erechim,"UF + nome normalizado (caixa, acentos e espaços)",pareamento_unico_por_nome_uf
82252,NOVA TRENTO,SC,nova trento,4211504,Nova Trento,"UF + nome normalizado (caixa, acentos e espaços)",pareamento_unico_por_nome_uf
82279,NOVA VENEZA,SC,nova veneza,4211603,Nova Veneza,"UF + nome normalizado (caixa, acentos e espaços)",pareamento_unico_por_nome_uf
82295,ORLEANS,SC,orleans,4211702,Orleans,"UF + nome normalizado (caixa, acentos e espaços)",pareamento_unico_por_nome_uf
82317,OURO,SC,ouro,4211801,Ouro,"UF + nome normalizado (caixa, acentos e espaços)",pareamento_unico_por_nome_uf
82333,PALHOÇA,SC,palhoca,4211900,Palhoça,"UF + nome normalizado (caixa, acentos e espaços)",pareamento_unico_por_nome_uf
82350,PALMA SOLA,SC,palma sola,4212007,Palma Sola,"UF + nome normalizado (caixa, acentos e espaços)",pareamento_unico_por_nome_uf
82376,PALMITOS,SC,palmitos,4212106,Palmitos,"UF + nome normalizado (caixa, acentos e espaços)",pareamento_unico_por_nome_uf
82392,PAPANDUVA,SC,papanduva,4212205,Papanduva,"UF + nome normalizado (caixa, acentos e espaços)",pareamento_unico_por_nome_uf
82414,PAULO LOPES,SC,paulo lopes,4212304,Paulo Lopes,"UF + nome normalizado (caixa, acentos e espaços)",pareamento_unico_por_nome_uf
82430,PEDRAS GRANDES,SC,pedras grandes,4212403,Pedras Grandes,"UF + nome normalizado (caixa, acentos e espaços)",pareamento_unico_por_nome_uf
82457,PENHA,SC,penha,4212502,Penha,"UF + nome normalizado (caixa, acentos e espaços)",pareamento_unico_por_nome_uf
82473,PERITIBA,SC,peritiba,4212601,Peritiba,"UF + nome normalizado (caixa, acentos e espaços)",pareamento_unico_por_nome_uf
82490,PETROLÂNDIA,SC,petrolandia,4212700,Petrolândia,"UF + nome normalizado (caixa, acentos e espaços)",pareamento_unico_por_nome_uf
82511,BALNEÁRIO PIÇARRAS,SC,balneario picarras,4212809,Balneário Piçarras,"UF + nome normalizado (caixa, acentos e espaços)",pareamento_unico_por_nome_uf
82538,PINHALZINHO,SC,pinhalzinho,4212908,Pinhalzinho,"UF + nome normalizado (caixa, acentos e espaços)",pareamento_unico_por_nome_uf
82554,PINHEIRO PRETO,SC,pinheiro preto,4213005,Pinheiro Preto,"UF + nome normalizado (caixa, acentos e espaços)",pareamento_unico_por_nome_uf
82570,PIRATUBA,SC,piratuba,4213104,Piratuba,"UF + nome normalizado (caixa, acentos e espaços)",pareamento_unico_por_nome_uf
82597,POMERODE,SC,pomerode,4213203,Pomerode,"UF + nome normalizado (caixa, acentos e espaços)",pareamento_unico_por_nome_uf
82619,PONTE ALTA,SC,ponte alta,4213302,Ponte Alta,"UF + nome normalizado (caixa, acentos e espaços)",pareamento_unico_por_nome_uf
82635,PONTE SERRADA,SC,ponte serrada,4213401,Ponte Serrada,"UF + nome normalizado (caixa, acentos e espaços)",pareamento_unico_por_nome_uf
82651,PORTO BELO,SC,porto belo,4213500,Porto Belo,"UF + nome normalizado (caixa, acentos e espaços)",pareamento_unico_por_nome_uf
82678,PORTO UNIÃO,SC,porto uniao,4213609,Porto União,"UF + nome normalizado (caixa, acentos e espaços)",pareamento_unico_por_nome_uf
82694,POUSO REDONDO,SC,pouso redondo,4213708,Pouso Redondo,"UF + nome normalizado (caixa, acentos e espaços)",pareamento_unico_por_nome_uf
82716,PRAIA GRANDE,SC,praia grande,4213807,Praia Grande,"UF + nome normalizado (caixa, acentos e espaços)",pareamento_unico_por_nome_uf
82732,PRESIDENTE CASTELLO BRANCO,SC,presidente castello branco,4213906,Presidente Castello Branco,"UF + nome normalizado (caixa, acentos e espaços)",pareamento_unico_por_nome_uf
82759,PRESIDENTE GETÚLIO,SC,presidente getulio,4214003,Presidente Getúlio,"UF + nome normalizado (caixa, acentos e espaços)",pareamento_unico_por_nome_uf
82775,PRESIDENTE NEREU,SC,presidente nereu,4214102,Presidente Nereu,"UF + nome normalizado (caixa, acentos e espaços)",pareamento_unico_por_nome_uf
82791,QUILOMBO,SC,quilombo,4214201,Quilombo,"UF + nome normalizado (caixa, acentos e espaços)",pareamento_unico_por_nome_uf
82813,RANCHO QUEIMADO,SC,rancho queimado,4214300,Rancho Queimado,"UF + nome normalizado (caixa, acentos e espaços)",pareamento_unico_por_nome_uf
82830,RIO DAS ANTAS,SC,rio das antas,4214409,Rio das Antas,"UF + nome normalizado (caixa, acentos e espaços)",pareamento_unico_por_nome_uf
82856,RIO DO CAMPO,SC,rio do campo,4214508,Rio do Campo,"UF + nome normalizado (caixa, acentos e espaços)",pareamento_unico_por_nome_uf
82872,RIO DO OESTE,SC,rio do oeste,4214607,Rio do Oeste,"UF + nome normalizado (caixa, acentos e espaços)",pareamento_unico_por_nome_uf
82899,RIO DOS CEDROS,SC,rio dos cedros,4214706,Rio dos Cedros,"UF + nome normalizado (caixa, acentos e espaços)",pareamento_unico_por_nome_uf
82910,RIO DO SUL,SC,rio do sul,4214805,Rio do Sul,"UF + nome normalizado (caixa, acentos e espaços)",pareamento_unico_por_nome_uf
82937,RIO FORTUNA,SC,rio fortuna,4214904,Rio Fortuna,"UF + nome normalizado (caixa, acentos e espaços)",pareamento_unico_por_nome_uf
82953,RIO NEGRINHO,SC,rio negrinho,4215000,Rio Negrinho,"UF + nome normalizado (caixa, acentos e espaços)",pareamento_unico_por_nome_uf
82970,RODEIO,SC,rodeio,4215109,Rodeio,"UF + nome normalizado (caixa, acentos e espaços)",pareamento_unico_por_nome_uf
82996,ROMELÂNDIA,SC,romelandia,4215208,Romelândia,"UF + nome normalizado (caixa, acentos e espaços)",pareamento_unico_por_nome_uf
83011,SALETE,SC,salete,4215307,Salete,"UF + nome normalizado (caixa, acentos e espaços)",pareamento_unico_por_nome_uf
83038,SALTO VELOSO,SC,salto veloso,4215406,Salto Veloso,"UF + nome normalizado (caixa, acentos e espaços)",pareamento_unico_por_nome_uf
83054,SANTA CECÍLIA,SC,santa cecilia,4215505,Santa Cecília,"UF + nome normalizado (caixa, acentos e espaços)",pareamento_unico_por_nome_uf
83070,SANTA ROSA DE LIMA,SC,santa rosa de lima,4215604,Santa Rosa de Lima,"UF + nome normalizado (caixa, acentos e espaços)",pareamento_unico_por_nome_uf
83097,SANTO AMARO DA IMPERATRIZ,SC,santo amaro da imperatriz,4215703,Santo Amaro da Imperatriz,"UF + nome normalizado (caixa, acentos e espaços)",pareamento_unico_por_nome_uf
83119,SÃO BENTO DO SUL,SC,sao bento do sul,4215802,São Bento do Sul,"UF + nome normalizado (caixa, acentos e espaços)",pareamento_unico_por_nome_uf
83135,SÃO BONIFÁCIO,SC,sao bonifacio,4215901,São Bonifácio,"UF + nome normalizado (caixa, acentos e espaços)",pareamento_unico_por_nome_uf
83151,SÃO CARLOS,SC,sao carlos,4216008,São Carlos,"UF + nome normalizado (caixa, acentos e espaços)",pareamento_unico_por_nome_uf
83178,SÃO DOMINGOS,SC,sao domingos,4216107,São Domingos,"UF + nome normalizado (caixa, acentos e espaços)",pareamento_unico_por_nome_uf
83194,SÃO FRANCISCO DO SUL,SC,sao francisco do sul,4216206,São Francisco do Sul,"UF + nome normalizado (caixa, acentos e espaços)",pareamento_unico_por_nome_uf
83216,SÃO JOÃO BATISTA,SC,sao joao batista,4216305,São João Batista,"UF + nome normalizado (caixa, acentos e espaços)",pareamento_unico_por_nome_uf
83232,SÃO JOÃO DO SUL,SC,sao joao do sul,4216404,São João do Sul,"UF + nome normalizado (caixa, acentos e espaços)",pareamento_unico_por_nome_uf
83259,SÃO JOAQUIM,SC,sao joaquim,4216503,São Joaquim,"UF + nome normalizado (caixa, acentos e espaços)",pareamento_unico_por_nome_uf
83275,SÃO JOSÉ,SC,sao jose,4216602,São José,"UF + nome normalizado (caixa, acentos e espaços)",pareamento_unico_por_nome_uf
83291,SÃO JOSÉ DO CEDRO,SC,sao jose do cedro,4216701,São José do Cedro,"UF + nome normalizado (caixa, acentos e espaços)",pareamento_unico_por_nome_uf
83313,SÃO JOSÉ DO CERRITO,SC,sao jose do cerrito,4216800,São José do Cerrito,"UF + nome normalizado (caixa, acentos e espaços)",pareamento_unico_por_nome_uf
83330,SÃO LOURENÇO DO OESTE,SC,sao lourenco do oeste,4216909,São Lourenço do Oeste,"UF + nome normalizado (caixa, acentos e espaços)",pareamento_unico_por_nome_uf
83356,SÃO LUDGERO,SC,sao ludgero,4217006,São Ludgero,"UF + nome normalizado (caixa, acentos e espaços)",pareamento_unico_por_nome_uf
83372,SÃO MARTINHO,SC,sao martinho,4217105,São Martinho,"UF + nome normalizado (caixa, acentos e espaços)",pareamento_unico_por_nome_uf
83399,SÃO MIGUEL DO OESTE,SC,sao miguel do oeste,4217204,São Miguel do Oeste,"UF + nome normalizado (caixa, acentos e espaços)",pareamento_unico_por_nome_uf
83410,SAUDADES,SC,saudades,4217303,Saudades,"UF + nome normalizado (caixa, acentos e espaços)",pareamento_unico_por_nome_uf
83437,SCHROEDER,SC,schroeder,4217402,Schroeder,"UF + nome normalizado (caixa, acentos e espaços)",pareamento_unico_por_nome_uf
83453,SEARA,SC,seara,4217501,Seara,"UF + nome normalizado (caixa, acentos e espaços)",pareamento_unico_por_nome_uf
83470,SIDERÓPOLIS,SC,sideropolis,4217600,Siderópolis,"UF + nome normalizado (caixa, acentos e espaços)",pareamento_unico_por_nome_uf
83496,SOMBRIO,SC,sombrio,4217709,Sombrio,"UF + nome normalizado (caixa, acentos e espaços)",pareamento_unico_por_nome_uf
83518,TAIÓ,SC,taio,4217808,Taió,"UF + nome normalizado (caixa, acentos e espaços)",pareamento_unico_por_nome_uf
83534,TANGARÁ,SC,tangara,4217907,Tangará,"UF + nome normalizado (caixa, acentos e espaços)",pareamento_unico_por_nome_uf
83550,TIJUCAS,SC,tijucas,4218004,Tijucas,"UF + nome normalizado (caixa, acentos e espaços)",pareamento_unico_por_nome_uf
83577,TIMBÓ,SC,timbo,4218202,Timbó,"UF + nome normalizado (caixa, acentos e espaços)",pareamento_unico_por_nome_uf
83593,TRÊS BARRAS,SC,tres barras,4218301,Três Barras,"UF + nome normalizado (caixa, acentos e espaços)",pareamento_unico_por_nome_uf
83615,TREZE DE MAIO,SC,treze de maio,4218400,Treze de Maio,"UF + nome normalizado (caixa, acentos e espaços)",pareamento_unico_por_nome_uf
83631,TREZE TÍLIAS,SC,treze tilias,4218509,Treze Tílias,"UF + nome normalizado (caixa, acentos e espaços)",pareamento_unico_por_nome_uf
83658,TROMBUDO CENTRAL,SC,trombudo central,4218608,Trombudo Central,"UF + nome normalizado (caixa, acentos e espaços)",pareamento_unico_por_nome_uf
83674,TUBARÃO,SC,tubarao,4218707,Tubarão,"UF + nome normalizado (caixa, acentos e espaços)",pareamento_unico_por_nome_uf
83682,TUNÁPOLIS,SC,tunapolis,4218756,Tunápolis,"UF + nome normalizado (caixa, acentos e espaços)",pareamento_unico_por_nome_uf
83690,TURVO,SC,turvo,4218806,Turvo,"UF + nome normalizado (caixa, acentos e espaços)",pareamento_unico_por_nome_uf
83712,URUBICI,SC,urubici,4218905,Urubici,"UF + nome normalizado (caixa, acentos e espaços)",pareamento_unico_por_nome_uf
83739,URUSSANGA,SC,urussanga,4219002,Urussanga,"UF + nome normalizado (caixa, acentos e espaços)",pareamento_unico_por_nome_uf
83755,VARGEÃO,SC,vargeao,4219101,Vargeão,"UF + nome normalizado (caixa, acentos e espaços)",pareamento_unico_por_nome_uf
83771,VIDAL RAMOS,SC,vidal ramos,4219200,Vidal Ramos,"UF + nome normalizado (caixa, acentos e espaços)",pareamento_unico_por_nome_uf
83798,VIDEIRA,SC,videira,4219309,Videira,"UF + nome normalizado (caixa, acentos e espaços)",pareamento_unico_por_nome_uf
83810,WITMARSUM,SC,witmarsum,4219408,Witmarsum,"UF + nome normalizado (caixa, acentos e espaços)",pareamento_unico_por_nome_uf
83836,XANXERÊ,SC,xanxere,4219507,Xanxerê,"UF + nome normalizado (caixa, acentos e espaços)",pareamento_unico_por_nome_uf
83852,XAVANTINA,SC,xavantina,4219606,Xavantina,"UF + nome normalizado (caixa, acentos e espaços)",pareamento_unico_por_nome_uf
83879,XAXIM,SC,xaxim,4219705,Xaxim,"UF + nome normalizado (caixa, acentos e espaços)",pareamento_unico_por_nome_uf
83895,BOM JARDIM DA SERRA,SC,bom jardim da serra,4202503,Bom Jardim da Serra,"UF + nome normalizado (caixa, acentos e espaços)",pareamento_unico_por_nome_uf
83909,BALNEÁRIO RINCÃO,SC,balneario rincao,4220000,Balneário Rincão,"UF + nome normalizado (caixa, acentos e espaços)",pareamento_unico_por_nome_uf
83917,MARACAJÁ,SC,maracaja,4210407,Maracajá,"UF + nome normalizado (caixa, acentos e espaços)",pareamento_unico_por_nome_uf
83925,PESCARIA BRAVA,SC,pescaria brava,4212650,Pescaria Brava,"UF + nome normalizado (caixa, acentos e espaços)",pareamento_unico_por_nome_uf
83933,TIMBÉ DO SUL,SC,timbe do sul,4218103,Timbé do Sul,"UF + nome normalizado (caixa, acentos e espaços)",pareamento_unico_por_nome_uf
83950,CORREIA PINTO,SC,correia pinto,4204558,Correia Pinto,"UF + nome normalizado (caixa, acentos e espaços)",pareamento_unico_por_nome_uf
83976,OTACÍLIO COSTA,SC,otacilio costa,4211751,Otacílio Costa,"UF + nome normalizado (caixa, acentos e espaços)",pareamento_unico_por_nome_uf
31003,SANTANA DO SÃO FRANCISCO,SE,santana do sao francisco,2806404,Santana do São Francisco,"UF + nome normalizado (caixa, acentos e espaços)",pareamento_unico_por_nome_uf
31011,AMPARO DE SÃO FRANCISCO,SE,amparo de sao francisco,,,"UF + nome normalizado (caixa, acentos e espaços)",sem_pareamento_exato
31038,AQUIDABÃ,SE,aquidaba,2800209,Aquidabã,"UF + nome normalizado (caixa, acentos e espaços)",pareamento_unico_por_nome_uf
31054,ARACAJU,SE,aracaju,2800308,Aracaju,"UF + nome normalizado (caixa, acentos e espaços)",pareamento_unico_por_nome_uf
31070,ARAUÁ,SE,araua,2800407,Arauá,"UF + nome normalizado (caixa, acentos e espaços)",pareamento_unico_por_nome_uf
31097,AREIA BRANCA,SE,areia branca,2800506,Areia Branca,"UF + nome normalizado (caixa, acentos e espaços)",pareamento_unico_por_nome_uf
31119,BARRA DOS COQUEIROS,SE,barra dos coqueiros,2800605,Barra dos Coqueiros,"UF + nome normalizado (caixa, acentos e espaços)",pareamento_unico_por_nome_uf
31135,BREJO GRANDE,SE,brejo grande,2800704,Brejo Grande,"UF + nome normalizado (caixa, acentos e espaços)",pareamento_unico_por_nome_uf
31151,BOQUIM,SE,boquim,2800670,Boquim,"UF + nome normalizado (caixa, acentos e espaços)",pareamento_unico_por_nome_uf
31194,CAMPO DO BRITO,SE,campo do brito,2801009,Campo do Brito,"UF + nome normalizado (caixa, acentos e espaços)",pareamento_unico_por_nome_uf
31216,CANHOBA,SE,canhoba,2801108,Canhoba,"UF + nome normalizado (caixa, acentos e espaços)",pareamento_unico_por_nome_uf
31232,CANINDÉ DE SÃO FRANCISCO,SE,caninde de sao francisco,2801207,Canindé de São Francisco,"UF + nome normalizado (caixa, acentos e espaços)",pareamento_unico_por_nome_uf
31259,CAPELA,SE,capela,2801306,Capela,"UF + nome normalizado (caixa, acentos e espaços)",pareamento_unico_por_nome_uf
31275,CARIRA,SE,carira,2801405,Carira,"UF + nome normalizado (caixa, acentos e espaços)",pareamento_unico_por_nome_uf
31291,CARMÓPOLIS,SE,carmopolis,2801504,Carmópolis,"UF + nome normalizado (caixa, acentos e espaços)",pareamento_unico_por_nome_uf
31313,CEDRO DE SÃO JOÃO,SE,cedro de sao joao,2801603,Cedro de São João,"UF + nome normalizado (caixa, acentos e espaços)",pareamento_unico_por_nome_uf
31330,CRISTINÁPOLIS,SE,cristinapolis,2801702,Cristinápolis,"UF + nome normalizado (caixa, acentos e espaços)",pareamento_unico_por_nome_uf
31356,NOSSA SENHORA APARECIDA,SE,nossa senhora aparecida,2804458,Nossa Senhora Aparecida,"UF + nome normalizado (caixa, acentos e espaços)",pareamento_unico_por_nome_uf
31372,CUMBE,SE,cumbe,2801900,Cumbe,"UF + nome normalizado (caixa, acentos e espaços)",pareamento_unico_por_nome_uf
31399,DIVINA PASTORA,SE,divina pastora,2802007,Divina Pastora,"UF + nome normalizado (caixa, acentos e espaços)",pareamento_unico_por_nome_uf
31410,ESTÂNCIA,SE,estancia,2802106,Estância,"UF + nome normalizado (caixa, acentos e espaços)",pareamento_unico_por_nome_uf
31437,FEIRA NOVA,SE,feira nova,2802205,Feira Nova,"UF + nome normalizado (caixa, acentos e espaços)",pareamento_unico_por_nome_uf
31453,FREI PAULO,SE,frei paulo,2802304,Frei Paulo,"UF + nome normalizado (caixa, acentos e espaços)",pareamento_unico_por_nome_uf
31470,GENERAL MAYNARD,SE,general maynard,2802502,General Maynard,"UF + nome normalizado (caixa, acentos e espaços)",pareamento_unico_por_nome_uf
31496,GARARU,SE,gararu,2802403,Gararu,"UF + nome normalizado (caixa, acentos e espaços)",pareamento_unico_por_nome_uf
31518,GRACCHO CARDOSO,SE,graccho cardoso,2802601,Graccho Cardoso,"UF + nome normalizado (caixa, acentos e espaços)",pareamento_unico_por_nome_uf
31534,ILHA DAS FLORES,SE,ilha das flores,2802700,Ilha das Flores,"UF + nome normalizado (caixa, acentos e espaços)",pareamento_unico_por_nome_uf
31550,INDIAROBA,SE,indiaroba,2802809,Indiaroba,"UF + nome normalizado (caixa, acentos e espaços)",pareamento_unico_por_nome_uf
31577,ITABAIANA,SE,itabaiana,2802908,Itabaiana,"UF + nome normalizado (caixa, acentos e espaços)",pareamento_unico_por_nome_uf
31593,ITABAIANINHA,SE,itabaianinha,2803005,Itabaianinha,"UF + nome normalizado (caixa, acentos e espaços)",pareamento_unico_por_nome_uf
31615,ITABI,SE,itabi,2803104,Itabi,"UF + nome normalizado (caixa, acentos e espaços)",pareamento_unico_por_nome_uf
31631,ITAPORANGA D AJUDA,SE,itaporanga d ajuda,,,"UF + nome normalizado (caixa, acentos e espaços)",sem_pareamento_exato
31658,JAPARATUBA,SE,japaratuba,2803302,Japaratuba,"UF + nome normalizado (caixa, acentos e espaços)",pareamento_unico_por_nome_uf
31674,JAPOATÃ,SE,japoata,2803401,Japoatã,"UF + nome normalizado (caixa, acentos e espaços)",pareamento_unico_por_nome_uf
31690,LAGARTO,SE,lagarto,2803500,Lagarto,"UF + nome normalizado (caixa, acentos e espaços)",pareamento_unico_por_nome_uf
31712,LARANJEIRAS,SE,laranjeiras,2803609,Laranjeiras,"UF + nome normalizado (caixa, acentos e espaços)",pareamento_unico_por_nome_uf
31739,MACAMBIRA,SE,macambira,2803708,Macambira,"UF + nome normalizado (caixa, acentos e espaços)",pareamento_unico_por_nome_uf
31755,MALHADA DOS BOIS,SE,malhada dos bois,2803807,Malhada dos Bois,"UF + nome normalizado (caixa, acentos e espaços)",pareamento_unico_por_nome_uf
31771,MALHADOR,SE,malhador,2803906,Malhador,"UF + nome normalizado (caixa, acentos e espaços)",pareamento_unico_por_nome_uf
31798,MARUIM,SE,maruim,2804003,Maruim,"UF + nome normalizado (caixa, acentos e espaços)",pareamento_unico_por_nome_uf
31810,MOITA BONITA,SE,moita bonita,2804102,Moita Bonita,"UF + nome normalizado (caixa, acentos e espaços)",pareamento_unico_por_nome_uf
31836,MONTE ALEGRE DE SERGIPE,SE,monte alegre de sergipe,2804201,Monte Alegre de Sergipe,"UF + nome normalizado (caixa, acentos e espaços)",pareamento_unico_por_nome_uf
31852,MURIBECA,SE,muribeca,2804300,Muribeca,"UF + nome normalizado (caixa, acentos e espaços)",pareamento_unico_por_nome_uf
31879,NEÓPOLIS,SE,neopolis,2804409,Neópolis,"UF + nome normalizado (caixa, acentos e espaços)",pareamento_unico_por_nome_uf
31895,NOSSA SENHORA DA GLÓRIA,SE,nossa senhora da gloria,2804508,Nossa Senhora da Glória,"UF + nome normalizado (caixa, acentos e espaços)",pareamento_unico_por_nome_uf
31917,NOSSA SENHORA DAS DORES,SE,nossa senhora das dores,2804607,Nossa Senhora das Dores,"UF + nome normalizado (caixa, acentos e espaços)",pareamento_unico_por_nome_uf
31933,NOSSA SENHORA DE LOURDES,SE,nossa senhora de lourdes,2804706,Nossa Senhora de Lourdes,"UF + nome normalizado (caixa, acentos e espaços)",pareamento_unico_por_nome_uf
31950,NOSSA SENHORA DO SOCORRO,SE,nossa senhora do socorro,2804805,Nossa Senhora do Socorro,"UF + nome normalizado (caixa, acentos e espaços)",pareamento_unico_por_nome_uf
31976,PACATUBA,SE,pacatuba,2804904,Pacatuba,"UF + nome normalizado (caixa, acentos e espaços)",pareamento_unico_por_nome_uf
31992,PEDRA MOLE,SE,pedra mole,2805000,Pedra Mole,"UF + nome normalizado (caixa, acentos e espaços)",pareamento_unico_por_nome_uf
32018,PEDRINHAS,SE,pedrinhas,2805109,Pedrinhas,"UF + nome normalizado (caixa, acentos e espaços)",pareamento_unico_por_nome_uf
32034,PINHÃO,SE,pinhao,2805208,Pinhão,"UF + nome normalizado (caixa, acentos e espaços)",pareamento_unico_por_nome_uf
32050,PIRAMBU,SE,pirambu,2805307,Pirambu,"UF + nome normalizado (caixa, acentos e espaços)",pareamento_unico_por_nome_uf
32077,POÇO REDONDO,SE,poco redondo,2805406,Poço Redondo,"UF + nome normalizado (caixa, acentos e espaços)",pareamento_unico_por_nome_uf
32093,POÇO VERDE,SE,poco verde,2805505,Poço Verde,"UF + nome normalizado (caixa, acentos e espaços)",pareamento_unico_por_nome_uf
32115,PORTO DA FOLHA,SE,porto da folha,2805604,Porto da Folha,"UF + nome normalizado (caixa, acentos e espaços)",pareamento_unico_por_nome_uf
32131,PROPRIÁ,SE,propria,2805703,Propriá,"UF + nome normalizado (caixa, acentos e espaços)",pareamento_unico_por_nome_uf
32158,RIACHÃO DO DANTAS,SE,riachao do dantas,2805802,Riachão do Dantas,"UF + nome normalizado (caixa, acentos e espaços)",pareamento_unico_por_nome_uf
32174,RIACHUELO,SE,riachuelo,2805901,Riachuelo,"UF + nome normalizado (caixa, acentos e espaços)",pareamento_unico_por_nome_uf
32190,RIBEIRÓPOLIS,SE,ribeiropolis,2806008,Ribeirópolis,"UF + nome normalizado (caixa, acentos e espaços)",pareamento_unico_por_nome_uf
32212,ROSÁRIO DO CATETE,SE,rosario do catete,2806107,Rosário do Catete,"UF + nome normalizado (caixa, acentos e espaços)",pareamento_unico_por_nome_uf
32239,SALGADO,SE,salgado,2806206,Salgado,"UF + nome normalizado (caixa, acentos e espaços)",pareamento_unico_por_nome_uf
32255,SANTA LUZIA DO ITANHY,SE,santa luzia do itanhy,2806305,Santa Luzia do Itanhy,"UF + nome normalizado (caixa, acentos e espaços)",pareamento_unico_por_nome_uf
32298,SANTA ROSA DE LIMA,SE,santa rosa de lima,2806503,Santa Rosa de Lima,"UF + nome normalizado (caixa, acentos e espaços)",pareamento_unico_por_nome_uf
32310,SANTO AMARO DAS BROTAS,SE,santo amaro das brotas,2806602,Santo Amaro das Brotas,"UF + nome normalizado (caixa, acentos e espaços)",pareamento_unico_por_nome_uf
32336,SÃO CRISTÓVÃO,SE,sao cristovao,2806701,São Cristóvão,"UF + nome normalizado (caixa, acentos e espaços)",pareamento_unico_por_nome_uf
32352,SÃO DOMINGOS,SE,sao domingos,2806800,São Domingos,"UF + nome normalizado (caixa, acentos e espaços)",pareamento_unico_por_nome_uf
32379,SÃO FRANCISCO,SE,sao francisco,2806909,São Francisco,"UF + nome normalizado (caixa, acentos e espaços)",pareamento_unico_por_nome_uf
32395,SÃO MIGUEL DO ALEIXO,SE,sao miguel do aleixo,2807006,São Miguel do Aleixo,"UF + nome normalizado (caixa, acentos e espaços)",pareamento_unico_por_nome_uf
32417,SIMÃO DIAS,SE,simao dias,2807105,Simão Dias,"UF + nome normalizado (caixa, acentos e espaços)",pareamento_unico_por_nome_uf
32433,SIRIRI,SE,siriri,2807204,Siriri,"UF + nome normalizado (caixa, acentos e espaços)",pareamento_unico_por_nome_uf
32450,TELHA,SE,telha,2807303,Telha,"UF + nome normalizado (caixa, acentos e espaços)",pareamento_unico_por_nome_uf
32476,TOBIAS BARRETO,SE,tobias barreto,2807402,Tobias Barreto,"UF + nome normalizado (caixa, acentos e espaços)",pareamento_unico_por_nome_uf
32492,TOMAR DO GERU,SE,tomar do geru,2807501,Tomar do Geru,"UF + nome normalizado (caixa, acentos e espaços)",pareamento_unico_por_nome_uf
32514,UMBAÚBA,SE,umbauba,2807600,Umbaúba,"UF + nome normalizado (caixa, acentos e espaços)",pareamento_unico_por_nome_uf
61000,EUCLIDES DA CUNHA PAULISTA,SP,euclides da cunha paulista,3515350,Euclides da Cunha Paulista,"UF + nome normalizado (caixa, acentos e espaços)",pareamento_unico_por_nome_uf
61018,ADAMANTINA,SP,adamantina,3500105,Adamantina,"UF + nome normalizado (caixa, acentos e espaços)",pareamento_unico_por_nome_uf
61026,BOREBI,SP,borebi,3507456,Borebi,"UF + nome normalizado (caixa, acentos e espaços)",pareamento_unico_por_nome_uf
61034,ADOLFO,SP,adolfo,3500204,Adolfo,"UF + nome normalizado (caixa, acentos e espaços)",pareamento_unico_por_nome_uf
61042,TARUMÃ,SP,taruma,3553955,Tarumã,"UF + nome normalizado (caixa, acentos e espaços)",pareamento_unico_por_nome_uf
61050,AGUAÍ,SP,aguai,3500303,Aguaí,"UF + nome normalizado (caixa, acentos e espaços)",pareamento_unico_por_nome_uf
61069,MOTUCA,SP,motuca,3532058,Motuca,"UF + nome normalizado (caixa, acentos e espaços)",pareamento_unico_por_nome_uf
61077,ÁGUAS DA PRATA,SP,aguas da prata,3500402,Águas da Prata,"UF + nome normalizado (caixa, acentos e espaços)",pareamento_unico_por_nome_uf
61085,IARAS,SP,iaras,3519253,Iaras,"UF + nome normalizado (caixa, acentos e espaços)",pareamento_unico_por_nome_uf
61093,ÁGUAS DE LINDÓIA,SP,aguas de lindoia,3500501,Águas de Lindóia,"UF + nome normalizado (caixa, acentos e espaços)",pareamento_unico_por_nome_uf
61107,GUATAPARÁ,SP,guatapara,3518859,Guatapará,"UF + nome normalizado (caixa, acentos e espaços)",pareamento_unico_por_nome_uf
61115,ÁGUAS DE SÃO PEDRO,SP,aguas de sao pedro,3500600,Águas de São Pedro,"UF + nome normalizado (caixa, acentos e espaços)",pareamento_unico_por_nome_uf
61123,DIRCE REIS,SP,dirce reis,3513850,Dirce Reis,"UF + nome normalizado (caixa, acentos e espaços)",pareamento_unico_por_nome_uf
61131,AGUDOS,SP,agudos,3500709,Agudos,"UF + nome normalizado (caixa, acentos e espaços)",pareamento_unico_por_nome_uf
61140,ESPÍRITO SANTO DO TURVO,SP,espirito santo do turvo,3515194,Espírito Santo do Turvo,"UF + nome normalizado (caixa, acentos e espaços)",pareamento_unico_por_nome_uf
61158,ALFREDO MARCONDES,SP,alfredo marcondes,3500808,Alfredo Marcondes,"UF + nome normalizado (caixa, acentos e espaços)",pareamento_unico_por_nome_uf
61166,ROSANA,SP,rosana,3544251,Rosana,"UF + nome normalizado (caixa, acentos e espaços)",pareamento_unico_por_nome_uf
61174,ALTAIR,SP,altair,3500907,Altair,"UF + nome normalizado (caixa, acentos e espaços)",pareamento_unico_por_nome_uf
61182,EMBAÚBA,SP,embauba,3514957,Embaúba,"UF + nome normalizado (caixa, acentos e espaços)",pareamento_unico_por_nome_uf
61190,ALTINÓPOLIS,SP,altinopolis,3501004,Altinópolis,"UF + nome normalizado (caixa, acentos e espaços)",pareamento_unico_por_nome_uf
61204,ILHA SOLTEIRA,SP,ilha solteira,3520442,Ilha Solteira,"UF + nome normalizado (caixa, acentos e espaços)",pareamento_unico_por_nome_uf
61212,ALTO ALEGRE,SP,alto alegre,3501103,Alto Alegre,"UF + nome normalizado (caixa, acentos e espaços)",pareamento_unico_por_nome_uf
61220,ALUMÍNIO,SP,aluminio,3501152,Alumínio,"UF + nome normalizado (caixa, acentos e espaços)",pareamento_unico_por_nome_uf
61239,ÁLVARES FLORENCE,SP,alvares florence,3501202,Álvares Florence,"UF + nome normalizado (caixa, acentos e espaços)",pareamento_unico_por_nome_uf
61247,PEDRINHAS PAULISTA,SP,pedrinhas paulista,3537156,Pedrinhas Paulista,"UF + nome normalizado (caixa, acentos e espaços)",pareamento_unico_por_nome_uf
61255,ÁLVARES MACHADO,SP,alvares machado,3501301,Álvares Machado,"UF + nome normalizado (caixa, acentos e espaços)",pareamento_unico_por_nome_uf
61263,ARAÇARIGUAMA,SP,aracariguama,3502754,Araçariguama,"UF + nome normalizado (caixa, acentos e espaços)",pareamento_unico_por_nome_uf
61271,ÁLVARO DE CARVALHO,SP,alvaro de carvalho,3501400,Álvaro de Carvalho,"UF + nome normalizado (caixa, acentos e espaços)",pareamento_unico_por_nome_uf
61280,BERTIOGA,SP,bertioga,3506359,Bertioga,"UF + nome normalizado (caixa, acentos e espaços)",pareamento_unico_por_nome_uf
61298,ALVINLÂNDIA,SP,alvinlandia,3501509,Alvinlândia,"UF + nome normalizado (caixa, acentos e espaços)",pareamento_unico_por_nome_uf
61301,SUZANÁPOLIS,SP,suzanapolis,3552551,Suzanápolis,"UF + nome normalizado (caixa, acentos e espaços)",pareamento_unico_por_nome_uf
61310,AMERICANA,SP,americana,3501608,Americana,"UF + nome normalizado (caixa, acentos e espaços)",pareamento_unico_por_nome_uf
61328,SANTO ANTÔNIO DO ARACANGUÁ,SP,santo antonio do aracangua,3548054,Santo Antônio do Aracanguá,"UF + nome normalizado (caixa, acentos e espaços)",pareamento_unico_por_nome_uf
61336,AMÉRICO BRASILIENSE,SP,americo brasiliense,3501707,Américo Brasiliense,"UF + nome normalizado (caixa, acentos e espaços)",pareamento_unico_por_nome_uf
61344,CANITAR,SP,canitar,3510153,Canitar,"UF + nome normalizado (caixa, acentos e espaços)",pareamento_unico_por_nome_uf
61352,AMÉRICO DE CAMPOS,SP,americo de campos,3501806,Américo de Campos,"UF + nome normalizado (caixa, acentos e espaços)",pareamento_unico_por_nome_uf
61360,BARRA DO CHAPÉU,SP,barra do chapeu,3505351,Barra do Chapéu,"UF + nome normalizado (caixa, acentos e espaços)",pareamento_unico_por_nome_uf
61379,AMPARO,SP,amparo,3501905,Amparo,"UF + nome normalizado (caixa, acentos e espaços)",pareamento_unico_por_nome_uf
61387,EMILIANÓPOLIS,SP,emilianopolis,3515129,Emilianópolis,"UF + nome normalizado (caixa, acentos e espaços)",pareamento_unico_por_nome_uf
61395,ANALÂNDIA,SP,analandia,3502002,Analândia,"UF + nome normalizado (caixa, acentos e espaços)",pareamento_unico_por_nome_uf
61409,NOVAIS,SP,novais,3533254,Novais,"UF + nome normalizado (caixa, acentos e espaços)",pareamento_unico_por_nome_uf
61417,ANDRADINA,SP,andradina,3502101,Andradina,"UF + nome normalizado (caixa, acentos e espaços)",pareamento_unico_por_nome_uf
61425,NOVA CANAÃ PAULISTA,SP,nova canaa paulista,3532843,Nova Canaã Paulista,"UF + nome normalizado (caixa, acentos e espaços)",pareamento_unico_por_nome_uf
61433,ANGATUBA,SP,angatuba,3502200,Angatuba,"UF + nome normalizado (caixa, acentos e espaços)",pareamento_unico_por_nome_uf
61441,SALTINHO,SP,saltinho,3545159,Saltinho,"UF + nome normalizado (caixa, acentos e espaços)",pareamento_unico_por_nome_uf
61450,ANHEMBI,SP,anhembi,3502309,Anhembi,"UF + nome normalizado (caixa, acentos e espaços)",pareamento_unico_por_nome_uf
61468,UBARANA,SP,ubarana,3555356,Ubarana,"UF + nome normalizado (caixa, acentos e espaços)",pareamento_unico_por_nome_uf
61476,ANHUMAS,SP,anhumas,3502408,Anhumas,"UF + nome normalizado (caixa, acentos e espaços)",pareamento_unico_por_nome_uf
61484,CAJATI,SP,cajati,3509254,Cajati,"UF + nome normalizado (caixa, acentos e espaços)",pareamento_unico_por_nome_uf
61492,APARECIDA,SP,aparecida,3502507,Aparecida,"UF + nome normalizado (caixa, acentos e espaços)",pareamento_unico_por_nome_uf
61506,CAMPINA DO MONTE ALEGRE,SP,campina do monte alegre,3509452,Campina do Monte Alegre,"UF + nome normalizado (caixa, acentos e espaços)",pareamento_unico_por_nome_uf
61514,APARECIDA D OESTE,SP,aparecida d oeste,,,"UF + nome normalizado (caixa, acentos e espaços)",sem_pareamento_exato
61522,ASPÁSIA,SP,aspasia,3503950,Aspásia,"UF + nome normalizado (caixa, acentos e espaços)",pareamento_unico_por_nome_uf
61530,APIAÍ,SP,apiai,3502705,Apiaí,"UF + nome normalizado (caixa, acentos e espaços)",pareamento_unico_por_nome_uf
61549,VARGEM,SP,vargem,3556354,Vargem,"UF + nome normalizado (caixa, acentos e espaços)",pareamento_unico_por_nome_uf
61557,ARAÇATUBA,SP,aracatuba,3502804,Araçatuba,"UF + nome normalizado (caixa, acentos e espaços)",pareamento_unico_por_nome_uf
61565,POTIM,SP,potim,3540754,Potim,"UF + nome normalizado (caixa, acentos e espaços)",pareamento_unico_por_nome_uf
61573,ARAÇOIABA DA SERRA,SP,aracoiaba da serra,3502903,Araçoiaba da Serra,"UF + nome normalizado (caixa, acentos e espaços)",pareamento_unico_por_nome_uf
61581,ALAMBARI,SP,alambari,3500758,Alambari,"UF + nome normalizado (caixa, acentos e espaços)",pareamento_unico_por_nome_uf
61590,ARAMINA,SP,aramina,3503000,Aramina,"UF + nome normalizado (caixa, acentos e espaços)",pareamento_unico_por_nome_uf
61603,ITAOCA,SP,itaoca,3522158,Itaoca,"UF + nome normalizado (caixa, acentos e espaços)",pareamento_unico_por_nome_uf
61611,ARANDU,SP,arandu,3503109,Arandu,"UF + nome normalizado (caixa, acentos e espaços)",pareamento_unico_por_nome_uf
61620,TUIUTI,SP,tuiuti,3554953,Tuiuti,"UF + nome normalizado (caixa, acentos e espaços)",pareamento_unico_por_nome_uf
61638,ARARAQUARA,SP,araraquara,3503208,Araraquara,"UF + nome normalizado (caixa, acentos e espaços)",pareamento_unico_por_nome_uf
61646,ARAPEÍ,SP,arapei,3503158,Arapeí,"UF + nome normalizado (caixa, acentos e espaços)",pareamento_unico_por_nome_uf
61654,ARARAS,SP,araras,3503307,Araras,"UF + nome normalizado (caixa, acentos e espaços)",pareamento_unico_por_nome_uf
61662,ESTIVA GERBI,SP,estiva gerbi,3557303,Estiva Gerbi,"UF + nome normalizado (caixa, acentos e espaços)",pareamento_unico_por_nome_uf
61670,AREALVA,SP,arealva,3503406,Arealva,"UF + nome normalizado (caixa, acentos e espaços)",pareamento_unico_por_nome_uf
61689,ENGENHEIRO COELHO,SP,engenheiro coelho,3515152,Engenheiro Coelho,"UF + nome normalizado (caixa, acentos e espaços)",pareamento_unico_por_nome_uf
61697,AREIAS,SP,areias,3503505,Areias,"UF + nome normalizado (caixa, acentos e espaços)",pareamento_unico_por_nome_uf
61700,RIBEIRÃO GRANDE,SP,ribeirao grande,3543253,Ribeirão Grande,"UF + nome normalizado (caixa, acentos e espaços)",pareamento_unico_por_nome_uf
61719,AREIÓPOLIS,SP,areiopolis,3503604,Areiópolis,"UF + nome normalizado (caixa, acentos e espaços)",pareamento_unico_por_nome_uf
61727,HORTOLÂNDIA,SP,hortolandia,3519071,Hortolândia,"UF + nome normalizado (caixa, acentos e espaços)",pareamento_unico_por_nome_uf
61735,ARIRANHA,SP,ariranha,3503703,Ariranha,"UF + nome normalizado (caixa, acentos e espaços)",pareamento_unico_por_nome_uf
61743,HOLAMBRA,SP,holambra,3519055,Holambra,"UF + nome normalizado (caixa, acentos e espaços)",pareamento_unico_por_nome_uf
61751,ARTUR NOGUEIRA,SP,artur nogueira,3503802,Artur Nogueira,"UF + nome normalizado (caixa, acentos e espaços)",pareamento_unico_por_nome_uf
61760,ELISIÁRIO,SP,elisiario,3514924,Elisiário,"UF + nome normalizado (caixa, acentos e espaços)",pareamento_unico_por_nome_uf
61778,ARUJÁ,SP,aruja,3503901,Arujá,"UF + nome normalizado (caixa, acentos e espaços)",pareamento_unico_por_nome_uf
61786,BOM SUCESSO DE ITARARÉ,SP,bom sucesso de itarare,3507159,Bom Sucesso de Itararé,"UF + nome normalizado (caixa, acentos e espaços)",pareamento_unico_por_nome_uf
61794,ASSIS,SP,assis,3504008,Assis,"UF + nome normalizado (caixa, acentos e espaços)",pareamento_unico_por_nome_uf
61808,PONTALINDA,SP,pontalinda,3540259,Pontalinda,"UF + nome normalizado (caixa, acentos e espaços)",pareamento_unico_por_nome_uf
61816,ATIBAIA,SP,atibaia,3504107,Atibaia,"UF + nome normalizado (caixa, acentos e espaços)",pareamento_unico_por_nome_uf
61824,PARISI,SP,parisi,3536257,Parisi,"UF + nome normalizado (caixa, acentos e espaços)",pareamento_unico_por_nome_uf
61832,AURIFLAMA,SP,auriflama,3504206,Auriflama,"UF + nome normalizado (caixa, acentos e espaços)",pareamento_unico_por_nome_uf
61840,TAQUARIVAÍ,SP,taquarivai,3553856,Taquarivaí,"UF + nome normalizado (caixa, acentos e espaços)",pareamento_unico_por_nome_uf
61859,AVAÍ,SP,avai,3504305,Avaí,"UF + nome normalizado (caixa, acentos e espaços)",pareamento_unico_por_nome_uf
61867,MARAPOAMA,SP,marapoama,3528858,Marapoama,"UF + nome normalizado (caixa, acentos e espaços)",pareamento_unico_por_nome_uf
61875,AVANHANDAVA,SP,avanhandava,3504404,Avanhandava,"UF + nome normalizado (caixa, acentos e espaços)",pareamento_unico_por_nome_uf
61883,SÃO JOÃO DE IRACEMA,SP,sao joao de iracema,3549250,São João de Iracema,"UF + nome normalizado (caixa, acentos e espaços)",pareamento_unico_por_nome_uf
61891,AVARÉ,SP,avare,3504503,Avaré,"UF + nome normalizado (caixa, acentos e espaços)",pareamento_unico_por_nome_uf
61905,SÃO LOURENÇO DA SERRA,SP,sao lourenco da serra,3549953,São Lourenço da Serra,"UF + nome normalizado (caixa, acentos e espaços)",pareamento_unico_por_nome_uf
61913,BADY BASSITT,SP,bady bassitt,3504602,Bady Bassitt,"UF + nome normalizado (caixa, acentos e espaços)",pareamento_unico_por_nome_uf
61921,ZACARIAS,SP,zacarias,3557154,Zacarias,"UF + nome normalizado (caixa, acentos e espaços)",pareamento_unico_por_nome_uf
61930,BALBINOS,SP,balbinos,3504701,Balbinos,"UF + nome normalizado (caixa, acentos e espaços)",pareamento_unico_por_nome_uf
61948,ITAPIRAPUÃ PAULISTA,SP,itapirapua paulista,3522653,Itapirapuã Paulista,"UF + nome normalizado (caixa, acentos e espaços)",pareamento_unico_por_nome_uf
61956,BÁLSAMO,SP,balsamo,3504800,Bálsamo,"UF + nome normalizado (caixa, acentos e espaços)",pareamento_unico_por_nome_uf
61964,MESÓPOLIS,SP,mesopolis,3529658,Mesópolis,"UF + nome normalizado (caixa, acentos e espaços)",pareamento_unico_por_nome_uf
61972,BANANAL,SP,bananal,3504909,Bananal,"UF + nome normalizado (caixa, acentos e espaços)",pareamento_unico_por_nome_uf
61980,NOVA CAMPINA,SP,nova campina,3532827,Nova Campina,"UF + nome normalizado (caixa, acentos e espaços)",pareamento_unico_por_nome_uf
61999,BARBOSA,SP,barbosa,3505104,Barbosa,"UF + nome normalizado (caixa, acentos e espaços)",pareamento_unico_por_nome_uf
62006,ILHA COMPRIDA,SP,ilha comprida,3520426,Ilha Comprida,"UF + nome normalizado (caixa, acentos e espaços)",pareamento_unico_por_nome_uf
62014,BARÃO DE ANTONINA,SP,barao de antonina,3505005,Barão de Antonina,"UF + nome normalizado (caixa, acentos e espaços)",pareamento_unico_por_nome_uf
62022,LOURDES,SP,lourdes,3527256,Lourdes,"UF + nome normalizado (caixa, acentos e espaços)",pareamento_unico_por_nome_uf
62030,BARIRI,SP,bariri,3505203,Bariri,"UF + nome normalizado (caixa, acentos e espaços)",pareamento_unico_por_nome_uf
62049,TORRE DE PEDRA,SP,torre de pedra,3554656,Torre de Pedra,"UF + nome normalizado (caixa, acentos e espaços)",pareamento_unico_por_nome_uf
62057,BARRA BONITA,SP,barra bonita,3505302,Barra Bonita,"UF + nome normalizado (caixa, acentos e espaços)",pareamento_unico_por_nome_uf
62065,ARCO-ÍRIS,SP,arco-iris,3503356,Arco-Íris,"UF + nome normalizado (caixa, acentos e espaços)",pareamento_unico_por_nome_uf
62073,BARRA DO TURVO,SP,barra do turvo,3505401,Barra do Turvo,"UF + nome normalizado (caixa, acentos e espaços)",pareamento_unico_por_nome_uf
62081,BREJO ALEGRE,SP,brejo alegre,3507753,Brejo Alegre,"UF + nome normalizado (caixa, acentos e espaços)",pareamento_unico_por_nome_uf
62090,BARRETOS,SP,barretos,3505500,Barretos,"UF + nome normalizado (caixa, acentos e espaços)",pareamento_unico_por_nome_uf
62103,CANAS,SP,canas,3509957,Canas,"UF + nome normalizado (caixa, acentos e espaços)",pareamento_unico_por_nome_uf
62111,BARRINHA,SP,barrinha,3505609,Barrinha,"UF + nome normalizado (caixa, acentos e espaços)",pareamento_unico_por_nome_uf
62120,PRACINHA,SP,pracinha,3540853,Pracinha,"UF + nome normalizado (caixa, acentos e espaços)",pareamento_unico_por_nome_uf
62138,BARUERI,SP,barueri,3505708,Barueri,"UF + nome normalizado (caixa, acentos e espaços)",pareamento_unico_por_nome_uf
62146,PRATÂNIA,SP,pratania,3541059,Pratânia,"UF + nome normalizado (caixa, acentos e espaços)",pareamento_unico_por_nome_uf
62154,BASTOS,SP,bastos,3505807,Bastos,"UF + nome normalizado (caixa, acentos e espaços)",pareamento_unico_por_nome_uf
62162,QUADRA,SP,quadra,3541653,Quadra,"UF + nome normalizado (caixa, acentos e espaços)",pareamento_unico_por_nome_uf
62170,BATATAIS,SP,batatais,3505906,Batatais,"UF + nome normalizado (caixa, acentos e espaços)",pareamento_unico_por_nome_uf
62189,SANTA CRUZ DA ESPERANÇA,SP,santa cruz da esperanca,3546256,Santa Cruz da Esperança,"UF + nome normalizado (caixa, acentos e espaços)",pareamento_unico_por_nome_uf
62197,BAURU,SP,bauru,3506003,Bauru,"UF + nome normalizado (caixa, acentos e espaços)",pareamento_unico_por_nome_uf
62200,SANTA SALETE,SP,santa salete,3547650,Santa Salete,"UF + nome normalizado (caixa, acentos e espaços)",pareamento_unico_por_nome_uf
62219,BEBEDOURO,SP,bebedouro,3506102,Bebedouro,"UF + nome normalizado (caixa, acentos e espaços)",pareamento_unico_por_nome_uf
62227,VITÓRIA BRASIL,SP,vitoria brasil,3556958,Vitória Brasil,"UF + nome normalizado (caixa, acentos e espaços)",pareamento_unico_por_nome_uf
62235,BENTO DE ABREU,SP,bento de abreu,3506201,Bento de Abreu,"UF + nome normalizado (caixa, acentos e espaços)",pareamento_unico_por_nome_uf
62243,IPIGUÁ,SP,ipigua,3521150,Ipiguá,"UF + nome normalizado (caixa, acentos e espaços)",pareamento_unico_por_nome_uf
62251,BERNARDINO DE CAMPOS,SP,bernardino de campos,3506300,Bernardino de Campos,"UF + nome normalizado (caixa, acentos e espaços)",pareamento_unico_por_nome_uf
62260,TAQUARAL,SP,taquaral,3553658,Taquaral,"UF + nome normalizado (caixa, acentos e espaços)",pareamento_unico_por_nome_uf
62278,BILAC,SP,bilac,3506409,Bilac,"UF + nome normalizado (caixa, acentos e espaços)",pareamento_unico_por_nome_uf
62286,FERNÃO,SP,fernao,3515657,Fernão,"UF + nome normalizado (caixa, acentos e espaços)",pareamento_unico_por_nome_uf
62294,BIRIGUI,SP,birigui,3506508,Birigui,"UF + nome normalizado (caixa, acentos e espaços)",pareamento_unico_por_nome_uf
62308,GAVIÃO PEIXOTO,SP,gaviao peixoto,3516853,Gavião Peixoto,"UF + nome normalizado (caixa, acentos e espaços)",pareamento_unico_por_nome_uf
62316,BIRITIBA MIRIM,SP,biritiba mirim,3506607,Biritiba Mirim,"UF + nome normalizado (caixa, acentos e espaços)",pareamento_unico_por_nome_uf
62324,JUMIRIM,SP,jumirim,3525854,Jumirim,"UF + nome normalizado (caixa, acentos e espaços)",pareamento_unico_por_nome_uf
62332,BOA ESPERANÇA DO SUL,SP,boa esperanca do sul,3506706,Boa Esperança do Sul,"UF + nome normalizado (caixa, acentos e espaços)",pareamento_unico_por_nome_uf
62340,NANTES,SP,nantes,3532157,Nantes,"UF + nome normalizado (caixa, acentos e espaços)",pareamento_unico_por_nome_uf
62359,BOCAINA,SP,bocaina,3506805,Bocaina,"UF + nome normalizado (caixa, acentos e espaços)",pareamento_unico_por_nome_uf
62367,NOVA CASTILHO,SP,nova castilho,3532868,Nova Castilho,"UF + nome normalizado (caixa, acentos e espaços)",pareamento_unico_por_nome_uf
62375,BOFETE,SP,bofete,3506904,Bofete,"UF + nome normalizado (caixa, acentos e espaços)",pareamento_unico_por_nome_uf
62383,OUROESTE,SP,ouroeste,3534757,Ouroeste,"UF + nome normalizado (caixa, acentos e espaços)",pareamento_unico_por_nome_uf
62391,BOITUVA,SP,boituva,3507001,Boituva,"UF + nome normalizado (caixa, acentos e espaços)",pareamento_unico_por_nome_uf
62405,PAULISTÂNIA,SP,paulistania,3536570,Paulistânia,"UF + nome normalizado (caixa, acentos e espaços)",pareamento_unico_por_nome_uf
62413,BOM JESUS DOS PERDÕES,SP,bom jesus dos perdoes,3507100,Bom Jesus dos Perdões,"UF + nome normalizado (caixa, acentos e espaços)",pareamento_unico_por_nome_uf
62421,RIBEIRÃO DOS ÍNDIOS,SP,ribeirao dos indios,3543238,Ribeirão dos Índios,"UF + nome normalizado (caixa, acentos e espaços)",pareamento_unico_por_nome_uf
62430,BORÁ,SP,bora,3507209,Borá,"UF + nome normalizado (caixa, acentos e espaços)",pareamento_unico_por_nome_uf
62448,TRABIJU,SP,trabiju,3554755,Trabiju,"UF + nome normalizado (caixa, acentos e espaços)",pareamento_unico_por_nome_uf
62456,BORACÉIA,SP,boraceia,3507308,Boracéia,"UF + nome normalizado (caixa, acentos e espaços)",pareamento_unico_por_nome_uf
62472,BORBOREMA,SP,borborema,3507407,Borborema,"UF + nome normalizado (caixa, acentos e espaços)",pareamento_unico_por_nome_uf
62499,BOTUCATU,SP,botucatu,3507506,Botucatu,"UF + nome normalizado (caixa, acentos e espaços)",pareamento_unico_por_nome_uf
62510,BRAGANÇA PAULISTA,SP,braganca paulista,3507605,Bragança Paulista,"UF + nome normalizado (caixa, acentos e espaços)",pareamento_unico_por_nome_uf
62553,BRAÚNA,SP,brauna,3507704,Braúna,"UF + nome normalizado (caixa, acentos e espaços)",pareamento_unico_por_nome_uf
62570,BRODOWSKI,SP,brodowski,3507803,Brodowski,"UF + nome normalizado (caixa, acentos e espaços)",pareamento_unico_por_nome_uf
62596,BROTAS,SP,brotas,3507902,Brotas,"UF + nome normalizado (caixa, acentos e espaços)",pareamento_unico_por_nome_uf
62618,BURI,SP,buri,3508009,Buri,"UF + nome normalizado (caixa, acentos e espaços)",pareamento_unico_por_nome_uf
62634,BURITAMA,SP,buritama,3508108,Buritama,"UF + nome normalizado (caixa, acentos e espaços)",pareamento_unico_por_nome_uf
62650,BURITIZAL,SP,buritizal,3508207,Buritizal,"UF + nome normalizado (caixa, acentos e espaços)",pareamento_unico_por_nome_uf
62677,CABRÁLIA PAULISTA,SP,cabralia paulista,3508306,Cabrália Paulista,"UF + nome normalizado (caixa, acentos e espaços)",pareamento_unico_por_nome_uf
62693,CABREÚVA,SP,cabreuva,3508405,Cabreúva,"UF + nome normalizado (caixa, acentos e espaços)",pareamento_unico_por_nome_uf
62715,CAÇAPAVA,SP,cacapava,3508504,Caçapava,"UF + nome normalizado (caixa, acentos e espaços)",pareamento_unico_por_nome_uf
62731,CACHOEIRA PAULISTA,SP,cachoeira paulista,3508603,Cachoeira Paulista,"UF + nome normalizado (caixa, acentos e espaços)",pareamento_unico_por_nome_uf
62758,CACONDE,SP,caconde,3508702,Caconde,"UF + nome normalizado (caixa, acentos e espaços)",pareamento_unico_por_nome_uf
62774,CAFELÂNDIA,SP,cafelandia,3508801,Cafelândia,"UF + nome normalizado (caixa, acentos e espaços)",pareamento_unico_por_nome_uf
62790,CAIABU,SP,caiabu,3508900,Caiabu,"UF + nome normalizado (caixa, acentos e espaços)",pareamento_unico_por_nome_uf
62812,CAIEIRAS,SP,caieiras,3509007,Caieiras,"UF + nome normalizado (caixa, acentos e espaços)",pareamento_unico_por_nome_uf
62839,CAIUÁ,SP,caiua,3509106,Caiuá,"UF + nome normalizado (caixa, acentos e espaços)",pareamento_unico_por_nome_uf
62855,CAJAMAR,SP,cajamar,3509205,Cajamar,"UF + nome normalizado (caixa, acentos e espaços)",pareamento_unico_por_nome_uf
62871,CAJOBI,SP,cajobi,3509304,Cajobi,"UF + nome normalizado (caixa, acentos e espaços)",pareamento_unico_por_nome_uf
62898,CAJURU,SP,cajuru,3509403,Cajuru,"UF + nome normalizado (caixa, acentos e espaços)",pareamento_unico_por_nome_uf
62910,CAMPINAS,SP,campinas,3509502,Campinas,"UF + nome normalizado (caixa, acentos e espaços)",pareamento_unico_por_nome_uf
62936,CAMPO LIMPO PAULISTA,SP,campo limpo paulista,3509601,Campo Limpo Paulista,"UF + nome normalizado (caixa, acentos e espaços)",pareamento_unico_por_nome_uf
62952,CAMPOS DO JORDÃO,SP,campos do jordao,3509700,Campos do Jordão,"UF + nome normalizado (caixa, acentos e espaços)",pareamento_unico_por_nome_uf
62979,CAMPOS NOVOS PAULISTA,SP,campos novos paulista,3509809,Campos Novos Paulista,"UF + nome normalizado (caixa, acentos e espaços)",pareamento_unico_por_nome_uf
62995,CANANÉIA,SP,cananeia,3509908,Cananéia,"UF + nome normalizado (caixa, acentos e espaços)",pareamento_unico_por_nome_uf
63010,CÂNDIDO MOTA,SP,candido mota,3510005,Cândido Mota,"UF + nome normalizado (caixa, acentos e espaços)",pareamento_unico_por_nome_uf
63037,CÂNDIDO RODRIGUES,SP,candido rodrigues,3510104,Cândido Rodrigues,"UF + nome normalizado (caixa, acentos e espaços)",pareamento_unico_por_nome_uf
63053,CAPÃO BONITO,SP,capao bonito,3510203,Capão Bonito,"UF + nome normalizado (caixa, acentos e espaços)",pareamento_unico_por_nome_uf
63070,CAPELA DO ALTO,SP,capela do alto,3510302,Capela do Alto,"UF + nome normalizado (caixa, acentos e espaços)",pareamento_unico_por_nome_uf
63096,CAPIVARI,SP,capivari,3510401,Capivari,"UF + nome normalizado (caixa, acentos e espaços)",pareamento_unico_por_nome_uf
63118,CARAGUATATUBA,SP,caraguatatuba,3510500,Caraguatatuba,"UF + nome normalizado (caixa, acentos e espaços)",pareamento_unico_por_nome_uf
63134,CARAPICUÍBA,SP,carapicuiba,3510609,Carapicuíba,"UF + nome normalizado (caixa, acentos e espaços)",pareamento_unico_por_nome_uf
63150,CARDOSO,SP,cardoso,3510708,Cardoso,"UF + nome normalizado (caixa, acentos e espaços)",pareamento_unico_por_nome_uf
63177,CASA BRANCA,SP,casa branca,3510807,Casa Branca,"UF + nome normalizado (caixa, acentos e espaços)",pareamento_unico_por_nome_uf
63193,CÁSSIA DOS COQUEIROS,SP,cassia dos coqueiros,3510906,Cássia dos Coqueiros,"UF + nome normalizado (caixa, acentos e espaços)",pareamento_unico_por_nome_uf
63215,CASTILHO,SP,castilho,3511003,Castilho,"UF + nome normalizado (caixa, acentos e espaços)",pareamento_unico_por_nome_uf
63231,CATANDUVA,SP,catanduva,3511102,Catanduva,"UF + nome normalizado (caixa, acentos e espaços)",pareamento_unico_por_nome_uf
63258,CATIGUÁ,SP,catigua,3511201,Catiguá,"UF + nome normalizado (caixa, acentos e espaços)",pareamento_unico_por_nome_uf
63274,CEDRAL,SP,cedral,3511300,Cedral,"UF + nome normalizado (caixa, acentos e espaços)",pareamento_unico_por_nome_uf
63290,CERQUEIRA CÉSAR,SP,cerqueira cesar,3511409,Cerqueira César,"UF + nome normalizado (caixa, acentos e espaços)",pareamento_unico_por_nome_uf
63312,CERQUILHO,SP,cerquilho,3511508,Cerquilho,"UF + nome normalizado (caixa, acentos e espaços)",pareamento_unico_por_nome_uf
63339,CESÁRIO LANGE,SP,cesario lange,3511607,Cesário Lange,"UF + nome normalizado (caixa, acentos e espaços)",pareamento_unico_por_nome_uf
63355,CHARQUEADA,SP,charqueada,3511706,Charqueada,"UF + nome normalizado (caixa, acentos e espaços)",pareamento_unico_por_nome_uf
63371,CHAVANTES,SP,chavantes,3557204,Chavantes,"UF + nome normalizado (caixa, acentos e espaços)",pareamento_unico_por_nome_uf
63398,CLEMENTINA,SP,clementina,3511904,Clementina,"UF + nome normalizado (caixa, acentos e espaços)",pareamento_unico_por_nome_uf
63410,COLINA,SP,colina,3512001,Colina,"UF + nome normalizado (caixa, acentos e espaços)",pareamento_unico_por_nome_uf
63436,COLÔMBIA,SP,colombia,3512100,Colômbia,"UF + nome normalizado (caixa, acentos e espaços)",pareamento_unico_por_nome_uf
63452,CONCHAL,SP,conchal,3512209,Conchal,"UF + nome normalizado (caixa, acentos e espaços)",pareamento_unico_por_nome_uf
63479,CONCHAS,SP,conchas,3512308,Conchas,"UF + nome normalizado (caixa, acentos e espaços)",pareamento_unico_por_nome_uf
63495,CORDEIRÓPOLIS,SP,cordeiropolis,3512407,Cordeirópolis,"UF + nome normalizado (caixa, acentos e espaços)",pareamento_unico_por_nome_uf
63517,COROADOS,SP,coroados,3512506,Coroados,"UF + nome normalizado (caixa, acentos e espaços)",pareamento_unico_por_nome_uf
63533,CORONEL MACEDO,SP,coronel macedo,3512605,Coronel Macedo,"UF + nome normalizado (caixa, acentos e espaços)",pareamento_unico_por_nome_uf
63550,CORUMBATAÍ,SP,corumbatai,3512704,Corumbataí,"UF + nome normalizado (caixa, acentos e espaços)",pareamento_unico_por_nome_uf
63576,COSMÓPOLIS,SP,cosmopolis,3512803,Cosmópolis,"UF + nome normalizado (caixa, acentos e espaços)",pareamento_unico_por_nome_uf
63592,COSMORAMA,SP,cosmorama,3512902,Cosmorama,"UF + nome normalizado (caixa, acentos e espaços)",pareamento_unico_por_nome_uf
63614,COTIA,SP,cotia,3513009,Cotia,"UF + nome normalizado (caixa, acentos e espaços)",pareamento_unico_por_nome_uf
63630,CRAVINHOS,SP,cravinhos,3513108,Cravinhos,"UF + nome normalizado (caixa, acentos e espaços)",pareamento_unico_por_nome_uf
63657,CRISTAIS PAULISTA,SP,cristais paulista,3513207,Cristais Paulista,"UF + nome normalizado (caixa, acentos e espaços)",pareamento_unico_por_nome_uf
63673,CRUZÁLIA,SP,cruzalia,3513306,Cruzália,"UF + nome normalizado (caixa, acentos e espaços)",pareamento_unico_por_nome_uf
63690,CRUZEIRO,SP,cruzeiro,3513405,Cruzeiro,"UF + nome normalizado (caixa, acentos e espaços)",pareamento_unico_por_nome_uf
63711,CUBATÃO,SP,cubatao,3513504,Cubatão,"UF + nome normalizado (caixa, acentos e espaços)",pareamento_unico_por_nome_uf
63738,CUNHA,SP,cunha,3513603,Cunha,"UF + nome normalizado (caixa, acentos e espaços)",pareamento_unico_por_nome_uf
63754,DESCALVADO,SP,descalvado,3513702,Descalvado,"UF + nome normalizado (caixa, acentos e espaços)",pareamento_unico_por_nome_uf
63770,DIADEMA,SP,diadema,3513801,Diadema,"UF + nome normalizado (caixa, acentos e espaços)",pareamento_unico_por_nome_uf
63797,DIVINOLÂNDIA,SP,divinolandia,3513900,Divinolândia,"UF + nome normalizado (caixa, acentos e espaços)",pareamento_unico_por_nome_uf
63819,DOBRADA,SP,dobrada,3514007,Dobrada,"UF + nome normalizado (caixa, acentos e espaços)",pareamento_unico_por_nome_uf
63835,DOIS CÓRREGOS,SP,dois corregos,3514106,Dois Córregos,"UF + nome normalizado (caixa, acentos e espaços)",pareamento_unico_por_nome_uf
63851,DOLCINÓPOLIS,SP,dolcinopolis,3514205,Dolcinópolis,"UF + nome normalizado (caixa, acentos e espaços)",pareamento_unico_por_nome_uf
63878,DOURADO,SP,dourado,3514304,Dourado,"UF + nome normalizado (caixa, acentos e espaços)",pareamento_unico_por_nome_uf
63894,DRACENA,SP,dracena,3514403,Dracena,"UF + nome normalizado (caixa, acentos e espaços)",pareamento_unico_por_nome_uf
63916,DUARTINA,SP,duartina,3514502,Duartina,"UF + nome normalizado (caixa, acentos e espaços)",pareamento_unico_por_nome_uf
63932,DUMONT,SP,dumont,3514601,Dumont,"UF + nome normalizado (caixa, acentos e espaços)",pareamento_unico_por_nome_uf
63959,ECHAPORÃ,SP,echapora,3514700,Echaporã,"UF + nome normalizado (caixa, acentos e espaços)",pareamento_unico_por_nome_uf
63975,ELDORADO,SP,eldorado,3514809,Eldorado,"UF + nome normalizado (caixa, acentos e espaços)",pareamento_unico_por_nome_uf
63991,ELIAS FAUSTO,SP,elias fausto,3514908,Elias Fausto,"UF + nome normalizado (caixa, acentos e espaços)",pareamento_unico_por_nome_uf
64017,EMBU DAS ARTES,SP,embu das artes,3515004,Embu das Artes,"UF + nome normalizado (caixa, acentos e espaços)",pareamento_unico_por_nome_uf
64033,EMBU-GUAÇU,SP,embu-guacu,3515103,Embu-Guaçu,"UF + nome normalizado (caixa, acentos e espaços)",pareamento_unico_por_nome_uf
64050,ESTRELA D OESTE,SP,estrela d oeste,,,"UF + nome normalizado (caixa, acentos e espaços)",sem_pareamento_exato
64076,ESTRELA DO NORTE,SP,estrela do norte,3515301,Estrela do Norte,"UF + nome normalizado (caixa, acentos e espaços)",pareamento_unico_por_nome_uf
64092,FARTURA,SP,fartura,3515400,Fartura,"UF + nome normalizado (caixa, acentos e espaços)",pareamento_unico_por_nome_uf
64114,FERNANDÓPOLIS,SP,fernandopolis,3515509,Fernandópolis,"UF + nome normalizado (caixa, acentos e espaços)",pareamento_unico_por_nome_uf
64130,FERNANDO PRESTES,SP,fernando prestes,3515608,Fernando Prestes,"UF + nome normalizado (caixa, acentos e espaços)",pareamento_unico_por_nome_uf
64157,FERRAZ DE VASCONCELOS,SP,ferraz de vasconcelos,3515707,Ferraz de Vasconcelos,"UF + nome normalizado (caixa, acentos e espaços)",pareamento_unico_por_nome_uf
64173,FLORA RICA,SP,flora rica,3515806,Flora Rica,"UF + nome normalizado (caixa, acentos e espaços)",pareamento_unico_por_nome_uf
64190,FLOREAL,SP,floreal,3515905,Floreal,"UF + nome normalizado (caixa, acentos e espaços)",pareamento_unico_por_nome_uf
64211,FLÓRIDA PAULISTA,SP,florida paulista,3516002,Flórida Paulista,"UF + nome normalizado (caixa, acentos e espaços)",pareamento_unico_por_nome_uf
64238,FLORÍNEA,SP,florinea,3516101,Florínea,"UF + nome normalizado (caixa, acentos e espaços)",pareamento_unico_por_nome_uf
64254,FRANCA,SP,franca,3516200,Franca,"UF + nome normalizado (caixa, acentos e espaços)",pareamento_unico_por_nome_uf
64270,FRANCISCO MORATO,SP,francisco morato,3516309,Francisco Morato,"UF + nome normalizado (caixa, acentos e espaços)",pareamento_unico_por_nome_uf
64297,FRANCO DA ROCHA,SP,franco da rocha,3516408,Franco da Rocha,"UF + nome normalizado (caixa, acentos e espaços)",pareamento_unico_por_nome_uf
64319,GABRIEL MONTEIRO,SP,gabriel monteiro,3516507,Gabriel Monteiro,"UF + nome normalizado (caixa, acentos e espaços)",pareamento_unico_por_nome_uf
64335,GÁLIA,SP,galia,3516606,Gália,"UF + nome normalizado (caixa, acentos e espaços)",pareamento_unico_por_nome_uf
64351,GARÇA,SP,garca,3516705,Garça,"UF + nome normalizado (caixa, acentos e espaços)",pareamento_unico_por_nome_uf
64378,GASTÃO VIDIGAL,SP,gastao vidigal,3516804,Gastão Vidigal,"UF + nome normalizado (caixa, acentos e espaços)",pareamento_unico_por_nome_uf
64394,GENERAL SALGADO,SP,general salgado,3516903,General Salgado,"UF + nome normalizado (caixa, acentos e espaços)",pareamento_unico_por_nome_uf
64416,GETULINA,SP,getulina,3517000,Getulina,"UF + nome normalizado (caixa, acentos e espaços)",pareamento_unico_por_nome_uf
64432,GLICÉRIO,SP,glicerio,3517109,Glicério,"UF + nome normalizado (caixa, acentos e espaços)",pareamento_unico_por_nome_uf
64459,GUAIÇARA,SP,guaicara,3517208,Guaiçara,"UF + nome normalizado (caixa, acentos e espaços)",pareamento_unico_por_nome_uf
64475,GUAIMBÊ,SP,guaimbe,3517307,Guaimbê,"UF + nome normalizado (caixa, acentos e espaços)",pareamento_unico_por_nome_uf
64491,GUAÍRA,SP,guaira,3517406,Guaíra,"UF + nome normalizado (caixa, acentos e espaços)",pareamento_unico_por_nome_uf
64513,GUAPIAÇU,SP,guapiacu,3517505,Guapiaçu,"UF + nome normalizado (caixa, acentos e espaços)",pareamento_unico_por_nome_uf
64530,GUAPIARA,SP,guapiara,3517604,Guapiara,"UF + nome normalizado (caixa, acentos e espaços)",pareamento_unico_por_nome_uf
64556,GUARÁ,SP,guara,3517703,Guará,"UF + nome normalizado (caixa, acentos e espaços)",pareamento_unico_por_nome_uf
64572,GUARAÇAÍ,SP,guaracai,3517802,Guaraçaí,"UF + nome normalizado (caixa, acentos e espaços)",pareamento_unico_por_nome_uf
64599,GUARACI,SP,guaraci,3517901,Guaraci,"UF + nome normalizado (caixa, acentos e espaços)",pareamento_unico_por_nome_uf
64610,GUARANI D OESTE,SP,guarani d oeste,,,"UF + nome normalizado (caixa, acentos e espaços)",sem_pareamento_exato
64637,GUARANTÃ,SP,guaranta,3518107,Guarantã,"UF + nome normalizado (caixa, acentos e espaços)",pareamento_unico_por_nome_uf
64653,GUARARAPES,SP,guararapes,3518206,Guararapes,"UF + nome normalizado (caixa, acentos e espaços)",pareamento_unico_por_nome_uf
64670,GUARAREMA,SP,guararema,3518305,Guararema,"UF + nome normalizado (caixa, acentos e espaços)",pareamento_unico_por_nome_uf
64696,GUARATINGUETÁ,SP,guaratingueta,3518404,Guaratinguetá,"UF + nome normalizado (caixa, acentos e espaços)",pareamento_unico_por_nome_uf
64718,GUAREÍ,SP,guarei,3518503,Guareí,"UF + nome normalizado (caixa, acentos e espaços)",pareamento_unico_por_nome_uf
64734,GUARIBA,SP,guariba,3518602,Guariba,"UF + nome normalizado (caixa, acentos e espaços)",pareamento_unico_por_nome_uf
64750,GUARUJÁ,SP,guaruja,3518701,Guarujá,"UF + nome normalizado (caixa, acentos e espaços)",pareamento_unico_por_nome_uf
64777,GUARULHOS,SP,guarulhos,3518800,Guarulhos,"UF + nome normalizado (caixa, acentos e espaços)",pareamento_unico_por_nome_uf
64793,GUZOLÂNDIA,SP,guzolandia,3518909,Guzolândia,"UF + nome normalizado (caixa, acentos e espaços)",pareamento_unico_por_nome_uf
64815,HERCULÂNDIA,SP,herculandia,3519006,Herculândia,"UF + nome normalizado (caixa, acentos e espaços)",pareamento_unico_por_nome_uf
64831,IACANGA,SP,iacanga,3519105,Iacanga,"UF + nome normalizado (caixa, acentos e espaços)",pareamento_unico_por_nome_uf
64858,IACRI,SP,iacri,3519204,Iacri,"UF + nome normalizado (caixa, acentos e espaços)",pareamento_unico_por_nome_uf
64874,IBATÉ,SP,ibate,3519303,Ibaté,"UF + nome normalizado (caixa, acentos e espaços)",pareamento_unico_por_nome_uf
64890,IBIRÁ,SP,ibira,3519402,Ibirá,"UF + nome normalizado (caixa, acentos e espaços)",pareamento_unico_por_nome_uf
64912,IBIRAREMA,SP,ibirarema,3519501,Ibirarema,"UF + nome normalizado (caixa, acentos e espaços)",pareamento_unico_por_nome_uf
64939,IBITINGA,SP,ibitinga,3519600,Ibitinga,"UF + nome normalizado (caixa, acentos e espaços)",pareamento_unico_por_nome_uf
64955,IBIÚNA,SP,ibiuna,3519709,Ibiúna,"UF + nome normalizado (caixa, acentos e espaços)",pareamento_unico_por_nome_uf
64971,ICÉM,SP,icem,3519808,Icém,"UF + nome normalizado (caixa, acentos e espaços)",pareamento_unico_por_nome_uf
64998,IEPÊ,SP,iepe,3519907,Iepê,"UF + nome normalizado (caixa, acentos e espaços)",pareamento_unico_por_nome_uf
65013,IGARAÇU DO TIETÊ,SP,igaracu do tiete,3520004,Igaraçu do Tietê,"UF + nome normalizado (caixa, acentos e espaços)",pareamento_unico_por_nome_uf
65030,IGARAPAVA,SP,igarapava,3520103,Igarapava,"UF + nome normalizado (caixa, acentos e espaços)",pareamento_unico_por_nome_uf
65056,IGARATÁ,SP,igarata,3520202,Igaratá,"UF + nome normalizado (caixa, acentos e espaços)",pareamento_unico_por_nome_uf
65072,IGUAPE,SP,iguape,3520301,Iguape,"UF + nome normalizado (caixa, acentos e espaços)",pareamento_unico_por_nome_uf
65099,ILHABELA,SP,ilhabela,3520400,Ilhabela,"UF + nome normalizado (caixa, acentos e espaços)",pareamento_unico_por_nome_uf
65110,INDAIATUBA,SP,indaiatuba,3520509,Indaiatuba,"UF + nome normalizado (caixa, acentos e espaços)",pareamento_unico_por_nome_uf
65137,INDIANA,SP,indiana,3520608,Indiana,"UF + nome normalizado (caixa, acentos e espaços)",pareamento_unico_por_nome_uf
65153,INDIAPORÃ,SP,indiapora,3520707,Indiaporã,"UF + nome normalizado (caixa, acentos e espaços)",pareamento_unico_por_nome_uf
65170,INÚBIA PAULISTA,SP,inubia paulista,3520806,Inúbia Paulista,"UF + nome normalizado (caixa, acentos e espaços)",pareamento_unico_por_nome_uf
65196,IPAUSSU,SP,ipaussu,3520905,Ipaussu,"UF + nome normalizado (caixa, acentos e espaços)",pareamento_unico_por_nome_uf
65218,IPERÓ,SP,ipero,3521002,Iperó,"UF + nome normalizado (caixa, acentos e espaços)",pareamento_unico_por_nome_uf
65234,IPEÚNA,SP,ipeuna,3521101,Ipeúna,"UF + nome normalizado (caixa, acentos e espaços)",pareamento_unico_por_nome_uf
65250,IPORANGA,SP,iporanga,3521200,Iporanga,"UF + nome normalizado (caixa, acentos e espaços)",pareamento_unico_por_nome_uf
65277,IPUÃ,SP,ipua,3521309,Ipuã,"UF + nome normalizado (caixa, acentos e espaços)",pareamento_unico_por_nome_uf
65293,IRACEMÁPOLIS,SP,iracemapolis,3521408,Iracemápolis,"UF + nome normalizado (caixa, acentos e espaços)",pareamento_unico_por_nome_uf
65315,IRAPUÃ,SP,irapua,3521507,Irapuã,"UF + nome normalizado (caixa, acentos e espaços)",pareamento_unico_por_nome_uf
65331,IRAPURU,SP,irapuru,3521606,Irapuru,"UF + nome normalizado (caixa, acentos e espaços)",pareamento_unico_por_nome_uf
65358,ITABERÁ,SP,itabera,3521705,Itaberá,"UF + nome normalizado (caixa, acentos e espaços)",pareamento_unico_por_nome_uf
65374,ITAÍ,SP,itai,3521804,Itaí,"UF + nome normalizado (caixa, acentos e espaços)",pareamento_unico_por_nome_uf
65390,ITAJOBI,SP,itajobi,3521903,Itajobi,"UF + nome normalizado (caixa, acentos e espaços)",pareamento_unico_por_nome_uf
65412,ITAJU,SP,itaju,3522000,Itaju,"UF + nome normalizado (caixa, acentos e espaços)",pareamento_unico_por_nome_uf
65439,ITANHAÉM,SP,itanhaem,3522109,Itanhaém,"UF + nome normalizado (caixa, acentos e espaços)",pareamento_unico_por_nome_uf
65455,ITAPECERICA DA SERRA,SP,itapecerica da serra,3522208,Itapecerica da Serra,"UF + nome normalizado (caixa, acentos e espaços)",pareamento_unico_por_nome_uf
65471,ITAPETININGA,SP,itapetininga,3522307,Itapetininga,"UF + nome normalizado (caixa, acentos e espaços)",pareamento_unico_por_nome_uf
65498,ITAPEVA,SP,itapeva,3522406,Itapeva,"UF + nome normalizado (caixa, acentos e espaços)",pareamento_unico_por_nome_uf
65510,ITAPEVI,SP,itapevi,3522505,Itapevi,"UF + nome normalizado (caixa, acentos e espaços)",pareamento_unico_por_nome_uf
65536,ITAPIRA,SP,itapira,3522604,Itapira,"UF + nome normalizado (caixa, acentos e espaços)",pareamento_unico_por_nome_uf
65552,ITÁPOLIS,SP,itapolis,3522703,Itápolis,"UF + nome normalizado (caixa, acentos e espaços)",pareamento_unico_por_nome_uf
65579,ITAPORANGA,SP,itaporanga,3522802,Itaporanga,"UF + nome normalizado (caixa, acentos e espaços)",pareamento_unico_por_nome_uf
65595,ITAPUÍ,SP,itapui,3522901,Itapuí,"UF + nome normalizado (caixa, acentos e espaços)",pareamento_unico_por_nome_uf
65617,ITAPURA,SP,itapura,3523008,Itapura,"UF + nome normalizado (caixa, acentos e espaços)",pareamento_unico_por_nome_uf
65633,ITAQUAQUECETUBA,SP,itaquaquecetuba,3523107,Itaquaquecetuba,"UF + nome normalizado (caixa, acentos e espaços)",pareamento_unico_por_nome_uf
65650,ITARARÉ,SP,itarare,3523206,Itararé,"UF + nome normalizado (caixa, acentos e espaços)",pareamento_unico_por_nome_uf
65676,ITARIRI,SP,itariri,3523305,Itariri,"UF + nome normalizado (caixa, acentos e espaços)",pareamento_unico_por_nome_uf
65692,ITATIBA,SP,itatiba,3523404,Itatiba,"UF + nome normalizado (caixa, acentos e espaços)",pareamento_unico_por_nome_uf
65714,ITATINGA,SP,itatinga,3523503,Itatinga,"UF + nome normalizado (caixa, acentos e espaços)",pareamento_unico_por_nome_uf
65730,ITIRAPINA,SP,itirapina,3523602,Itirapina,"UF + nome normalizado (caixa, acentos e espaços)",pareamento_unico_por_nome_uf
65757,ITIRAPUÃ,SP,itirapua,3523701,Itirapuã,"UF + nome normalizado (caixa, acentos e espaços)",pareamento_unico_por_nome_uf
65773,ITOBI,SP,itobi,3523800,Itobi,"UF + nome normalizado (caixa, acentos e espaços)",pareamento_unico_por_nome_uf
65790,ITU,SP,itu,3523909,Itu,"UF + nome normalizado (caixa, acentos e espaços)",pareamento_unico_por_nome_uf
65811,ITUPEVA,SP,itupeva,3524006,Itupeva,"UF + nome normalizado (caixa, acentos e espaços)",pareamento_unico_por_nome_uf
65838,ITUVERAVA,SP,ituverava,3524105,Ituverava,"UF + nome normalizado (caixa, acentos e espaços)",pareamento_unico_por_nome_uf
65854,JABORANDI,SP,jaborandi,3524204,Jaborandi,"UF + nome normalizado (caixa, acentos e espaços)",pareamento_unico_por_nome_uf
65870,JABOTICABAL,SP,jaboticabal,3524303,Jaboticabal,"UF + nome normalizado (caixa, acentos e espaços)",pareamento_unico_por_nome_uf
65897,JACAREÍ,SP,jacarei,3524402,Jacareí,"UF + nome normalizado (caixa, acentos e espaços)",pareamento_unico_por_nome_uf
65919,JACI,SP,jaci,3524501,Jaci,"UF + nome normalizado (caixa, acentos e espaços)",pareamento_unico_por_nome_uf
65935,JACUPIRANGA,SP,jacupiranga,3524600,Jacupiranga,"UF + nome normalizado (caixa, acentos e espaços)",pareamento_unico_por_nome_uf
65951,JAGUARIÚNA,SP,jaguariuna,3524709,Jaguariúna,"UF + nome normalizado (caixa, acentos e espaços)",pareamento_unico_por_nome_uf
65978,JALES,SP,jales,3524808,Jales,"UF + nome normalizado (caixa, acentos e espaços)",pareamento_unico_por_nome_uf
65994,JAMBEIRO,SP,jambeiro,3524907,Jambeiro,"UF + nome normalizado (caixa, acentos e espaços)",pareamento_unico_por_nome_uf
66010,JANDIRA,SP,jandira,3525003,Jandira,"UF + nome normalizado (caixa, acentos e espaços)",pareamento_unico_por_nome_uf
66036,JARDINÓPOLIS,SP,jardinopolis,3525102,Jardinópolis,"UF + nome normalizado (caixa, acentos e espaços)",pareamento_unico_por_nome_uf
66052,JARINU,SP,jarinu,3525201,Jarinu,"UF + nome normalizado (caixa, acentos e espaços)",pareamento_unico_por_nome_uf
66079,JAÚ,SP,jau,3525300,Jaú,"UF + nome normalizado (caixa, acentos e espaços)",pareamento_unico_por_nome_uf
66095,JERIQUARA,SP,jeriquara,3525409,Jeriquara,"UF + nome normalizado (caixa, acentos e espaços)",pareamento_unico_por_nome_uf
66117,JOANÓPOLIS,SP,joanopolis,3525508,Joanópolis,"UF + nome normalizado (caixa, acentos e espaços)",pareamento_unico_por_nome_uf
66133,JOÃO RAMALHO,SP,joao ramalho,3525607,João Ramalho,"UF + nome normalizado (caixa, acentos e espaços)",pareamento_unico_por_nome_uf
66150,JOSÉ BONIFÁCIO,SP,jose bonifacio,3525706,José Bonifácio,"UF + nome normalizado (caixa, acentos e espaços)",pareamento_unico_por_nome_uf
66176,JÚLIO MESQUITA,SP,julio mesquita,3525805,Júlio Mesquita,"UF + nome normalizado (caixa, acentos e espaços)",pareamento_unico_por_nome_uf
66192,JUNDIAÍ,SP,jundiai,3525904,Jundiaí,"UF + nome normalizado (caixa, acentos e espaços)",pareamento_unico_por_nome_uf
66214,JUNQUEIRÓPOLIS,SP,junqueiropolis,3526001,Junqueirópolis,"UF + nome normalizado (caixa, acentos e espaços)",pareamento_unico_por_nome_uf
66230,JUQUIÁ,SP,juquia,3526100,Juquiá,"UF + nome normalizado (caixa, acentos e espaços)",pareamento_unico_por_nome_uf
66257,JUQUITIBA,SP,juquitiba,3526209,Juquitiba,"UF + nome normalizado (caixa, acentos e espaços)",pareamento_unico_por_nome_uf
66273,LAGOINHA,SP,lagoinha,3526308,Lagoinha,"UF + nome normalizado (caixa, acentos e espaços)",pareamento_unico_por_nome_uf
66290,LARANJAL PAULISTA,SP,laranjal paulista,3526407,Laranjal Paulista,"UF + nome normalizado (caixa, acentos e espaços)",pareamento_unico_por_nome_uf
66311,LAVÍNIA,SP,lavinia,3526506,Lavínia,"UF + nome normalizado (caixa, acentos e espaços)",pareamento_unico_por_nome_uf
66338,LAVRINHAS,SP,lavrinhas,3526605,Lavrinhas,"UF + nome normalizado (caixa, acentos e espaços)",pareamento_unico_por_nome_uf
66354,LEME,SP,leme,3526704,Leme,"UF + nome normalizado (caixa, acentos e espaços)",pareamento_unico_por_nome_uf
66370,LENÇÓIS PAULISTA,SP,lencois paulista,3526803,Lençóis Paulista,"UF + nome normalizado (caixa, acentos e espaços)",pareamento_unico_por_nome_uf
66397,LIMEIRA,SP,limeira,3526902,Limeira,"UF + nome normalizado (caixa, acentos e espaços)",pareamento_unico_por_nome_uf
66419,LINDÓIA,SP,lindoia,3527009,Lindóia,"UF + nome normalizado (caixa, acentos e espaços)",pareamento_unico_por_nome_uf
66435,LINS,SP,lins,3527108,Lins,"UF + nome normalizado (caixa, acentos e espaços)",pareamento_unico_por_nome_uf
66451,LORENA,SP,lorena,3527207,Lorena,"UF + nome normalizado (caixa, acentos e espaços)",pareamento_unico_por_nome_uf
66478,LOUVEIRA,SP,louveira,3527306,Louveira,"UF + nome normalizado (caixa, acentos e espaços)",pareamento_unico_por_nome_uf
66494,LUCÉLIA,SP,lucelia,3527405,Lucélia,"UF + nome normalizado (caixa, acentos e espaços)",pareamento_unico_por_nome_uf
66516,LUCIANÓPOLIS,SP,lucianopolis,3527504,Lucianópolis,"UF + nome normalizado (caixa, acentos e espaços)",pareamento_unico_por_nome_uf
66532,LUÍS ANTÔNIO,SP,luis antonio,3527603,Luís Antônio,"UF + nome normalizado (caixa, acentos e espaços)",pareamento_unico_por_nome_uf
66559,LUIZIÂNIA,SP,luiziania,3527702,Luiziânia,"UF + nome normalizado (caixa, acentos e espaços)",pareamento_unico_por_nome_uf
66575,LUPÉRCIO,SP,lupercio,3527801,Lupércio,"UF + nome normalizado (caixa, acentos e espaços)",pareamento_unico_por_nome_uf
66591,LUTÉCIA,SP,lutecia,3527900,Lutécia,"UF + nome normalizado (caixa, acentos e espaços)",pareamento_unico_por_nome_uf
66613,MACATUBA,SP,macatuba,3528007,Macatuba,"UF + nome normalizado (caixa, acentos e espaços)",pareamento_unico_por_nome_uf
66630,MACAUBAL,SP,macaubal,3528106,Macaubal,"UF + nome normalizado (caixa, acentos e espaços)",pareamento_unico_por_nome_uf
66656,MACEDÔNIA,SP,macedonia,3528205,Macedônia,"UF + nome normalizado (caixa, acentos e espaços)",pareamento_unico_por_nome_uf
66672,MAGDA,SP,magda,3528304,Magda,"UF + nome normalizado (caixa, acentos e espaços)",pareamento_unico_por_nome_uf
66699,MAIRINQUE,SP,mairinque,3528403,Mairinque,"UF + nome normalizado (caixa, acentos e espaços)",pareamento_unico_por_nome_uf
66710,MAIRIPORÃ,SP,mairipora,3528502,Mairiporã,"UF + nome normalizado (caixa, acentos e espaços)",pareamento_unico_por_nome_uf
66737,MANDURI,SP,manduri,3528601,Manduri,"UF + nome normalizado (caixa, acentos e espaços)",pareamento_unico_por_nome_uf
66753,MARABÁ PAULISTA,SP,maraba paulista,3528700,Marabá Paulista,"UF + nome normalizado (caixa, acentos e espaços)",pareamento_unico_por_nome_uf
66770,MARACAÍ,SP,maracai,3528809,Maracaí,"UF + nome normalizado (caixa, acentos e espaços)",pareamento_unico_por_nome_uf
66796,MARIÁPOLIS,SP,mariapolis,3528908,Mariápolis,"UF + nome normalizado (caixa, acentos e espaços)",pareamento_unico_por_nome_uf
66818,MARÍLIA,SP,marilia,3529005,Marília,"UF + nome normalizado (caixa, acentos e espaços)",pareamento_unico_por_nome_uf
66834,MARINÓPOLIS,SP,marinopolis,3529104,Marinópolis,"UF + nome normalizado (caixa, acentos e espaços)",pareamento_unico_por_nome_uf
66850,MARTINÓPOLIS,SP,martinopolis,3529203,Martinópolis,"UF + nome normalizado (caixa, acentos e espaços)",pareamento_unico_por_nome_uf
66877,MATÃO,SP,matao,3529302,Matão,"UF + nome normalizado (caixa, acentos e espaços)",pareamento_unico_por_nome_uf
66893,MAUÁ,SP,maua,3529401,Mauá,"UF + nome normalizado (caixa, acentos e espaços)",pareamento_unico_por_nome_uf
66915,MENDONÇA,SP,mendonca,3529500,Mendonça,"UF + nome normalizado (caixa, acentos e espaços)",pareamento_unico_por_nome_uf
66931,MERIDIANO,SP,meridiano,3529609,Meridiano,"UF + nome normalizado (caixa, acentos e espaços)",pareamento_unico_por_nome_uf
66958,MIGUELÓPOLIS,SP,miguelopolis,3529708,Miguelópolis,"UF + nome normalizado (caixa, acentos e espaços)",pareamento_unico_por_nome_uf
66974,MINEIROS DO TIETÊ,SP,mineiros do tiete,3529807,Mineiros do Tietê,"UF + nome normalizado (caixa, acentos e espaços)",pareamento_unico_por_nome_uf
66990,MIRACATU,SP,miracatu,3529906,Miracatu,"UF + nome normalizado (caixa, acentos e espaços)",pareamento_unico_por_nome_uf
67016,MIRA ESTRELA,SP,mira estrela,3530003,Mira Estrela,"UF + nome normalizado (caixa, acentos e espaços)",pareamento_unico_por_nome_uf
67032,MIRANDÓPOLIS,SP,mirandopolis,3530102,Mirandópolis,"UF + nome normalizado (caixa, acentos e espaços)",pareamento_unico_por_nome_uf
67059,MIRANTE DO PARANAPANEMA,SP,mirante do paranapanema,3530201,Mirante do Paranapanema,"UF + nome normalizado (caixa, acentos e espaços)",pareamento_unico_por_nome_uf
67075,MIRASSOL,SP,mirassol,3530300,Mirassol,"UF + nome normalizado (caixa, acentos e espaços)",pareamento_unico_por_nome_uf
67091,MIRASSOLÂNDIA,SP,mirassolandia,3530409,Mirassolândia,"UF + nome normalizado (caixa, acentos e espaços)",pareamento_unico_por_nome_uf
67113,MOCOCA,SP,mococa,3530508,Mococa,"UF + nome normalizado (caixa, acentos e espaços)",pareamento_unico_por_nome_uf
67130,MOGI DAS CRUZES,SP,mogi das cruzes,3530607,Mogi das Cruzes,"UF + nome normalizado (caixa, acentos e espaços)",pareamento_unico_por_nome_uf
67156,MOGI GUAÇU,SP,mogi guacu,3530706,Mogi Guaçu,"UF + nome normalizado (caixa, acentos e espaços)",pareamento_unico_por_nome_uf
67172,MOGI MIRIM,SP,mogi mirim,3530805,Mogi Mirim,"UF + nome normalizado (caixa, acentos e espaços)",pareamento_unico_por_nome_uf
67199,MOMBUCA,SP,mombuca,3530904,Mombuca,"UF + nome normalizado (caixa, acentos e espaços)",pareamento_unico_por_nome_uf
67210,MONÇÕES,SP,moncoes,3531001,Monções,"UF + nome normalizado (caixa, acentos e espaços)",pareamento_unico_por_nome_uf
67237,MONGAGUÁ,SP,mongagua,3531100,Mongaguá,"UF + nome normalizado (caixa, acentos e espaços)",pareamento_unico_por_nome_uf
67253,MONTE ALEGRE DO SUL,SP,monte alegre do sul,3531209,Monte Alegre do Sul,"UF + nome normalizado (caixa, acentos e espaços)",pareamento_unico_por_nome_uf
67270,MONTE ALTO,SP,monte alto,3531308,Monte Alto,"UF + nome normalizado (caixa, acentos e espaços)",pareamento_unico_por_nome_uf
67296,MONTE APRAZÍVEL,SP,monte aprazivel,3531407,Monte Aprazível,"UF + nome normalizado (caixa, acentos e espaços)",pareamento_unico_por_nome_uf
67318,MONTE AZUL PAULISTA,SP,monte azul paulista,3531506,Monte Azul Paulista,"UF + nome normalizado (caixa, acentos e espaços)",pareamento_unico_por_nome_uf
67334,MONTE CASTELO,SP,monte castelo,3531605,Monte Castelo,"UF + nome normalizado (caixa, acentos e espaços)",pareamento_unico_por_nome_uf
67350,MONTEIRO LOBATO,SP,monteiro lobato,3531704,Monteiro Lobato,"UF + nome normalizado (caixa, acentos e espaços)",pareamento_unico_por_nome_uf
67377,MONTE MOR,SP,monte mor,3531803,Monte Mor,"UF + nome normalizado (caixa, acentos e espaços)",pareamento_unico_por_nome_uf
67393,MORRO AGUDO,SP,morro agudo,3531902,Morro Agudo,"UF + nome normalizado (caixa, acentos e espaços)",pareamento_unico_por_nome_uf
67415,MORUNGABA,SP,morungaba,3532009,Morungaba,"UF + nome normalizado (caixa, acentos e espaços)",pareamento_unico_por_nome_uf
67431,MURUTINGA DO SUL,SP,murutinga do sul,3532108,Murutinga do Sul,"UF + nome normalizado (caixa, acentos e espaços)",pareamento_unico_por_nome_uf
67458,NARANDIBA,SP,narandiba,3532207,Narandiba,"UF + nome normalizado (caixa, acentos e espaços)",pareamento_unico_por_nome_uf
67474,NATIVIDADE DA SERRA,SP,natividade da serra,3532306,Natividade da Serra,"UF + nome normalizado (caixa, acentos e espaços)",pareamento_unico_por_nome_uf
67490,NAZARÉ PAULISTA,SP,nazare paulista,3532405,Nazaré Paulista,"UF + nome normalizado (caixa, acentos e espaços)",pareamento_unico_por_nome_uf
67512,NEVES PAULISTA,SP,neves paulista,3532504,Neves Paulista,"UF + nome normalizado (caixa, acentos e espaços)",pareamento_unico_por_nome_uf
67539,NHANDEARA,SP,nhandeara,3532603,Nhandeara,"UF + nome normalizado (caixa, acentos e espaços)",pareamento_unico_por_nome_uf
67555,NIPOÃ,SP,nipoa,3532702,Nipoã,"UF + nome normalizado (caixa, acentos e espaços)",pareamento_unico_por_nome_uf
67571,NOVA ALIANÇA,SP,nova alianca,3532801,Nova Aliança,"UF + nome normalizado (caixa, acentos e espaços)",pareamento_unico_por_nome_uf
67598,NOVA EUROPA,SP,nova europa,3532900,Nova Europa,"UF + nome normalizado (caixa, acentos e espaços)",pareamento_unico_por_nome_uf
67610,NOVA GRANADA,SP,nova granada,3533007,Nova Granada,"UF + nome normalizado (caixa, acentos e espaços)",pareamento_unico_por_nome_uf
67636,NOVA GUATAPORANGA,SP,nova guataporanga,3533106,Nova Guataporanga,"UF + nome normalizado (caixa, acentos e espaços)",pareamento_unico_por_nome_uf
67652,NOVA INDEPENDÊNCIA,SP,nova independencia,3533205,Nova Independência,"UF + nome normalizado (caixa, acentos e espaços)",pareamento_unico_por_nome_uf
67679,NOVA LUZITÂNIA,SP,nova luzitania,3533304,Nova Luzitânia,"UF + nome normalizado (caixa, acentos e espaços)",pareamento_unico_por_nome_uf
67695,NOVA ODESSA,SP,nova odessa,3533403,Nova Odessa,"UF + nome normalizado (caixa, acentos e espaços)",pareamento_unico_por_nome_uf
67717,NOVO HORIZONTE,SP,novo horizonte,3533502,Novo Horizonte,"UF + nome normalizado (caixa, acentos e espaços)",pareamento_unico_por_nome_uf
67733,NUPORANGA,SP,nuporanga,3533601,Nuporanga,"UF + nome normalizado (caixa, acentos e espaços)",pareamento_unico_por_nome_uf
67750,OCAUÇU,SP,ocaucu,3533700,Ocauçu,"UF + nome normalizado (caixa, acentos e espaços)",pareamento_unico_por_nome_uf
67776,ÓLEO,SP,oleo,3533809,Óleo,"UF + nome normalizado (caixa, acentos e espaços)",pareamento_unico_por_nome_uf
67792,OLÍMPIA,SP,olimpia,3533908,Olímpia,"UF + nome normalizado (caixa, acentos e espaços)",pareamento_unico_por_nome_uf
67814,ONDA VERDE,SP,onda verde,3534005,Onda Verde,"UF + nome normalizado (caixa, acentos e espaços)",pareamento_unico_por_nome_uf
67830,ORIENTE,SP,oriente,3534104,Oriente,"UF + nome normalizado (caixa, acentos e espaços)",pareamento_unico_por_nome_uf
67857,ORINDIÚVA,SP,orindiuva,3534203,Orindiúva,"UF + nome normalizado (caixa, acentos e espaços)",pareamento_unico_por_nome_uf
67873,ORLÂNDIA,SP,orlandia,3534302,Orlândia,"UF + nome normalizado (caixa, acentos e espaços)",pareamento_unico_por_nome_uf
67890,OSASCO,SP,osasco,3534401,Osasco,"UF + nome normalizado (caixa, acentos e espaços)",pareamento_unico_por_nome_uf
67911,OSCAR BRESSANE,SP,oscar bressane,3534500,Oscar Bressane,"UF + nome normalizado (caixa, acentos e espaços)",pareamento_unico_por_nome_uf
67938,OSVALDO CRUZ,SP,osvaldo cruz,3534609,Osvaldo Cruz,"UF + nome normalizado (caixa, acentos e espaços)",pareamento_unico_por_nome_uf
67954,OURINHOS,SP,ourinhos,3534708,Ourinhos,"UF + nome normalizado (caixa, acentos e espaços)",pareamento_unico_por_nome_uf
67970,OURO VERDE,SP,ouro verde,3534807,Ouro Verde,"UF + nome normalizado (caixa, acentos e espaços)",pareamento_unico_por_nome_uf
67997,PACAEMBU,SP,pacaembu,3534906,Pacaembu,"UF + nome normalizado (caixa, acentos e espaços)",pareamento_unico_por_nome_uf
68012,PALESTINA,SP,palestina,3535002,Palestina,"UF + nome normalizado (caixa, acentos e espaços)",pareamento_unico_por_nome_uf
68039,PALMARES PAULISTA,SP,palmares paulista,3535101,Palmares Paulista,"UF + nome normalizado (caixa, acentos e espaços)",pareamento_unico_por_nome_uf
68055,PALMEIRA D OESTE,SP,palmeira d oeste,,,"UF + nome normalizado (caixa, acentos e espaços)",sem_pareamento_exato
68071,PALMITAL,SP,palmital,3535309,Palmital,"UF + nome normalizado (caixa, acentos e espaços)",pareamento_unico_por_nome_uf
68098,PANORAMA,SP,panorama,3535408,Panorama,"UF + nome normalizado (caixa, acentos e espaços)",pareamento_unico_por_nome_uf
68110,PARAGUAÇU PAULISTA,SP,paraguacu paulista,3535507,Paraguaçu Paulista,"UF + nome normalizado (caixa, acentos e espaços)",pareamento_unico_por_nome_uf
68136,PARAIBUNA,SP,paraibuna,3535606,Paraibuna,"UF + nome normalizado (caixa, acentos e espaços)",pareamento_unico_por_nome_uf
68152,PARAÍSO,SP,paraiso,3535705,Paraíso,"UF + nome normalizado (caixa, acentos e espaços)",pareamento_unico_por_nome_uf
68179,PARANAPANEMA,SP,paranapanema,3535804,Paranapanema,"UF + nome normalizado (caixa, acentos e espaços)",pareamento_unico_por_nome_uf
68195,PARANAPUÃ,SP,paranapua,3535903,Paranapuã,"UF + nome normalizado (caixa, acentos e espaços)",pareamento_unico_por_nome_uf
68217,PARAPUÃ,SP,parapua,3536000,Parapuã,"UF + nome normalizado (caixa, acentos e espaços)",pareamento_unico_por_nome_uf
68233,PARDINHO,SP,pardinho,3536109,Pardinho,"UF + nome normalizado (caixa, acentos e espaços)",pareamento_unico_por_nome_uf
68250,PARIQUERA-AÇU,SP,pariquera-acu,3536208,Pariquera-Açu,"UF + nome normalizado (caixa, acentos e espaços)",pareamento_unico_por_nome_uf
68276,PATROCÍNIO PAULISTA,SP,patrocinio paulista,3536307,Patrocínio Paulista,"UF + nome normalizado (caixa, acentos e espaços)",pareamento_unico_por_nome_uf
68292,PAULICÉIA,SP,pauliceia,3536406,Paulicéia,"UF + nome normalizado (caixa, acentos e espaços)",pareamento_unico_por_nome_uf
68314,PAULÍNIA,SP,paulinia,3536505,Paulínia,"UF + nome normalizado (caixa, acentos e espaços)",pareamento_unico_por_nome_uf
68330,PAULO DE FARIA,SP,paulo de faria,3536604,Paulo de Faria,"UF + nome normalizado (caixa, acentos e espaços)",pareamento_unico_por_nome_uf
68357,PEDERNEIRAS,SP,pederneiras,3536703,Pederneiras,"UF + nome normalizado (caixa, acentos e espaços)",pareamento_unico_por_nome_uf
68373,PEDRA BELA,SP,pedra bela,3536802,Pedra Bela,"UF + nome normalizado (caixa, acentos e espaços)",pareamento_unico_por_nome_uf
68390,PEDRANÓPOLIS,SP,pedranopolis,3536901,Pedranópolis,"UF + nome normalizado (caixa, acentos e espaços)",pareamento_unico_por_nome_uf
68411,PEDREGULHO,SP,pedregulho,3537008,Pedregulho,"UF + nome normalizado (caixa, acentos e espaços)",pareamento_unico_por_nome_uf
68438,PEDREIRA,SP,pedreira,3537107,Pedreira,"UF + nome normalizado (caixa, acentos e espaços)",pareamento_unico_por_nome_uf
68454,PEDRO DE TOLEDO,SP,pedro de toledo,3537206,Pedro de Toledo,"UF + nome normalizado (caixa, acentos e espaços)",pareamento_unico_por_nome_uf
68470,PENÁPOLIS,SP,penapolis,3537305,Penápolis,"UF + nome normalizado (caixa, acentos e espaços)",pareamento_unico_por_nome_uf
68497,PEREIRA BARRETO,SP,pereira barreto,3537404,Pereira Barreto,"UF + nome normalizado (caixa, acentos e espaços)",pareamento_unico_por_nome_uf
68519,PEREIRAS,SP,pereiras,3537503,Pereiras,"UF + nome normalizado (caixa, acentos e espaços)",pareamento_unico_por_nome_uf
68535,PERUÍBE,SP,peruibe,3537602,Peruíbe,"UF + nome normalizado (caixa, acentos e espaços)",pareamento_unico_por_nome_uf
68551,PIACATU,SP,piacatu,3537701,Piacatu,"UF + nome normalizado (caixa, acentos e espaços)",pareamento_unico_por_nome_uf
68578,PIEDADE,SP,piedade,3537800,Piedade,"UF + nome normalizado (caixa, acentos e espaços)",pareamento_unico_por_nome_uf
68594,PILAR DO SUL,SP,pilar do sul,3537909,Pilar do Sul,"UF + nome normalizado (caixa, acentos e espaços)",pareamento_unico_por_nome_uf
68616,PINDAMONHANGABA,SP,pindamonhangaba,3538006,Pindamonhangaba,"UF + nome normalizado (caixa, acentos e espaços)",pareamento_unico_por_nome_uf
68632,PINDORAMA,SP,pindorama,3538105,Pindorama,"UF + nome normalizado (caixa, acentos e espaços)",pareamento_unico_por_nome_uf
68659,ESPÍRITO SANTO DO PINHAL,SP,espirito santo do pinhal,3515186,Espírito Santo do Pinhal,"UF + nome normalizado (caixa, acentos e espaços)",pareamento_unico_por_nome_uf
68675,PINHALZINHO,SP,pinhalzinho,3538204,Pinhalzinho,"UF + nome normalizado (caixa, acentos e espaços)",pareamento_unico_por_nome_uf
68691,PIQUEROBI,SP,piquerobi,3538303,Piquerobi,"UF + nome normalizado (caixa, acentos e espaços)",pareamento_unico_por_nome_uf
68713,PIQUETE,SP,piquete,3538501,Piquete,"UF + nome normalizado (caixa, acentos e espaços)",pareamento_unico_por_nome_uf
68730,PIRACAIA,SP,piracaia,3538600,Piracaia,"UF + nome normalizado (caixa, acentos e espaços)",pareamento_unico_por_nome_uf
68756,PIRACICABA,SP,piracicaba,3538709,Piracicaba,"UF + nome normalizado (caixa, acentos e espaços)",pareamento_unico_por_nome_uf
68772,PIRAJU,SP,piraju,3538808,Piraju,"UF + nome normalizado (caixa, acentos e espaços)",pareamento_unico_por_nome_uf
68799,PIRAJUÍ,SP,pirajui,3538907,Pirajuí,"UF + nome normalizado (caixa, acentos e espaços)",pareamento_unico_por_nome_uf
68810,PIRANGI,SP,pirangi,3539004,Pirangi,"UF + nome normalizado (caixa, acentos e espaços)",pareamento_unico_por_nome_uf
68837,PIRAPORA DO BOM JESUS,SP,pirapora do bom jesus,3539103,Pirapora do Bom Jesus,"UF + nome normalizado (caixa, acentos e espaços)",pareamento_unico_por_nome_uf
68853,PIRAPOZINHO,SP,pirapozinho,3539202,Pirapozinho,"UF + nome normalizado (caixa, acentos e espaços)",pareamento_unico_por_nome_uf
68870,PIRASSUNUNGA,SP,pirassununga,3539301,Pirassununga,"UF + nome normalizado (caixa, acentos e espaços)",pareamento_unico_por_nome_uf
68896,PIRATININGA,SP,piratininga,3539400,Piratininga,"UF + nome normalizado (caixa, acentos e espaços)",pareamento_unico_por_nome_uf
68918,PITANGUEIRAS,SP,pitangueiras,3539509,Pitangueiras,"UF + nome normalizado (caixa, acentos e espaços)",pareamento_unico_por_nome_uf
68934,PLANALTO,SP,planalto,3539608,Planalto,"UF + nome normalizado (caixa, acentos e espaços)",pareamento_unico_por_nome_uf
68950,PLATINA,SP,platina,3539707,Platina,"UF + nome normalizado (caixa, acentos e espaços)",pareamento_unico_por_nome_uf
68977,POÁ,SP,poa,3539806,Poá,"UF + nome normalizado (caixa, acentos e espaços)",pareamento_unico_por_nome_uf
68993,POLONI,SP,poloni,3539905,Poloni,"UF + nome normalizado (caixa, acentos e espaços)",pareamento_unico_por_nome_uf
69019,POMPÉIA,SP,pompeia,3540002,Pompéia,"UF + nome normalizado (caixa, acentos e espaços)",pareamento_unico_por_nome_uf
69035,PONGAÍ,SP,pongai,3540101,Pongaí,"UF + nome normalizado (caixa, acentos e espaços)",pareamento_unico_por_nome_uf
69051,PONTAL,SP,pontal,3540200,Pontal,"UF + nome normalizado (caixa, acentos e espaços)",pareamento_unico_por_nome_uf
69078,PONTES GESTAL,SP,pontes gestal,3540309,Pontes Gestal,"UF + nome normalizado (caixa, acentos e espaços)",pareamento_unico_por_nome_uf
69094,POPULINA,SP,populina,3540408,Populina,"UF + nome normalizado (caixa, acentos e espaços)",pareamento_unico_por_nome_uf
69116,PORANGABA,SP,porangaba,3540507,Porangaba,"UF + nome normalizado (caixa, acentos e espaços)",pareamento_unico_por_nome_uf
69132,PORTO FELIZ,SP,porto feliz,3540606,Porto Feliz,"UF + nome normalizado (caixa, acentos e espaços)",pareamento_unico_por_nome_uf
69159,PORTO FERREIRA,SP,porto ferreira,3540705,Porto Ferreira,"UF + nome normalizado (caixa, acentos e espaços)",pareamento_unico_por_nome_uf
69175,POTIRENDABA,SP,potirendaba,3540804,Potirendaba,"UF + nome normalizado (caixa, acentos e espaços)",pareamento_unico_por_nome_uf
69191,PRADÓPOLIS,SP,pradopolis,3540903,Pradópolis,"UF + nome normalizado (caixa, acentos e espaços)",pareamento_unico_por_nome_uf
69213,PRAIA GRANDE,SP,praia grande,3541000,Praia Grande,"UF + nome normalizado (caixa, acentos e espaços)",pareamento_unico_por_nome_uf
69230,PRESIDENTE ALVES,SP,presidente alves,3541109,Presidente Alves,"UF + nome normalizado (caixa, acentos e espaços)",pareamento_unico_por_nome_uf
69256,PRESIDENTE BERNARDES,SP,presidente bernardes,3541208,Presidente Bernardes,"UF + nome normalizado (caixa, acentos e espaços)",pareamento_unico_por_nome_uf
69272,PRESIDENTE EPITÁCIO,SP,presidente epitacio,3541307,Presidente Epitácio,"UF + nome normalizado (caixa, acentos e espaços)",pareamento_unico_por_nome_uf
69299,PRESIDENTE PRUDENTE,SP,presidente prudente,3541406,Presidente Prudente,"UF + nome normalizado (caixa, acentos e espaços)",pareamento_unico_por_nome_uf
69310,PRESIDENTE VENCESLAU,SP,presidente venceslau,3541505,Presidente Venceslau,"UF + nome normalizado (caixa, acentos e espaços)",pareamento_unico_por_nome_uf
69337,PROMISSÃO,SP,promissao,3541604,Promissão,"UF + nome normalizado (caixa, acentos e espaços)",pareamento_unico_por_nome_uf
69353,QUATÁ,SP,quata,3541703,Quatá,"UF + nome normalizado (caixa, acentos e espaços)",pareamento_unico_por_nome_uf
69370,QUEIROZ,SP,queiroz,3541802,Queiroz,"UF + nome normalizado (caixa, acentos e espaços)",pareamento_unico_por_nome_uf
69396,QUELUZ,SP,queluz,3541901,Queluz,"UF + nome normalizado (caixa, acentos e espaços)",pareamento_unico_por_nome_uf
69418,QUINTANA,SP,quintana,3542008,Quintana,"UF + nome normalizado (caixa, acentos e espaços)",pareamento_unico_por_nome_uf
69434,RAFARD,SP,rafard,3542107,Rafard,"UF + nome normalizado (caixa, acentos e espaços)",pareamento_unico_por_nome_uf
69450,RANCHARIA,SP,rancharia,3542206,Rancharia,"UF + nome normalizado (caixa, acentos e espaços)",pareamento_unico_por_nome_uf
69477,REDENÇÃO DA SERRA,SP,redencao da serra,3542305,Redenção da Serra,"UF + nome normalizado (caixa, acentos e espaços)",pareamento_unico_por_nome_uf
69493,REGENTE FEIJÓ,SP,regente feijo,3542404,Regente Feijó,"UF + nome normalizado (caixa, acentos e espaços)",pareamento_unico_por_nome_uf
69515,REGINÓPOLIS,SP,reginopolis,3542503,Reginópolis,"UF + nome normalizado (caixa, acentos e espaços)",pareamento_unico_por_nome_uf
69531,REGISTRO,SP,registro,3542602,Registro,"UF + nome normalizado (caixa, acentos e espaços)",pareamento_unico_por_nome_uf
69558,RESTINGA,SP,restinga,3542701,Restinga,"UF + nome normalizado (caixa, acentos e espaços)",pareamento_unico_por_nome_uf
69574,RIBEIRA,SP,ribeira,3542800,Ribeira,"UF + nome normalizado (caixa, acentos e espaços)",pareamento_unico_por_nome_uf
69590,RIBEIRÃO BONITO,SP,ribeirao bonito,3542909,Ribeirão Bonito,"UF + nome normalizado (caixa, acentos e espaços)",pareamento_unico_por_nome_uf
69612,RIBEIRÃO BRANCO,SP,ribeirao branco,3543006,Ribeirão Branco,"UF + nome normalizado (caixa, acentos e espaços)",pareamento_unico_por_nome_uf
69639,RIBEIRÃO CORRENTE,SP,ribeirao corrente,3543105,Ribeirão Corrente,"UF + nome normalizado (caixa, acentos e espaços)",pareamento_unico_por_nome_uf
69655,RIBEIRÃO DO SUL,SP,ribeirao do sul,3543204,Ribeirão do Sul,"UF + nome normalizado (caixa, acentos e espaços)",pareamento_unico_por_nome_uf
69671,RIBEIRÃO PIRES,SP,ribeirao pires,3543303,Ribeirão Pires,"UF + nome normalizado (caixa, acentos e espaços)",pareamento_unico_por_nome_uf
69698,RIBEIRÃO PRETO,SP,ribeirao preto,3543402,Ribeirão Preto,"UF + nome normalizado (caixa, acentos e espaços)",pareamento_unico_por_nome_uf
69710,RIVERSUL,SP,riversul,3543501,Riversul,"UF + nome normalizado (caixa, acentos e espaços)",pareamento_unico_por_nome_uf
69736,RIFAINA,SP,rifaina,3543600,Rifaina,"UF + nome normalizado (caixa, acentos e espaços)",pareamento_unico_por_nome_uf
69752,RINCÃO,SP,rincao,3543709,Rincão,"UF + nome normalizado (caixa, acentos e espaços)",pareamento_unico_por_nome_uf
69779,RINÓPOLIS,SP,rinopolis,3543808,Rinópolis,"UF + nome normalizado (caixa, acentos e espaços)",pareamento_unico_por_nome_uf
69795,RIO CLARO,SP,rio claro,3543907,Rio Claro,"UF + nome normalizado (caixa, acentos e espaços)",pareamento_unico_por_nome_uf
69817,RIO DAS PEDRAS,SP,rio das pedras,3544004,Rio das Pedras,"UF + nome normalizado (caixa, acentos e espaços)",pareamento_unico_por_nome_uf
69833,RIO GRANDE DA SERRA,SP,rio grande da serra,3544103,Rio Grande da Serra,"UF + nome normalizado (caixa, acentos e espaços)",pareamento_unico_por_nome_uf
69850,RIOLÂNDIA,SP,riolandia,3544202,Riolândia,"UF + nome normalizado (caixa, acentos e espaços)",pareamento_unico_por_nome_uf
69876,ROSEIRA,SP,roseira,3544301,Roseira,"UF + nome normalizado (caixa, acentos e espaços)",pareamento_unico_por_nome_uf
69892,RUBIÁCEA,SP,rubiacea,3544400,Rubiácea,"UF + nome normalizado (caixa, acentos e espaços)",pareamento_unico_por_nome_uf
69914,RUBINÉIA,SP,rubineia,3544509,Rubinéia,"UF + nome normalizado (caixa, acentos e espaços)",pareamento_unico_por_nome_uf
69930,SABINO,SP,sabino,3544608,Sabino,"UF + nome normalizado (caixa, acentos e espaços)",pareamento_unico_por_nome_uf
69957,SAGRES,SP,sagres,3544707,Sagres,"UF + nome normalizado (caixa, acentos e espaços)",pareamento_unico_por_nome_uf
69973,SALES,SP,sales,3544806,Sales,"UF + nome normalizado (caixa, acentos e espaços)",pareamento_unico_por_nome_uf
69990,SALES OLIVEIRA,SP,sales oliveira,3544905,Sales Oliveira,"UF + nome normalizado (caixa, acentos e espaços)",pareamento_unico_por_nome_uf
70017,SALESÓPOLIS,SP,salesopolis,3545001,Salesópolis,"UF + nome normalizado (caixa, acentos e espaços)",pareamento_unico_por_nome_uf
70033,SALMOURÃO,SP,salmourao,3545100,Salmourão,"UF + nome normalizado (caixa, acentos e espaços)",pareamento_unico_por_nome_uf
70050,SALTO,SP,salto,3545209,Salto,"UF + nome normalizado (caixa, acentos e espaços)",pareamento_unico_por_nome_uf
70076,SALTO DE PIRAPORA,SP,salto de pirapora,3545308,Salto de Pirapora,"UF + nome normalizado (caixa, acentos e espaços)",pareamento_unico_por_nome_uf
70092,SALTO GRANDE,SP,salto grande,3545407,Salto Grande,"UF + nome normalizado (caixa, acentos e espaços)",pareamento_unico_por_nome_uf
70114,SANDOVALINA,SP,sandovalina,3545506,Sandovalina,"UF + nome normalizado (caixa, acentos e espaços)",pareamento_unico_por_nome_uf
70130,SANTA ADÉLIA,SP,santa adelia,3545605,Santa Adélia,"UF + nome normalizado (caixa, acentos e espaços)",pareamento_unico_por_nome_uf
70157,SANTA ALBERTINA,SP,santa albertina,3545704,Santa Albertina,"UF + nome normalizado (caixa, acentos e espaços)",pareamento_unico_por_nome_uf
70173,SANTA BÁRBARA D OESTE,SP,santa barbara d oeste,,,"UF + nome normalizado (caixa, acentos e espaços)",sem_pareamento_exato
70190,ÁGUAS DE SANTA BÁRBARA,SP,aguas de santa barbara,3500550,Águas de Santa Bárbara,"UF + nome normalizado (caixa, acentos e espaços)",pareamento_unico_por_nome_uf
70211,SANTA BRANCA,SP,santa branca,3546009,Santa Branca,"UF + nome normalizado (caixa, acentos e espaços)",pareamento_unico_por_nome_uf
70238,SANTA CLARA D OESTE,SP,santa clara d oeste,,,"UF + nome normalizado (caixa, acentos e espaços)",sem_pareamento_exato
70254,SANTA CRUZ DA CONCEIÇÃO,SP,santa cruz da conceicao,3546207,Santa Cruz da Conceição,"UF + nome normalizado (caixa, acentos e espaços)",pareamento_unico_por_nome_uf
70270,SANTA CRUZ DAS PALMEIRAS,SP,santa cruz das palmeiras,3546306,Santa Cruz das Palmeiras,"UF + nome normalizado (caixa, acentos e espaços)",pareamento_unico_por_nome_uf
70297,SANTA CRUZ DO RIO PARDO,SP,santa cruz do rio pardo,3546405,Santa Cruz do Rio Pardo,"UF + nome normalizado (caixa, acentos e espaços)",pareamento_unico_por_nome_uf
70319,SANTA ERNESTINA,SP,santa ernestina,3546504,Santa Ernestina,"UF + nome normalizado (caixa, acentos e espaços)",pareamento_unico_por_nome_uf
70335,SANTA FÉ DO SUL,SP,santa fe do sul,3546603,Santa Fé do Sul,"UF + nome normalizado (caixa, acentos e espaços)",pareamento_unico_por_nome_uf
70351,SANTA GERTRUDES,SP,santa gertrudes,3546702,Santa Gertrudes,"UF + nome normalizado (caixa, acentos e espaços)",pareamento_unico_por_nome_uf
70378,SANTA ISABEL,SP,santa isabel,3546801,Santa Isabel,"UF + nome normalizado (caixa, acentos e espaços)",pareamento_unico_por_nome_uf
70394,SANTA LÚCIA,SP,santa lucia,3546900,Santa Lúcia,"UF + nome normalizado (caixa, acentos e espaços)",pareamento_unico_por_nome_uf
70416,SANTA MARIA DA SERRA,SP,santa maria da serra,3547007,Santa Maria da Serra,"UF + nome normalizado (caixa, acentos e espaços)",pareamento_unico_por_nome_uf
70432,SANTA MERCEDES,SP,santa mercedes,3547106,Santa Mercedes,"UF + nome normalizado (caixa, acentos e espaços)",pareamento_unico_por_nome_uf
70459,SANTANA DA PONTE PENSA,SP,santana da ponte pensa,3547205,Santana da Ponte Pensa,"UF + nome normalizado (caixa, acentos e espaços)",pareamento_unico_por_nome_uf
70475,SANTANA DE PARNAÍBA,SP,santana de parnaiba,3547304,Santana de Parnaíba,"UF + nome normalizado (caixa, acentos e espaços)",pareamento_unico_por_nome_uf
70491,SANTA RITA D OESTE,SP,santa rita d oeste,,,"UF + nome normalizado (caixa, acentos e espaços)",sem_pareamento_exato
70513,SANTA RITA DO PASSA QUATRO,SP,santa rita do passa quatro,3547502,Santa Rita do Passa Quatro,"UF + nome normalizado (caixa, acentos e espaços)",pareamento_unico_por_nome_uf
70530,SANTA ROSA DE VITERBO,SP,santa rosa de viterbo,3547601,Santa Rosa de Viterbo,"UF + nome normalizado (caixa, acentos e espaços)",pareamento_unico_por_nome_uf
70556,SANTO ANASTÁCIO,SP,santo anastacio,3547700,Santo Anastácio,"UF + nome normalizado (caixa, acentos e espaços)",pareamento_unico_por_nome_uf
70572,SANTO ANDRÉ,SP,santo andre,3547809,Santo André,"UF + nome normalizado (caixa, acentos e espaços)",pareamento_unico_por_nome_uf
70599,SANTO ANTÔNIO DA ALEGRIA,SP,santo antonio da alegria,3547908,Santo Antônio da Alegria,"UF + nome normalizado (caixa, acentos e espaços)",pareamento_unico_por_nome_uf
70610,SANTO ANTÔNIO DE POSSE,SP,santo antonio de posse,3548005,Santo Antônio de Posse,"UF + nome normalizado (caixa, acentos e espaços)",pareamento_unico_por_nome_uf
70637,SANTO ANTÔNIO DO JARDIM,SP,santo antonio do jardim,3548104,Santo Antônio do Jardim,"UF + nome normalizado (caixa, acentos e espaços)",pareamento_unico_por_nome_uf
70653,SANTO ANTÔNIO DO PINHAL,SP,santo antonio do pinhal,3548203,Santo Antônio do Pinhal,"UF + nome normalizado (caixa, acentos e espaços)",pareamento_unico_por_nome_uf
70670,SANTO EXPEDITO,SP,santo expedito,3548302,Santo Expedito,"UF + nome normalizado (caixa, acentos e espaços)",pareamento_unico_por_nome_uf
70696,SANTÓPOLIS DO AGUAPEÍ,SP,santopolis do aguapei,3548401,Santópolis do Aguapeí,"UF + nome normalizado (caixa, acentos e espaços)",pareamento_unico_por_nome_uf
70718,SANTOS,SP,santos,3548500,Santos,"UF + nome normalizado (caixa, acentos e espaços)",pareamento_unico_por_nome_uf
70734,SÃO BENTO DO SAPUCAÍ,SP,sao bento do sapucai,3548609,São Bento do Sapucaí,"UF + nome normalizado (caixa, acentos e espaços)",pareamento_unico_por_nome_uf
70750,SÃO BERNARDO DO CAMPO,SP,sao bernardo do campo,3548708,São Bernardo do Campo,"UF + nome normalizado (caixa, acentos e espaços)",pareamento_unico_por_nome_uf
70777,SÃO CAETANO DO SUL,SP,sao caetano do sul,3548807,São Caetano do Sul,"UF + nome normalizado (caixa, acentos e espaços)",pareamento_unico_por_nome_uf
70793,SÃO CARLOS,SP,sao carlos,3548906,São Carlos,"UF + nome normalizado (caixa, acentos e espaços)",pareamento_unico_por_nome_uf
70815,SÃO FRANCISCO,SP,sao francisco,3549003,São Francisco,"UF + nome normalizado (caixa, acentos e espaços)",pareamento_unico_por_nome_uf
70831,SÃO JOÃO DA BOA VISTA,SP,sao joao da boa vista,3549102,São João da Boa Vista,"UF + nome normalizado (caixa, acentos e espaços)",pareamento_unico_por_nome_uf
70858,SÃO JOÃO DAS DUAS PONTES,SP,sao joao das duas pontes,3549201,São João das Duas Pontes,"UF + nome normalizado (caixa, acentos e espaços)",pareamento_unico_por_nome_uf
70874,SÃO JOÃO DO PAU D ALHO,SP,sao joao do pau d alho,,,"UF + nome normalizado (caixa, acentos e espaços)",sem_pareamento_exato
70890,SÃO JOAQUIM DA BARRA,SP,sao joaquim da barra,3549409,São Joaquim da Barra,"UF + nome normalizado (caixa, acentos e espaços)",pareamento_unico_por_nome_uf
70912,SÃO JOSÉ DA BELA VISTA,SP,sao jose da bela vista,3549508,São José da Bela Vista,"UF + nome normalizado (caixa, acentos e espaços)",pareamento_unico_por_nome_uf
70939,SÃO JOSÉ DO BARREIRO,SP,sao jose do barreiro,3549607,São José do Barreiro,"UF + nome normalizado (caixa, acentos e espaços)",pareamento_unico_por_nome_uf
70955,SÃO JOSÉ DO RIO PARDO,SP,sao jose do rio pardo,3549706,São José do Rio Pardo,"UF + nome normalizado (caixa, acentos e espaços)",pareamento_unico_por_nome_uf
70971,SÃO JOSÉ DO RIO PRETO,SP,sao jose do rio preto,3549805,São José do Rio Preto,"UF + nome normalizado (caixa, acentos e espaços)",pareamento_unico_por_nome_uf
70998,SÃO JOSÉ DOS CAMPOS,SP,sao jose dos campos,3549904,São José dos Campos,"UF + nome normalizado (caixa, acentos e espaços)",pareamento_unico_por_nome_uf
71013,SÃO LUÍS DO PARAITINGA,SP,sao luis do paraitinga,,,"UF + nome normalizado (caixa, acentos e espaços)",sem_pareamento_exato
71030,SÃO MANUEL,SP,sao manuel,3550100,São Manuel,"UF + nome normalizado (caixa, acentos e espaços)",pareamento_unico_por_nome_uf
71056,SÃO MIGUEL ARCANJO,SP,sao miguel arcanjo,3550209,São Miguel Arcanjo,"UF + nome normalizado (caixa, acentos e espaços)",pareamento_unico_por_nome_uf
71072,SÃO PAULO,SP,sao paulo,3550308,São Paulo,"UF + nome normalizado (caixa, acentos e espaços)",pareamento_unico_por_nome_uf
71099,SÃO PEDRO,SP,sao pedro,3550407,São Pedro,"UF + nome normalizado (caixa, acentos e espaços)",pareamento_unico_por_nome_uf
71110,SÃO PEDRO DO TURVO,SP,sao pedro do turvo,3550506,São Pedro do Turvo,"UF + nome normalizado (caixa, acentos e espaços)",pareamento_unico_por_nome_uf
71137,SÃO ROQUE,SP,sao roque,3550605,São Roque,"UF + nome normalizado (caixa, acentos e espaços)",pareamento_unico_por_nome_uf
71153,SÃO SEBASTIÃO,SP,sao sebastiao,3550704,São Sebastião,"UF + nome normalizado (caixa, acentos e espaços)",pareamento_unico_por_nome_uf
71170,SÃO SEBASTIÃO DA GRAMA,SP,sao sebastiao da grama,3550803,São Sebastião da Grama,"UF + nome normalizado (caixa, acentos e espaços)",pareamento_unico_por_nome_uf
71196,SÃO SIMÃO,SP,sao simao,3550902,São Simão,"UF + nome normalizado (caixa, acentos e espaços)",pareamento_unico_por_nome_uf
71218,SÃO VICENTE,SP,sao vicente,3551009,São Vicente,"UF + nome normalizado (caixa, acentos e espaços)",pareamento_unico_por_nome_uf
71234,SARAPUÍ,SP,sarapui,3551108,Sarapuí,"UF + nome normalizado (caixa, acentos e espaços)",pareamento_unico_por_nome_uf
71250,SARUTAIÁ,SP,sarutaia,3551207,Sarutaiá,"UF + nome normalizado (caixa, acentos e espaços)",pareamento_unico_por_nome_uf
71277,SEBASTIANÓPOLIS DO SUL,SP,sebastianopolis do sul,3551306,Sebastianópolis do Sul,"UF + nome normalizado (caixa, acentos e espaços)",pareamento_unico_por_nome_uf
71293,SERRA AZUL,SP,serra azul,3551405,Serra Azul,"UF + nome normalizado (caixa, acentos e espaços)",pareamento_unico_por_nome_uf
71315,SERRANA,SP,serrana,3551504,Serrana,"UF + nome normalizado (caixa, acentos e espaços)",pareamento_unico_por_nome_uf
71331,SERRA NEGRA,SP,serra negra,3551603,Serra Negra,"UF + nome normalizado (caixa, acentos e espaços)",pareamento_unico_por_nome_uf
71358,SERTÃOZINHO,SP,sertaozinho,3551702,Sertãozinho,"UF + nome normalizado (caixa, acentos e espaços)",pareamento_unico_por_nome_uf
71374,SETE BARRAS,SP,sete barras,3551801,Sete Barras,"UF + nome normalizado (caixa, acentos e espaços)",pareamento_unico_por_nome_uf
71390,SEVERÍNIA,SP,severinia,3551900,Severínia,"UF + nome normalizado (caixa, acentos e espaços)",pareamento_unico_por_nome_uf
71412,SILVEIRAS,SP,silveiras,3552007,Silveiras,"UF + nome normalizado (caixa, acentos e espaços)",pareamento_unico_por_nome_uf
71439,SOCORRO,SP,socorro,3552106,Socorro,"UF + nome normalizado (caixa, acentos e espaços)",pareamento_unico_por_nome_uf
71455,SOROCABA,SP,sorocaba,3552205,Sorocaba,"UF + nome normalizado (caixa, acentos e espaços)",pareamento_unico_por_nome_uf
71471,SUD MENNUCCI,SP,sud mennucci,3552304,Sud Mennucci,"UF + nome normalizado (caixa, acentos e espaços)",pareamento_unico_por_nome_uf
71498,SUMARÉ,SP,sumare,3552403,Sumaré,"UF + nome normalizado (caixa, acentos e espaços)",pareamento_unico_por_nome_uf
71510,SUZANO,SP,suzano,3552502,Suzano,"UF + nome normalizado (caixa, acentos e espaços)",pareamento_unico_por_nome_uf
71536,TABAPUÃ,SP,tabapua,3552601,Tabapuã,"UF + nome normalizado (caixa, acentos e espaços)",pareamento_unico_por_nome_uf
71552,TABATINGA,SP,tabatinga,3552700,Tabatinga,"UF + nome normalizado (caixa, acentos e espaços)",pareamento_unico_por_nome_uf
71579,TABOÃO DA SERRA,SP,taboao da serra,3552809,Taboão da Serra,"UF + nome normalizado (caixa, acentos e espaços)",pareamento_unico_por_nome_uf
71595,TACIBA,SP,taciba,3552908,Taciba,"UF + nome normalizado (caixa, acentos e espaços)",pareamento_unico_por_nome_uf
71617,TAGUAÍ,SP,taguai,3553005,Taguaí,"UF + nome normalizado (caixa, acentos e espaços)",pareamento_unico_por_nome_uf
71633,TAIAÇU,SP,taiacu,3553104,Taiaçu,"UF + nome normalizado (caixa, acentos e espaços)",pareamento_unico_por_nome_uf
71650,TAIÚVA,SP,taiuva,3553203,Taiúva,"UF + nome normalizado (caixa, acentos e espaços)",pareamento_unico_por_nome_uf
71676,TAMBAÚ,SP,tambau,3553302,Tambaú,"UF + nome normalizado (caixa, acentos e espaços)",pareamento_unico_por_nome_uf
71692,TANABI,SP,tanabi,3553401,Tanabi,"UF + nome normalizado (caixa, acentos e espaços)",pareamento_unico_por_nome_uf
71714,TAPIRAÍ,SP,tapirai,3553500,Tapiraí,"UF + nome normalizado (caixa, acentos e espaços)",pareamento_unico_por_nome_uf
71730,TAPIRATIBA,SP,tapiratiba,3553609,Tapiratiba,"UF + nome normalizado (caixa, acentos e espaços)",pareamento_unico_por_nome_uf
71757,TAQUARITINGA,SP,taquaritinga,3553708,Taquaritinga,"UF + nome normalizado (caixa, acentos e espaços)",pareamento_unico_por_nome_uf
71773,TAQUARITUBA,SP,taquarituba,3553807,Taquarituba,"UF + nome normalizado (caixa, acentos e espaços)",pareamento_unico_por_nome_uf
71790,TARABAI,SP,tarabai,3553906,Tarabai,"UF + nome normalizado (caixa, acentos e espaços)",pareamento_unico_por_nome_uf
71811,TATUÍ,SP,tatui,3554003,Tatuí,"UF + nome normalizado (caixa, acentos e espaços)",pareamento_unico_por_nome_uf
71838,TAUBATÉ,SP,taubate,3554102,Taubaté,"UF + nome normalizado (caixa, acentos e espaços)",pareamento_unico_por_nome_uf
71854,TEJUPÁ,SP,tejupa,3554201,Tejupá,"UF + nome normalizado (caixa, acentos e espaços)",pareamento_unico_por_nome_uf
71870,TEODORO SAMPAIO,SP,teodoro sampaio,3554300,Teodoro Sampaio,"UF + nome normalizado (caixa, acentos e espaços)",pareamento_unico_por_nome_uf
71897,TERRA ROXA,SP,terra roxa,3554409,Terra Roxa,"UF + nome normalizado (caixa, acentos e espaços)",pareamento_unico_por_nome_uf
71919,TIETÊ,SP,tiete,3554508,Tietê,"UF + nome normalizado (caixa, acentos e espaços)",pareamento_unico_por_nome_uf
71935,TIMBURI,SP,timburi,3554607,Timburi,"UF + nome normalizado (caixa, acentos e espaços)",pareamento_unico_por_nome_uf
71951,TORRINHA,SP,torrinha,3554706,Torrinha,"UF + nome normalizado (caixa, acentos e espaços)",pareamento_unico_por_nome_uf
71978,TREMEMBÉ,SP,tremembe,3554805,Tremembé,"UF + nome normalizado (caixa, acentos e espaços)",pareamento_unico_por_nome_uf
71994,TRÊS FRONTEIRAS,SP,tres fronteiras,3554904,Três Fronteiras,"UF + nome normalizado (caixa, acentos e espaços)",pareamento_unico_por_nome_uf
72010,TUPÃ,SP,tupa,3555000,Tupã,"UF + nome normalizado (caixa, acentos e espaços)",pareamento_unico_por_nome_uf
72036,TUPI PAULISTA,SP,tupi paulista,3555109,Tupi Paulista,"UF + nome normalizado (caixa, acentos e espaços)",pareamento_unico_por_nome_uf
72052,TURIÚBA,SP,turiuba,3555208,Turiúba,"UF + nome normalizado (caixa, acentos e espaços)",pareamento_unico_por_nome_uf
72079,TURMALINA,SP,turmalina,3555307,Turmalina,"UF + nome normalizado (caixa, acentos e espaços)",pareamento_unico_por_nome_uf
72095,UBATUBA,SP,ubatuba,3555406,Ubatuba,"UF + nome normalizado (caixa, acentos e espaços)",pareamento_unico_por_nome_uf
72117,UBIRAJARA,SP,ubirajara,3555505,Ubirajara,"UF + nome normalizado (caixa, acentos e espaços)",pareamento_unico_por_nome_uf
72133,UCHOA,SP,uchoa,3555604,Uchoa,"UF + nome normalizado (caixa, acentos e espaços)",pareamento_unico_por_nome_uf
72150,UNIÃO PAULISTA,SP,uniao paulista,3555703,União Paulista,"UF + nome normalizado (caixa, acentos e espaços)",pareamento_unico_por_nome_uf
72176,URÂNIA,SP,urania,3555802,Urânia,"UF + nome normalizado (caixa, acentos e espaços)",pareamento_unico_por_nome_uf
72192,URU,SP,uru,3555901,Uru,"UF + nome normalizado (caixa, acentos e espaços)",pareamento_unico_por_nome_uf
72214,URUPÊS,SP,urupes,3556008,Urupês,"UF + nome normalizado (caixa, acentos e espaços)",pareamento_unico_por_nome_uf
72230,VALENTIM GENTIL,SP,valentim gentil,3556107,Valentim Gentil,"UF + nome normalizado (caixa, acentos e espaços)",pareamento_unico_por_nome_uf
72257,VALINHOS,SP,valinhos,3556206,Valinhos,"UF + nome normalizado (caixa, acentos e espaços)",pareamento_unico_por_nome_uf
72273,VALPARAÍSO,SP,valparaiso,3556305,Valparaíso,"UF + nome normalizado (caixa, acentos e espaços)",pareamento_unico_por_nome_uf
72311,VARGEM GRANDE DO SUL,SP,vargem grande do sul,3556404,Vargem Grande do Sul,"UF + nome normalizado (caixa, acentos e espaços)",pareamento_unico_por_nome_uf
72338,VÁRZEA PAULISTA,SP,varzea paulista,3556503,Várzea Paulista,"UF + nome normalizado (caixa, acentos e espaços)",pareamento_unico_por_nome_uf
72354,VERA CRUZ,SP,vera cruz,3556602,Vera Cruz,"UF + nome normalizado (caixa, acentos e espaços)",pareamento_unico_por_nome_uf
72370,VINHEDO,SP,vinhedo,3556701,Vinhedo,"UF + nome normalizado (caixa, acentos e espaços)",pareamento_unico_por_nome_uf
72397,VIRADOURO,SP,viradouro,3556800,Viradouro,"UF + nome normalizado (caixa, acentos e espaços)",pareamento_unico_por_nome_uf
72419,VISTA ALEGRE DO ALTO,SP,vista alegre do alto,3556909,Vista Alegre do Alto,"UF + nome normalizado (caixa, acentos e espaços)",pareamento_unico_por_nome_uf
72435,VOTORANTIM,SP,votorantim,3557006,Votorantim,"UF + nome normalizado (caixa, acentos e espaços)",pareamento_unico_por_nome_uf
72451,VOTUPORANGA,SP,votuporanga,3557105,Votuporanga,"UF + nome normalizado (caixa, acentos e espaços)",pareamento_unico_por_nome_uf
72737,VARGEM GRANDE PAULISTA,SP,vargem grande paulista,3556453,Vargem Grande Paulista,"UF + nome normalizado (caixa, acentos e espaços)",pareamento_unico_por_nome_uf
73008,ABREULÂNDIA,TO,abreulandia,1700251,Abreulândia,"UF + nome normalizado (caixa, acentos e espaços)",pareamento_unico_por_nome_uf
73016,PIRAQUÊ,TO,piraque,1717206,Piraquê,"UF + nome normalizado (caixa, acentos e espaços)",pareamento_unico_por_nome_uf
73024,RIACHINHO,TO,riachinho,1718550,Riachinho,"UF + nome normalizado (caixa, acentos e espaços)",pareamento_unico_por_nome_uf
73032,DARCINÓPOLIS,TO,darcinopolis,1706506,Darcinópolis,"UF + nome normalizado (caixa, acentos e espaços)",pareamento_unico_por_nome_uf
73040,PALMEIRAS DO TOCANTINS,TO,palmeiras do tocantins,1713809,Palmeiras do Tocantins,"UF + nome normalizado (caixa, acentos e espaços)",pareamento_unico_por_nome_uf
73059,MAURILÂNDIA DO TOCANTINS,TO,maurilandia do tocantins,1712801,Maurilândia do Tocantins,"UF + nome normalizado (caixa, acentos e espaços)",pareamento_unico_por_nome_uf
73067,CACHOEIRINHA,TO,cachoeirinha,1703826,Cachoeirinha,"UF + nome normalizado (caixa, acentos e espaços)",pareamento_unico_por_nome_uf
73075,ANGICO,TO,angico,1701051,Angico,"UF + nome normalizado (caixa, acentos e espaços)",pareamento_unico_por_nome_uf
73083,PALMEIRANTE,TO,palmeirante,1715705,Palmeirante,"UF + nome normalizado (caixa, acentos e espaços)",pareamento_unico_por_nome_uf
73091,CAMPOS LINDOS,TO,campos lindos,1703842,Campos Lindos,"UF + nome normalizado (caixa, acentos e espaços)",pareamento_unico_por_nome_uf
73105,SÃO FÉLIX DO TOCANTINS,TO,sao felix do tocantins,1720150,São Félix do Tocantins,"UF + nome normalizado (caixa, acentos e espaços)",pareamento_unico_por_nome_uf
73113,LAGOA DO TOCANTINS,TO,lagoa do tocantins,1711951,Lagoa do Tocantins,"UF + nome normalizado (caixa, acentos e espaços)",pareamento_unico_por_nome_uf
73121,BOM JESUS DO TOCANTINS,TO,bom jesus do tocantins,1703305,Bom Jesus do Tocantins,"UF + nome normalizado (caixa, acentos e espaços)",pareamento_unico_por_nome_uf
73130,SANTA MARIA DO TOCANTINS,TO,santa maria do tocantins,1718881,Santa Maria do Tocantins,"UF + nome normalizado (caixa, acentos e espaços)",pareamento_unico_por_nome_uf
73148,NOVO ALEGRE,TO,novo alegre,1715150,Novo Alegre,"UF + nome normalizado (caixa, acentos e espaços)",pareamento_unico_por_nome_uf
73156,SANDOLÂNDIA,TO,sandolandia,1718840,Sandolândia,"UF + nome normalizado (caixa, acentos e espaços)",pareamento_unico_por_nome_uf
73164,TAIPAS DO TOCANTINS,TO,taipas do tocantins,1720937,Taipas do Tocantins,"UF + nome normalizado (caixa, acentos e espaços)",pareamento_unico_por_nome_uf
73172,NOVO JARDIM,TO,novo jardim,1715259,Novo Jardim,"UF + nome normalizado (caixa, acentos e espaços)",pareamento_unico_por_nome_uf
73180,SÃO MIGUEL DO TOCANTINS,TO,sao miguel do tocantins,1720200,São Miguel do Tocantins,"UF + nome normalizado (caixa, acentos e espaços)",pareamento_unico_por_nome_uf
73199,TABOCÃO,TO,tabocao,1708254,Tabocão,"UF + nome normalizado (caixa, acentos e espaços)",pareamento_unico_por_nome_uf
73202,ITAPIRATINS,TO,itapiratins,1710904,Itapiratins,"UF + nome normalizado (caixa, acentos e espaços)",pareamento_unico_por_nome_uf
73210,CENTENÁRIO,TO,centenario,1704105,Centenário,"UF + nome normalizado (caixa, acentos e espaços)",pareamento_unico_por_nome_uf
73229,RECURSOLÂNDIA,TO,recursolandia,1718501,Recursolândia,"UF + nome normalizado (caixa, acentos e espaços)",pareamento_unico_por_nome_uf
73237,TUPIRATINS,TO,tupiratins,1721307,Tupiratins,"UF + nome normalizado (caixa, acentos e espaços)",pareamento_unico_por_nome_uf
73245,BRASILÂNDIA DO TOCANTINS,TO,brasilandia do tocantins,1703602,Brasilândia do Tocantins,"UF + nome normalizado (caixa, acentos e espaços)",pareamento_unico_por_nome_uf
73253,JUARINA,TO,juarina,1711803,Juarina,"UF + nome normalizado (caixa, acentos e espaços)",pareamento_unico_por_nome_uf
73261,PAU D ARCO,TO,pau d arco,,,"UF + nome normalizado (caixa, acentos e espaços)",sem_pareamento_exato
73270,MATEIROS,TO,mateiros,1712702,Mateiros,"UF + nome normalizado (caixa, acentos e espaços)",pareamento_unico_por_nome_uf
73288,SÃO BENTO DO TOCANTINS,TO,sao bento do tocantins,1720101,São Bento do Tocantins,"UF + nome normalizado (caixa, acentos e espaços)",pareamento_unico_por_nome_uf
73296,ESPERANTINA,TO,esperantina,1707405,Esperantina,"UF + nome normalizado (caixa, acentos e espaços)",pareamento_unico_por_nome_uf
73300,CARIRI DO TOCANTINS,TO,cariri do tocantins,1703867,Cariri do Tocantins,"UF + nome normalizado (caixa, acentos e espaços)",pareamento_unico_por_nome_uf
73318,ARAGUANÃ,TO,araguana,1702158,Araguanã,"UF + nome normalizado (caixa, acentos e espaços)",pareamento_unico_por_nome_uf
73326,CARMOLÂNDIA,TO,carmolandia,1703883,Carmolândia,"UF + nome normalizado (caixa, acentos e espaços)",pareamento_unico_por_nome_uf
73334,ARAGOMINAS,TO,aragominas,1701309,Aragominas,"UF + nome normalizado (caixa, acentos e espaços)",pareamento_unico_por_nome_uf
73342,MURICILÂNDIA,TO,muricilandia,1713957,Muricilândia,"UF + nome normalizado (caixa, acentos e espaços)",pareamento_unico_por_nome_uf
73350,SANTA FÉ DO ARAGUAIA,TO,santa fe do araguaia,1718865,Santa Fé do Araguaia,"UF + nome normalizado (caixa, acentos e espaços)",pareamento_unico_por_nome_uf
73369,JAÚ DO TOCANTINS,TO,jau do tocantins,1711506,Jaú do Tocantins,"UF + nome normalizado (caixa, acentos e espaços)",pareamento_unico_por_nome_uf
73377,SUCUPIRA,TO,sucupira,1720853,Sucupira,"UF + nome normalizado (caixa, acentos e espaços)",pareamento_unico_por_nome_uf
73385,LAGOA DA CONFUSÃO,TO,lagoa da confusao,1711902,Lagoa da Confusão,"UF + nome normalizado (caixa, acentos e espaços)",pareamento_unico_por_nome_uf
73393,SÃO SALVADOR DO TOCANTINS,TO,sao salvador do tocantins,1720259,São Salvador do Tocantins,"UF + nome normalizado (caixa, acentos e espaços)",pareamento_unico_por_nome_uf
73407,LAJEADO,TO,lajeado,1712009,Lajeado,"UF + nome normalizado (caixa, acentos e espaços)",pareamento_unico_por_nome_uf
73415,RIO DOS BOIS,TO,rio dos bois,1718709,Rio dos Bois,"UF + nome normalizado (caixa, acentos e espaços)",pareamento_unico_por_nome_uf
73423,CARRASCO BONITO,TO,carrasco bonito,1703891,Carrasco Bonito,"UF + nome normalizado (caixa, acentos e espaços)",pareamento_unico_por_nome_uf
73431,RIO DA CONCEIÇÃO,TO,rio da conceicao,1718659,Rio da Conceição,"UF + nome normalizado (caixa, acentos e espaços)",pareamento_unico_por_nome_uf
73440,PALMAS,TO,palmas,1721000,Palmas,"UF + nome normalizado (caixa, acentos e espaços)",pareamento_unico_por_nome_uf
73458,TUPIRAMA,TO,tupirama,1721257,Tupirama,"UF + nome normalizado (caixa, acentos e espaços)",pareamento_unico_por_nome_uf
73466,OLIVEIRA DE FÁTIMA,TO,oliveira de fatima,1715507,Oliveira de Fátima,"UF + nome normalizado (caixa, acentos e espaços)",pareamento_unico_por_nome_uf
73474,CHAPADA DE AREIA,TO,chapada de areia,1704600,Chapada de Areia,"UF + nome normalizado (caixa, acentos e espaços)",pareamento_unico_por_nome_uf
73482,CHAPADA DA NATIVIDADE,TO,chapada da natividade,1705102,Chapada da Natividade,"UF + nome normalizado (caixa, acentos e espaços)",pareamento_unico_por_nome_uf
73504,TALISMÃ,TO,talisma,1720978,Talismã,"UF + nome normalizado (caixa, acentos e espaços)",pareamento_unico_por_nome_uf
73512,AGUIARNÓPOLIS,TO,aguiarnopolis,1700301,Aguiarnópolis,"UF + nome normalizado (caixa, acentos e espaços)",pareamento_unico_por_nome_uf
73520,LUZINÓPOLIS,TO,luzinopolis,1712454,Luzinópolis,"UF + nome normalizado (caixa, acentos e espaços)",pareamento_unico_por_nome_uf
73539,SANTA TEREZINHA DO TOCANTINS,TO,santa terezinha do tocantins,1720002,Santa Terezinha do Tocantins,"UF + nome normalizado (caixa, acentos e espaços)",pareamento_unico_por_nome_uf
73547,SANTA RITA DO TOCANTINS,TO,santa rita do tocantins,1718899,Santa Rita do Tocantins,"UF + nome normalizado (caixa, acentos e espaços)",pareamento_unico_por_nome_uf
73555,CRIXÁS DO TOCANTINS,TO,crixas do tocantins,1706258,Crixás do Tocantins,"UF + nome normalizado (caixa, acentos e espaços)",pareamento_unico_por_nome_uf
73563,MONTE SANTO DO TOCANTINS,TO,monte santo do tocantins,1713700,Monte Santo do Tocantins,"UF + nome normalizado (caixa, acentos e espaços)",pareamento_unico_por_nome_uf
73571,PUGMIL,TO,pugmil,1718451,Pugmil,"UF + nome normalizado (caixa, acentos e espaços)",pareamento_unico_por_nome_uf
73580,BANDEIRANTES DO TOCANTINS,TO,bandeirantes do tocantins,1703057,Bandeirantes do Tocantins,"UF + nome normalizado (caixa, acentos e espaços)",pareamento_unico_por_nome_uf
73598,IPUEIRAS,TO,ipueiras,1709807,Ipueiras,"UF + nome normalizado (caixa, acentos e espaços)",pareamento_unico_por_nome_uf
73601,LAVANDEIRA,TO,lavandeira,1712157,Lavandeira,"UF + nome normalizado (caixa, acentos e espaços)",pareamento_unico_por_nome_uf
73610,BARRA DO OURO,TO,barra do ouro,1703073,Barra do Ouro,"UF + nome normalizado (caixa, acentos e espaços)",pareamento_unico_por_nome_uf
92002,BERNARDO SAYÃO,TO,bernardo sayao,1703206,Bernardo Sayão,"UF + nome normalizado (caixa, acentos e espaços)",pareamento_unico_por_nome_uf
92045,BURITI DO TOCANTINS,TO,buriti do tocantins,1703800,Buriti do Tocantins,"UF + nome normalizado (caixa, acentos e espaços)",pareamento_unico_por_nome_uf
92070,ALMAS,TO,almas,1700400,Almas,"UF + nome normalizado (caixa, acentos e espaços)",pareamento_unico_por_nome_uf
92088,CASEARA,TO,caseara,1703909,Caseara,"UF + nome normalizado (caixa, acentos e espaços)",pareamento_unico_por_nome_uf
92134,ALVORADA,TO,alvorada,1700707,Alvorada,"UF + nome normalizado (caixa, acentos e espaços)",pareamento_unico_por_nome_uf
92142,COMBINADO,TO,combinado,1705557,Combinado,"UF + nome normalizado (caixa, acentos e espaços)",pareamento_unico_por_nome_uf
92185,DIVINÓPOLIS DO TOCANTINS,TO,divinopolis do tocantins,1707108,Divinópolis do Tocantins,"UF + nome normalizado (caixa, acentos e espaços)",pareamento_unico_por_nome_uf
92193,ANANÁS,TO,ananas,1701002,Ananás,"UF + nome normalizado (caixa, acentos e espaços)",pareamento_unico_por_nome_uf
92240,GOIANORTE,TO,goianorte,1708304,Goianorte,"UF + nome normalizado (caixa, acentos e espaços)",pareamento_unico_por_nome_uf
92304,MARIANÓPOLIS DO TOCANTINS,TO,marianopolis do tocantins,1712504,Marianópolis do Tocantins,"UF + nome normalizado (caixa, acentos e espaços)",pareamento_unico_por_nome_uf
92371,ARAGUACEMA,TO,araguacema,1701903,Araguacema,"UF + nome normalizado (caixa, acentos e espaços)",pareamento_unico_por_nome_uf
92398,ARAGUAÇU,TO,araguacu,1702000,Araguaçu,"UF + nome normalizado (caixa, acentos e espaços)",pareamento_unico_por_nome_uf
92401,NOVA ROSALÂNDIA,TO,nova rosalandia,1715002,Nova Rosalândia,"UF + nome normalizado (caixa, acentos e espaços)",pareamento_unico_por_nome_uf
92410,ARAGUAÍNA,TO,araguaina,1702109,Araguaína,"UF + nome normalizado (caixa, acentos e espaços)",pareamento_unico_por_nome_uf
92436,ARAGUATINS,TO,araguatins,1702208,Araguatins,"UF + nome normalizado (caixa, acentos e espaços)",pareamento_unico_por_nome_uf
92452,ARAPOEMA,TO,arapoema,1702307,Arapoema,"UF + nome normalizado (caixa, acentos e espaços)",pareamento_unico_por_nome_uf
92479,ARRAIAS,TO,arraias,1702406,Arraias,"UF + nome normalizado (caixa, acentos e espaços)",pareamento_unico_por_nome_uf
92487,PEQUIZEIRO,TO,pequizeiro,1716653,Pequizeiro,"UF + nome normalizado (caixa, acentos e espaços)",pareamento_unico_por_nome_uf
92509,PORTO ALEGRE DO TOCANTINS,TO,porto alegre do tocantins,1718006,Porto Alegre do Tocantins,"UF + nome normalizado (caixa, acentos e espaços)",pareamento_unico_por_nome_uf
92525,PRAIA NORTE,TO,praia norte,1718303,Praia Norte,"UF + nome normalizado (caixa, acentos e espaços)",pareamento_unico_por_nome_uf
92533,AURORA DO TOCANTINS,TO,aurora do tocantins,1702703,Aurora do Tocantins,"UF + nome normalizado (caixa, acentos e espaços)",pareamento_unico_por_nome_uf
92541,SAMPAIO,TO,sampaio,1718808,Sampaio,"UF + nome normalizado (caixa, acentos e espaços)",pareamento_unico_por_nome_uf
92576,AXIXÁ DO TOCANTINS,TO,axixa do tocantins,1702901,Axixá do Tocantins,"UF + nome normalizado (caixa, acentos e espaços)",pareamento_unico_por_nome_uf
92584,SANTA ROSA DO TOCANTINS,TO,santa rosa do tocantins,1718907,Santa Rosa do Tocantins,"UF + nome normalizado (caixa, acentos e espaços)",pareamento_unico_por_nome_uf
92592,BABAÇULÂNDIA,TO,babaculandia,1703008,Babaçulândia,"UF + nome normalizado (caixa, acentos e espaços)",pareamento_unico_por_nome_uf
92606,SANTA TEREZA DO TOCANTINS,TO,santa tereza do tocantins,1719004,Santa Tereza do Tocantins,"UF + nome normalizado (caixa, acentos e espaços)",pareamento_unico_por_nome_uf
92681,SÃO VALÉRIO,TO,sao valerio,1720499,São Valério,"UF + nome normalizado (caixa, acentos e espaços)",pareamento_unico_por_nome_uf
92738,BREJINHO DE NAZARÉ,TO,brejinho de nazare,1703701,Brejinho de Nazaré,"UF + nome normalizado (caixa, acentos e espaços)",pareamento_unico_por_nome_uf
93114,COLINAS DO TOCANTINS,TO,colinas do tocantins,1705508,Colinas do Tocantins,"UF + nome normalizado (caixa, acentos e espaços)",pareamento_unico_por_nome_uf
93130,CONCEIÇÃO DO TOCANTINS,TO,conceicao do tocantins,1705607,Conceição do Tocantins,"UF + nome normalizado (caixa, acentos e espaços)",pareamento_unico_por_nome_uf
93211,COUTO MAGALHÃES,TO,couto magalhaes,1706001,Couto Magalhães,"UF + nome normalizado (caixa, acentos e espaços)",pareamento_unico_por_nome_uf
93238,CRISTALÂNDIA,TO,cristalandia,1706100,Cristalândia,"UF + nome normalizado (caixa, acentos e espaços)",pareamento_unico_por_nome_uf
93416,DIANÓPOLIS,TO,dianopolis,1707009,Dianópolis,"UF + nome normalizado (caixa, acentos e espaços)",pareamento_unico_por_nome_uf
93459,DOIS IRMÃOS DO TOCANTINS,TO,dois irmaos do tocantins,1707207,Dois Irmãos do Tocantins,"UF + nome normalizado (caixa, acentos e espaços)",pareamento_unico_por_nome_uf
93475,DUERÉ,TO,duere,1707306,Dueré,"UF + nome normalizado (caixa, acentos e espaços)",pareamento_unico_por_nome_uf
93556,FILADÉLFIA,TO,filadelfia,1707702,Filadélfia,"UF + nome normalizado (caixa, acentos e espaços)",pareamento_unico_por_nome_uf
93653,FORMOSO DO ARAGUAIA,TO,formoso do araguaia,1708205,Formoso do Araguaia,"UF + nome normalizado (caixa, acentos e espaços)",pareamento_unico_por_nome_uf
93858,GURUPI,TO,gurupi,1709500,Gurupi,"UF + nome normalizado (caixa, acentos e espaços)",pareamento_unico_por_nome_uf
94056,ITACAJÁ,TO,itacaja,1710508,Itacajá,"UF + nome normalizado (caixa, acentos e espaços)",pareamento_unico_por_nome_uf
94099,ITAGUATINS,TO,itaguatins,1710706,Itaguatins,"UF + nome normalizado (caixa, acentos e espaços)",pareamento_unico_por_nome_uf
94170,ITAPORÃ DO TOCANTINS,TO,itapora do tocantins,1711100,Itaporã do Tocantins,"UF + nome normalizado (caixa, acentos e espaços)",pareamento_unico_por_nome_uf
94617,MIRACEMA DO TOCANTINS,TO,miracema do tocantins,1713205,Miracema do Tocantins,"UF + nome normalizado (caixa, acentos e espaços)",pareamento_unico_por_nome_uf
94633,MIRANORTE,TO,miranorte,1713304,Miranorte,"UF + nome normalizado (caixa, acentos e espaços)",pareamento_unico_por_nome_uf
94692,MONTE DO CARMO,TO,monte do carmo,1713601,Monte do Carmo,"UF + nome normalizado (caixa, acentos e espaços)",pareamento_unico_por_nome_uf
94811,NATIVIDADE,TO,natividade,1714203,Natividade,"UF + nome normalizado (caixa, acentos e espaços)",pareamento_unico_por_nome_uf
94838,NAZARÉ,TO,nazare,1714302,Nazaré,"UF + nome normalizado (caixa, acentos e espaços)",pareamento_unico_por_nome_uf
94994,NOVO ACORDO,TO,novo acordo,1715101,Novo Acordo,"UF + nome normalizado (caixa, acentos e espaços)",pareamento_unico_por_nome_uf
95192,PARAÍSO DO TOCANTINS,TO,paraiso do tocantins,1716109,Paraíso do Tocantins,"UF + nome normalizado (caixa, acentos e espaços)",pareamento_unico_por_nome_uf
95214,PARANÃ,TO,parana,1716208,Paranã,"UF + nome normalizado (caixa, acentos e espaços)",pareamento_unico_por_nome_uf
95257,PEDRO AFONSO,TO,pedro afonso,1716505,Pedro Afonso,"UF + nome normalizado (caixa, acentos e espaços)",pareamento_unico_por_nome_uf
95273,PEIXE,TO,peixe,1716604,Peixe,"UF + nome normalizado (caixa, acentos e espaços)",pareamento_unico_por_nome_uf
95290,COLMÉIA,TO,colmeia,1716703,Colméia,"UF + nome normalizado (caixa, acentos e espaços)",pareamento_unico_por_nome_uf
95338,GOIATINS,TO,goiatins,1709005,Goiatins,"UF + nome normalizado (caixa, acentos e espaços)",pareamento_unico_por_nome_uf
95370,PINDORAMA DO TOCANTINS,TO,pindorama do tocantins,1717008,Pindorama do Tocantins,"UF + nome normalizado (caixa, acentos e espaços)",pareamento_unico_por_nome_uf
95478,PIUM,TO,pium,1717503,Pium,"UF + nome normalizado (caixa, acentos e espaços)",pareamento_unico_por_nome_uf
95516,PONTE ALTA DO BOM JESUS,TO,ponte alta do bom jesus,1717800,Ponte Alta do Bom Jesus,"UF + nome normalizado (caixa, acentos e espaços)",pareamento_unico_por_nome_uf
95532,PONTE ALTA DO TOCANTINS,TO,ponte alta do tocantins,1717909,Ponte Alta do Tocantins,"UF + nome normalizado (caixa, acentos e espaços)",pareamento_unico_por_nome_uf
95591,PORTO NACIONAL,TO,porto nacional,1718204,Porto Nacional,"UF + nome normalizado (caixa, acentos e espaços)",pareamento_unico_por_nome_uf
95699,LIZARDA,TO,lizarda,1712405,Lizarda,"UF + nome normalizado (caixa, acentos e espaços)",pareamento_unico_por_nome_uf
96032,SÃO SEBASTIÃO DO TOCANTINS,TO,sao sebastiao do tocantins,1720309,São Sebastião do Tocantins,"UF + nome normalizado (caixa, acentos e espaços)",pareamento_unico_por_nome_uf
96130,SÍTIO NOVO DO TOCANTINS,TO,sitio novo do tocantins,1720804,Sítio Novo do Tocantins,"UF + nome normalizado (caixa, acentos e espaços)",pareamento_unico_por_nome_uf
96156,TAGUATINGA,TO,taguatinga,1720903,Taguatinga,"UF + nome normalizado (caixa, acentos e espaços)",pareamento_unico_por_nome_uf
96199,TOCANTÍNIA,TO,tocantinia,1721109,Tocantínia,"UF + nome normalizado (caixa, acentos e espaços)",pareamento_unico_por_nome_uf
96210,TOCANTINÓPOLIS,TO,tocantinopolis,1721208,Tocantinópolis,"UF + nome normalizado (caixa, acentos e espaços)",pareamento_unico_por_nome_uf
96270,GUARAÍ,TO,guarai,1709302,Guaraí,"UF + nome normalizado (caixa, acentos e espaços)",pareamento_unico_por_nome_uf
96296,PRESIDENTE KENNEDY,TO,presidente kennedy,1718402,Presidente Kennedy,"UF + nome normalizado (caixa, acentos e espaços)",pareamento_unico_por_nome_uf
96431,XAMBIOÁ,TO,xambioa,1722107,Xambioá,"UF + nome normalizado (caixa, acentos e espaços)",pareamento_unico_por_nome_uf
96490,PALMEIRÓPOLIS,TO,palmeiropolis,1715754,Palmeirópolis,"UF + nome normalizado (caixa, acentos e espaços)",pareamento_unico_por_nome_uf
96598,SILVANÓPOLIS,TO,silvanopolis,1720655,Silvanópolis,"UF + nome normalizado (caixa, acentos e espaços)",pareamento_unico_por_nome_uf
96636,NOVA OLINDA,TO,nova olinda,1714880,Nova Olinda,"UF + nome normalizado (caixa, acentos e espaços)",pareamento_unico_por_nome_uf
96652,WANDERLÂNDIA,TO,wanderlandia,1722081,Wanderlândia,"UF + nome normalizado (caixa, acentos e espaços)",pareamento_unico_por_nome_uf
96679,FIGUEIRÓPOLIS,TO,figueiropolis,1707652,Figueirópolis,"UF + nome normalizado (caixa, acentos e espaços)",pareamento_unico_por_nome_uf
96792,RIO SONO,TO,rio sono,1718758,Rio Sono,"UF + nome normalizado (caixa, acentos e espaços)",pareamento_unico_por_nome_uf
96830,FÁTIMA,TO,fatima,1707553,Fátima,"UF + nome normalizado (caixa, acentos e espaços)",pareamento_unico_por_nome_uf
96857,AUGUSTINÓPOLIS,TO,augustinopolis,1702554,Augustinópolis,"UF + nome normalizado (caixa, acentos e espaços)",pareamento_unico_por_nome_uf
96954,ALIANÇA DO TOCANTINS,TO,alianca do tocantins,1700350,Aliança do Tocantins,"UF + nome normalizado (caixa, acentos e espaços)",pareamento_unico_por_nome_uf
96970,APARECIDA DO RIO NEGRO,TO,aparecida do rio negro,1701101,Aparecida do Rio Negro,"UF + nome normalizado (caixa, acentos e espaços)",pareamento_unico_por_nome_uf
96997,BARROLÂNDIA,TO,barrolandia,1703107,Barrolândia,"UF + nome normalizado (caixa, acentos e espaços)",pareamento_unico_por_nome_uf
29173,KATMANDU,ZZ,katmandu,,,fora do escopo geográfico brasileiro,fora_escopo_uf_zz
29254,ABIDJÃ,ZZ,abidja,,,fora do escopo geográfico brasileiro,fora_escopo_uf_zz
29262,ABU DHABI,ZZ,abu dhabi,,,fora do escopo geográfico brasileiro,fora_escopo_uf_zz
29270,ACCRA,ZZ,accra,,,fora do escopo geográfico brasileiro,fora_escopo_uf_zz
29289,AMÃ,ZZ,ama,,,fora do escopo geográfico brasileiro,fora_escopo_uf_zz
29297,ANCARA,ZZ,ancara,,,fora do escopo geográfico brasileiro,fora_escopo_uf_zz
29300,ARGEL,ZZ,argel,,,fora do escopo geográfico brasileiro,fora_escopo_uf_zz
29319,ARTIGAS,ZZ,artigas,,,fora do escopo geográfico brasileiro,fora_escopo_uf_zz
29327,ASSUNÇÃO,ZZ,assuncao,,,fora do escopo geográfico brasileiro,fora_escopo_uf_zz
29335,ATENAS,ZZ,atenas,,,fora do escopo geográfico brasileiro,fora_escopo_uf_zz
29343,BANGKOK,ZZ,bangkok,,,fora do escopo geográfico brasileiro,fora_escopo_uf_zz
29351,BARCELONA,ZZ,barcelona,,,fora do escopo geográfico brasileiro,fora_escopo_uf_zz
29360,BEIRUTE,ZZ,beirute,,,fora do escopo geográfico brasileiro,fora_escopo_uf_zz
29378,BELGRADO,ZZ,belgrado,,,fora do escopo geográfico brasileiro,fora_escopo_uf_zz
29386,BERLIM,ZZ,berlim,,,fora do escopo geográfico brasileiro,fora_escopo_uf_zz
29394,BISSAU,ZZ,bissau,,,fora do escopo geográfico brasileiro,fora_escopo_uf_zz
29408,BOGOTÁ,ZZ,bogota,,,fora do escopo geográfico brasileiro,fora_escopo_uf_zz
29416,BOSTON,ZZ,boston,,,fora do escopo geográfico brasileiro,fora_escopo_uf_zz
29424,BRIDGETOWN,ZZ,bridgetown,,,fora do escopo geográfico brasileiro,fora_escopo_uf_zz
29432,BRUXELAS,ZZ,bruxelas,,,fora do escopo geográfico brasileiro,fora_escopo_uf_zz
29440,BUCARESTE,ZZ,bucareste,,,fora do escopo geográfico brasileiro,fora_escopo_uf_zz
29459,BUDAPESTE,ZZ,budapeste,,,fora do escopo geográfico brasileiro,fora_escopo_uf_zz
29467,BUENOS AIRES,ZZ,buenos aires,,,fora do escopo geográfico brasileiro,fora_escopo_uf_zz
29475,CAIENA,ZZ,caiena,,,fora do escopo geográfico brasileiro,fora_escopo_uf_zz
29483,CAIRO,ZZ,cairo,,,fora do escopo geográfico brasileiro,fora_escopo_uf_zz
29491,CAMBERRA,ZZ,camberra,,,fora do escopo geográfico brasileiro,fora_escopo_uf_zz
29505,CARACAS,ZZ,caracas,,,fora do escopo geográfico brasileiro,fora_escopo_uf_zz
29513,CHICAGO,ZZ,chicago,,,fora do escopo geográfico brasileiro,fora_escopo_uf_zz
29521,CHUY,ZZ,chuy,,,fora do escopo geográfico brasileiro,fora_escopo_uf_zz
29530,CIDADE DO CABO,ZZ,cidade do cabo,,,fora do escopo geográfico brasileiro,fora_escopo_uf_zz
29548,SINGAPURA,ZZ,singapura,,,fora do escopo geográfico brasileiro,fora_escopo_uf_zz
29556,CIUDAD DEL ESTE,ZZ,ciudad del este,,,fora do escopo geográfico brasileiro,fora_escopo_uf_zz
29564,CIUDAD GUAYANA,ZZ,ciudad guayana,,,fora do escopo geográfico brasileiro,fora_escopo_uf_zz
29572,COCHABAMBA,ZZ,cochabamba,,,fora do escopo geográfico brasileiro,fora_escopo_uf_zz
29580,CONCEPCIÓN,ZZ,concepcion,,,fora do escopo geográfico brasileiro,fora_escopo_uf_zz
29599,COPENHAGUE,ZZ,copenhague,,,fora do escopo geográfico brasileiro,fora_escopo_uf_zz
29602,CÓRDOBA,ZZ,cordoba,,,fora do escopo geográfico brasileiro,fora_escopo_uf_zz
29610,DACAR,ZZ,dacar,,,fora do escopo geográfico brasileiro,fora_escopo_uf_zz
29637,DAMASCO,ZZ,damasco,,,fora do escopo geográfico brasileiro,fora_escopo_uf_zz
29645,DÍLI,ZZ,dili,,,fora do escopo geográfico brasileiro,fora_escopo_uf_zz
29653,DOHA,ZZ,doha,,,fora do escopo geográfico brasileiro,fora_escopo_uf_zz
29661,DUBLIN,ZZ,dublin,,,fora do escopo geográfico brasileiro,fora_escopo_uf_zz
29670,ENCARNACIÓN,ZZ,encarnacion,,,fora do escopo geográfico brasileiro,fora_escopo_uf_zz
29688,ESTOCOLMO,ZZ,estocolmo,,,fora do escopo geográfico brasileiro,fora_escopo_uf_zz
29696,FRANKFURT,ZZ,frankfurt,,,fora do escopo geográfico brasileiro,fora_escopo_uf_zz
29700,GENEBRA,ZZ,genebra,,,fora do escopo geográfico brasileiro,fora_escopo_uf_zz
29718,GEORGETOWN,ZZ,georgetown,,,fora do escopo geográfico brasileiro,fora_escopo_uf_zz
29742,HAMAMATSU,ZZ,hamamatsu,,,fora do escopo geográfico brasileiro,fora_escopo_uf_zz
29750,HANÓI,ZZ,hanoi,,,fora do escopo geográfico brasileiro,fora_escopo_uf_zz
29769,HARARE,ZZ,harare,,,fora do escopo geográfico brasileiro,fora_escopo_uf_zz
29777,HAVANA,ZZ,havana,,,fora do escopo geográfico brasileiro,fora_escopo_uf_zz
29785,HELSINQUE,ZZ,helsinque,,,fora do escopo geográfico brasileiro,fora_escopo_uf_zz
29793,HONG KONG,ZZ,hong kong,,,fora do escopo geográfico brasileiro,fora_escopo_uf_zz
29807,HOUSTON,ZZ,houston,,,fora do escopo geográfico brasileiro,fora_escopo_uf_zz
29815,IAUNDÊ,ZZ,iaunde,,,fora do escopo geográfico brasileiro,fora_escopo_uf_zz
29823,IQUITOS,ZZ,iquitos,,,fora do escopo geográfico brasileiro,fora_escopo_uf_zz
29831,ISLAMABADE,ZZ,islamabade,,,fora do escopo geográfico brasileiro,fora_escopo_uf_zz
29840,JACARTA,ZZ,jacarta,,,fora do escopo geográfico brasileiro,fora_escopo_uf_zz
29858,KIEV,ZZ,kiev,,,fora do escopo geográfico brasileiro,fora_escopo_uf_zz
29874,KINSHASA,ZZ,kinshasa,,,fora do escopo geográfico brasileiro,fora_escopo_uf_zz
29882,KUAITE,ZZ,kuaite,,,fora do escopo geográfico brasileiro,fora_escopo_uf_zz
29890,KUALA LUMPUR,ZZ,kuala lumpur,,,fora do escopo geográfico brasileiro,fora_escopo_uf_zz
29904,LA PAZ,ZZ,la paz,,,fora do escopo geográfico brasileiro,fora_escopo_uf_zz
29912,LAGOS,ZZ,lagos,,,fora do escopo geográfico brasileiro,fora_escopo_uf_zz
29939,LIBREVILLE,ZZ,libreville,,,fora do escopo geográfico brasileiro,fora_escopo_uf_zz
29947,LIMA,ZZ,lima,,,fora do escopo geográfico brasileiro,fora_escopo_uf_zz
29955,LISBOA,ZZ,lisboa,,,fora do escopo geográfico brasileiro,fora_escopo_uf_zz
29963,LOMÉ,ZZ,lome,,,fora do escopo geográfico brasileiro,fora_escopo_uf_zz
29971,LONDRES,ZZ,londres,,,fora do escopo geográfico brasileiro,fora_escopo_uf_zz
29980,LOS ANGELES,ZZ,los angeles,,,fora do escopo geográfico brasileiro,fora_escopo_uf_zz
29998,LUANDA,ZZ,luanda,,,fora do escopo geográfico brasileiro,fora_escopo_uf_zz
30066,MADRI,ZZ,madri,,,fora do escopo geográfico brasileiro,fora_escopo_uf_zz
30074,MANÁGUA,ZZ,managua,,,fora do escopo geográfico brasileiro,fora_escopo_uf_zz
30082,MANILA,ZZ,manila,,,fora do escopo geográfico brasileiro,fora_escopo_uf_zz
30090,MAPUTO,ZZ,maputo,,,fora do escopo geográfico brasileiro,fora_escopo_uf_zz
30104,MEXICO,ZZ,mexico,,,fora do escopo geográfico brasileiro,fora_escopo_uf_zz
30112,MIAMI,ZZ,miami,,,fora do escopo geográfico brasileiro,fora_escopo_uf_zz
30120,MILÃO,ZZ,milao,,,fora do escopo geográfico brasileiro,fora_escopo_uf_zz
30147,MONTEVIDÉU,ZZ,montevideu,,,fora do escopo geográfico brasileiro,fora_escopo_uf_zz
30155,MONTREAL,ZZ,montreal,,,fora do escopo geográfico brasileiro,fora_escopo_uf_zz
30163,MOSCOU,ZZ,moscou,,,fora do escopo geográfico brasileiro,fora_escopo_uf_zz
30171,MUMBAI,ZZ,mumbai,,,fora do escopo geográfico brasileiro,fora_escopo_uf_zz
30180,MUNIQUE,ZZ,munique,,,fora do escopo geográfico brasileiro,fora_escopo_uf_zz
30198,NAGÓIA,ZZ,nagoia,,,fora do escopo geográfico brasileiro,fora_escopo_uf_zz
30201,NAIRÓBI,ZZ,nairobi,,,fora do escopo geográfico brasileiro,fora_escopo_uf_zz
30210,NOVA DELHI,ZZ,nova delhi,,,fora do escopo geográfico brasileiro,fora_escopo_uf_zz
30228,NOVA YORK,ZZ,nova york,,,fora do escopo geográfico brasileiro,fora_escopo_uf_zz
30244,OSLO,ZZ,oslo,,,fora do escopo geográfico brasileiro,fora_escopo_uf_zz
30252,OTTAWA,ZZ,ottawa,,,fora do escopo geográfico brasileiro,fora_escopo_uf_zz
30260,PANAMA,ZZ,panama,,,fora do escopo geográfico brasileiro,fora_escopo_uf_zz
30279,PARAMARIBO,ZZ,paramaribo,,,fora do escopo geográfico brasileiro,fora_escopo_uf_zz
30287,PARIS,ZZ,paris,,,fora do escopo geográfico brasileiro,fora_escopo_uf_zz
30295,PASO LOS LIBRES,ZZ,paso los libres,,,fora do escopo geográfico brasileiro,fora_escopo_uf_zz
30309,PEDRO JUAN CABALLERO,ZZ,pedro juan caballero,,,fora do escopo geográfico brasileiro,fora_escopo_uf_zz
30317,PEQUIM,ZZ,pequim,,,fora do escopo geográfico brasileiro,fora_escopo_uf_zz
30325,PORT OF SPAIN,ZZ,port of spain,,,fora do escopo geográfico brasileiro,fora_escopo_uf_zz
30333,PORTO PRÍNCIPE,ZZ,porto principe,,,fora do escopo geográfico brasileiro,fora_escopo_uf_zz
30341,PORTO,ZZ,porto,,,fora do escopo geográfico brasileiro,fora_escopo_uf_zz
30350,PRAGA,ZZ,praga,,,fora do escopo geográfico brasileiro,fora_escopo_uf_zz
30368,PRAIA,ZZ,praia,,,fora do escopo geográfico brasileiro,fora_escopo_uf_zz
30376,PRETÓRIA,ZZ,pretoria,,,fora do escopo geográfico brasileiro,fora_escopo_uf_zz
30392,QUITO,ZZ,quito,,,fora do escopo geográfico brasileiro,fora_escopo_uf_zz
30406,RABAT,ZZ,rabat,,,fora do escopo geográfico brasileiro,fora_escopo_uf_zz
30414,RAMALLAH,ZZ,ramallah,,,fora do escopo geográfico brasileiro,fora_escopo_uf_zz
30422,RIADE,ZZ,riade,,,fora do escopo geográfico brasileiro,fora_escopo_uf_zz
30430,RIO BRANCO,ZZ,rio branco,,,fora do escopo geográfico brasileiro,fora_escopo_uf_zz
30449,ROMA,ZZ,roma,,,fora do escopo geográfico brasileiro,fora_escopo_uf_zz
30457,AMSTERDÃ,ZZ,amsterda,,,fora do escopo geográfico brasileiro,fora_escopo_uf_zz
30465,SALTO DEL GUAIRÁ,ZZ,salto del guaira,,,fora do escopo geográfico brasileiro,fora_escopo_uf_zz
30473,SANTA CRUZ DE LA SIERRA,ZZ,santa cruz de la sierra,,,fora do escopo geográfico brasileiro,fora_escopo_uf_zz
30481,SANTIAGO,ZZ,santiago,,,fora do escopo geográfico brasileiro,fora_escopo_uf_zz
30490,SÃO DOMINGOS,ZZ,sao domingos,,,fora do escopo geográfico brasileiro,fora_escopo_uf_zz
30503,SÃO FRANCISCO,ZZ,sao francisco,,,fora do escopo geográfico brasileiro,fora_escopo_uf_zz
30511,SÃO JOSÉ,ZZ,sao jose,,,fora do escopo geográfico brasileiro,fora_escopo_uf_zz
30520,SÃO SALVADOR,ZZ,sao salvador,,,fora do escopo geográfico brasileiro,fora_escopo_uf_zz
30538,SEUL,ZZ,seul,,,fora do escopo geográfico brasileiro,fora_escopo_uf_zz
30546,SÓFIA,ZZ,sofia,,,fora do escopo geográfico brasileiro,fora_escopo_uf_zz
30562,SYDNEY,ZZ,sydney,,,fora do escopo geográfico brasileiro,fora_escopo_uf_zz
30570,TAIPÉ,ZZ,taipe,,,fora do escopo geográfico brasileiro,fora_escopo_uf_zz
30597,TEERÃ,ZZ,teera,,,fora do escopo geográfico brasileiro,fora_escopo_uf_zz
30600,TEGUCIGALPA,ZZ,tegucigalpa,,,fora do escopo geográfico brasileiro,fora_escopo_uf_zz
30619,TEL AVIV,ZZ,tel aviv,,,fora do escopo geográfico brasileiro,fora_escopo_uf_zz
30627,TÓQUIO,ZZ,toquio,,,fora do escopo geográfico brasileiro,fora_escopo_uf_zz
30635,TORONTO,ZZ,toronto,,,fora do escopo geográfico brasileiro,fora_escopo_uf_zz
30651,CANTÃO,ZZ,cantao,,,fora do escopo geográfico brasileiro,fora_escopo_uf_zz
30669,GABORONE,ZZ,gaborone,,,fora do escopo geográfico brasileiro,fora_escopo_uf_zz
30686,TRÍPOLI,ZZ,tripoli,,,fora do escopo geográfico brasileiro,fora_escopo_uf_zz
30708,TUNIS,ZZ,tunis,,,fora do escopo geográfico brasileiro,fora_escopo_uf_zz
30740,VARSÓVIA,ZZ,varsovia,,,fora do escopo geográfico brasileiro,fora_escopo_uf_zz
30767,VIENA,ZZ,viena,,,fora do escopo geográfico brasileiro,fora_escopo_uf_zz
30783,WASHINGTON,ZZ,washington,,,fora do escopo geográfico brasileiro,fora_escopo_uf_zz
30805,WELLINGTON,ZZ,wellington,,,fora do escopo geográfico brasileiro,fora_escopo_uf_zz
30821,WINDHOEK,ZZ,windhoek,,,fora do escopo geográfico brasileiro,fora_escopo_uf_zz
30848,XANGAI,ZZ,xangai,,,fora do escopo geográfico brasileiro,fora_escopo_uf_zz
30864,ZURIQUE,ZZ,zurique,,,fora do escopo geográfico brasileiro,fora_escopo_uf_zz
30902,HARTFORD,ZZ,hartford,,,fora do escopo geográfico brasileiro,fora_escopo_uf_zz
30929,COLOMBO,ZZ,colombo,,,fora do escopo geográfico brasileiro,fora_escopo_uf_zz
30961,FARO,ZZ,faro,,,fora do escopo geográfico brasileiro,fora_escopo_uf_zz
30988,SARAJEVO,ZZ,sarajevo,,,fora do escopo geográfico brasileiro,fora_escopo_uf_zz
38881,BELMOPAN,ZZ,belmopan,,,fora do escopo geográfico brasileiro,fora_escopo_uf_zz
38903,CONACRI,ZZ,conacri,,,fora do escopo geográfico brasileiro,fora_escopo_uf_zz
38920,COTONOU,ZZ,cotonou,,,fora do escopo geográfico brasileiro,fora_escopo_uf_zz
38962,DAR ES SALAAM,ZZ,dar es salaam,,,fora do escopo geográfico brasileiro,fora_escopo_uf_zz
38989,IEREVAN,ZZ,ierevan,,,fora do escopo geográfico brasileiro,fora_escopo_uf_zz
39004,MENDOZA,ZZ,mendoza,,,fora do escopo geográfico brasileiro,fora_escopo_uf_zz
39020,ZAGREB,ZZ,zagreb,,,fora do escopo geográfico brasileiro,fora_escopo_uf_zz
39063,VANCOUVER,ZZ,vancouver,,,fora do escopo geográfico brasileiro,fora_escopo_uf_zz
39080,ATLANTA,ZZ,atlanta,,,fora do escopo geográfico brasileiro,fora_escopo_uf_zz
39102,MASCATE,ZZ,mascate,,,fora do escopo geográfico brasileiro,fora_escopo_uf_zz
39128,BAKU,ZZ,baku,,,fora do escopo geográfico brasileiro,fora_escopo_uf_zz
39160,LIUBLIANA,ZZ,liubliana,,,fora do escopo geográfico brasileiro,fora_escopo_uf_zz
39187,BRAZZAVILLE,ZZ,brazzaville,,,fora do escopo geográfico brasileiro,fora_escopo_uf_zz
39209,BRATISLAVA,ZZ,bratislava,,,fora do escopo geográfico brasileiro,fora_escopo_uf_zz
39225,SÃO TOMÉ,ZZ,sao tome,,,fora do escopo geográfico brasileiro,fora_escopo_uf_zz
39241,ASTANA,ZZ,astana,,,fora do escopo geográfico brasileiro,fora_escopo_uf_zz
39263,MALABO,ZZ,malabo,,,fora do escopo geográfico brasileiro,fora_escopo_uf_zz
39284,UAGADUGU,ZZ,uagadugu,,,fora do escopo geográfico brasileiro,fora_escopo_uf_zz
39306,ISTAMBUL,ZZ,istambul,,,fora do escopo geográfico brasileiro,fora_escopo_uf_zz
39322,NICOSIA,ZZ,nicosia,,,fora do escopo geográfico brasileiro,fora_escopo_uf_zz
98000,GUATEMALA,ZZ,guatemala,,,fora do escopo geográfico brasileiro,fora_escopo_uf_zz
99104,TBILISI,ZZ,tbilisi,,,fora do escopo geográfico brasileiro,fora_escopo_uf_zz
99139,TIRANA,ZZ,tirana,,,fora do escopo geográfico brasileiro,fora_escopo_uf_zz
99147,SAINT JOHNS,ZZ,saint johns,,,fora do escopo geográfico brasileiro,fora_escopo_uf_zz
99155,PUERTO IGUAZÚ,ZZ,puerto iguazu,,,fora do escopo geográfico brasileiro,fora_escopo_uf_zz
99171,BAGDÁ,ZZ,bagda,,,fora do escopo geográfico brasileiro,fora_escopo_uf_zz
99180,NASSAU,ZZ,nassau,,,fora do escopo geográfico brasileiro,fora_escopo_uf_zz
99198,ABUJA,ZZ,abuja,,,fora do escopo geográfico brasileiro,fora_escopo_uf_zz
99210,COBIJA,ZZ,cobija,,,fora do escopo geográfico brasileiro,fora_escopo_uf_zz
99236,PUERTO QUIJARRO,ZZ,puerto quijarro,,,fora do escopo geográfico brasileiro,fora_escopo_uf_zz
99244,RIVERA,ZZ,rivera,,,fora do escopo geográfico brasileiro,fora_escopo_uf_zz
99252,VATICANO,ZZ,vaticano,,,fora do escopo geográfico brasileiro,fora_escopo_uf_zz
99287,LUSACA,ZZ,lusaca,,,fora do escopo geográfico brasileiro,fora_escopo_uf_zz
99317,TALIN,ZZ,talin,,,fora do escopo geográfico brasileiro,fora_escopo_uf_zz
99325,ADIS ABEBA,ZZ,adis abeba,,,fora do escopo geográfico brasileiro,fora_escopo_uf_zz
99333,ST GEORGES DE LOYAPOCK,ZZ,st georges de loyapock,,,fora do escopo geográfico brasileiro,fora_escopo_uf_zz
99341,LILONGUE,ZZ,lilongue,,,fora do escopo geográfico brasileiro,fora_escopo_uf_zz
99350,BAMAKO,ZZ,bamako,,,fora do escopo geográfico brasileiro,fora_escopo_uf_zz
99376,YANGON,ZZ,yangon,,,fora do escopo geográfico brasileiro,fora_escopo_uf_zz
99384,CASTRIES,ZZ,castries,,,fora do escopo geográfico brasileiro,fora_escopo_uf_zz
99430,KINGSTON-JAMAICA,ZZ,kingston-jamaica,,,fora do escopo geográfico brasileiro,fora_escopo_uf_zz
99473,BAREIN,ZZ,barein,,,fora do escopo geográfico brasileiro,fora_escopo_uf_zz
